040 (17167635.805.000) 06/25 22:25:55 Started transferring input files
	Transferring to host: <188.185.215.176:9618?addrs=188.185.215.176-9618+[2001-1458-303-26--100-2c]-9618&alias=b9p18p7146.cern.ch&noUDP&sock=slot1_2_8396_7dce_25449>
...
040 (17167635.806.000) 06/25 22:25:55 Started transferring input files
	Transferring to host: <188.185.210.95:9618?addrs=188.185.210.95-9618+[2001-1458-303-1--100-5b]-9618&alias=b9p21p1730.cern.ch&noUDP&sock=slot1_18_8387_266e_26038>
...
040 (17167635.804.000) 06/25 22:25:55 Started transferring input files
	Transferring to host: <188.185.209.83:9618?addrs=188.185.209.83-9618+[2001-1458-303-11--100-50]-9618&alias=b9p11p6576.cern.ch&noUDP&sock=slot1_14_3854541_9521_8749>
...
040 (17167635.805.000) 06/25 22:25:55 Finished transferring input files
...
040 (17167635.806.000) 06/25 22:25:55 Finished transferring input files
...
040 (17167635.804.000) 06/25 22:25:55 Finished transferring input files
...
001 (17167635.805.000) 06/25 22:25:56 Job executing on host: <188.185.215.176:9618?addrs=188.185.215.176-9618+[2001-1458-303-26--100-2c]-9618&alias=b9p18p7146.cern.ch&noUDP&sock=startd_8344_de52>
	SlotName: slot1_2@b9p18p7146.cern.ch
	CondorScratchDir = "/pool/condor/dir_3976926"
	Cpus = 3
	Disk = 3687
	GPUs = 0
	Memory = 9000
...
001 (17167635.806.000) 06/25 22:25:56 Job executing on host: <188.185.210.95:9618?addrs=188.185.210.95-9618+[2001-1458-303-1--100-5b]-9618&alias=b9p21p1730.cern.ch&noUDP&sock=startd_8317_5944>
	SlotName: slot1_18@b9p21p1730.cern.ch
	CondorScratchDir = "/pool/condor/dir_3205941"
	Cpus = 3
	Disk = 3669
	GPUs = 0
	Memory = 9000
...
001 (17167635.804.000) 06/25 22:25:56 Job executing on host: <188.185.209.83:9618?addrs=188.185.209.83-9618+[2001-1458-303-11--100-50]-9618&alias=b9p11p6576.cern.ch&noUDP&sock=startd_3854435_63ec>
	SlotName: slot1_14@b9p11p6576.cern.ch
	CondorScratchDir = "/pool/condor/dir_2254745"
	Cpus = 3
	Disk = 3520
	GPUs = 0
	Memory = 9000
...
040 (17167635.813.000) 06/25 22:25:56 Started transferring input files
	Transferring to host: <188.185.211.169:9618?addrs=188.185.211.169-9618+[2001-1458-303-17--100-25]-9618&alias=b9p24p2615.cern.ch&noUDP&sock=slot1_17_7893_151a_25190>
...
040 (17167635.813.000) 06/25 22:25:56 Finished transferring input files
...
040 (17167635.807.000) 06/25 22:25:56 Started transferring input files
	Transferring to host: <188.185.214.161:9618?addrs=188.185.214.161-9618+[2001-1458-303-1d--100-1d]-9618&alias=b9p30p3631.cern.ch&noUDP&sock=slot1_1_3360_2c82_25235>
...
040 (17167635.807.000) 06/25 22:25:56 Finished transferring input files
...
040 (17167635.808.000) 06/25 22:25:56 Started transferring input files
	Transferring to host: <188.185.212.58:9618?addrs=188.185.212.58-9618+[2001-1458-303-18--100-36]-9618&alias=b9p25p3483.cern.ch&noUDP&sock=slot1_13_8673_a9ba_24380>
...
040 (17167635.808.000) 06/25 22:25:56 Finished transferring input files
...
040 (17167635.809.000) 06/25 22:25:56 Started transferring input files
	Transferring to host: <188.185.206.196:9618?addrs=188.185.206.196-9618+[2001-1458-303-c--100-41]-9618&alias=b9p06p3703.cern.ch&noUDP&sock=slot1_10_9304_4273_22549>
...
040 (17167635.809.000) 06/25 22:25:56 Finished transferring input files
...
040 (17167635.812.000) 06/25 22:25:57 Started transferring input files
	Transferring to host: <188.185.211.33:9618?addrs=188.185.211.33-9618+[2001-1458-303-16--100-1d]-9618&alias=b9p23p7111.cern.ch&noUDP&sock=slot1_5_8372_94ce_27946>
...
040 (17167635.812.000) 06/25 22:25:57 Finished transferring input files
...
001 (17167635.813.000) 06/25 22:25:57 Job executing on host: <188.185.211.169:9618?addrs=188.185.211.169-9618+[2001-1458-303-17--100-25]-9618&alias=b9p24p2615.cern.ch&noUDP&sock=startd_7026_d480>
	SlotName: slot1_17@b9p24p2615.cern.ch
	CondorScratchDir = "/pool/condor/dir_1344121"
	Cpus = 3
	Disk = 3615
	GPUs = 0
	Memory = 9000
...
001 (17167635.807.000) 06/25 22:25:57 Job executing on host: <188.185.214.161:9618?addrs=188.185.214.161-9618+[2001-1458-303-1d--100-1d]-9618&alias=b9p30p3631.cern.ch&noUDP&sock=startd_3290_3eac>
	SlotName: slot1_1@b9p30p3631.cern.ch
	CondorScratchDir = "/pool/condor/dir_3789105"
	Cpus = 3
	Disk = 3720
	GPUs = 0
	Memory = 9000
...
040 (17167635.810.000) 06/25 22:25:57 Started transferring input files
	Transferring to host: <188.185.209.95:9618?addrs=188.185.209.95-9618+[2001-1458-303-11--100-5c]-9618&alias=b9p11p9580.cern.ch&noUDP&sock=slot1_16_9067_458a_22209>
...
040 (17167635.810.000) 06/25 22:25:57 Finished transferring input files
...
001 (17167635.808.000) 06/25 22:25:57 Job executing on host: <188.185.212.58:9618?addrs=188.185.212.58-9618+[2001-1458-303-18--100-36]-9618&alias=b9p25p3483.cern.ch&noUDP&sock=startd_8023_b06c>
	SlotName: slot1_13@b9p25p3483.cern.ch
	CondorScratchDir = "/pool/condor/dir_3675758"
	Cpus = 3
	Disk = 3697
	GPUs = 0
	Memory = 9000
...
001 (17167635.809.000) 06/25 22:25:57 Job executing on host: <188.185.206.196:9618?addrs=188.185.206.196-9618+[2001-1458-303-c--100-41]-9618&alias=b9p06p3703.cern.ch&noUDP&sock=startd_9254_0d81>
	SlotName: slot1_10@b9p06p3703.cern.ch
	CondorScratchDir = "/pool/condor/dir_605360"
	Cpus = 3
	Disk = 3459
	GPUs = 0
	Memory = 9000
...
040 (17167635.818.000) 06/25 22:25:58 Started transferring input files
	Transferring to host: <188.185.208.170:9618?addrs=188.185.208.170-9618+[2001-1458-303-10--100-27]-9618&alias=b9p10p0963.cern.ch&noUDP&sock=slot1_12_9181_984e_22870>
...
040 (17167635.818.000) 06/25 22:25:58 Finished transferring input files
...
001 (17167635.812.000) 06/25 22:25:58 Job executing on host: <188.185.211.33:9618?addrs=188.185.211.33-9618+[2001-1458-303-16--100-1d]-9618&alias=b9p23p7111.cern.ch&noUDP&sock=startd_8209_4509>
	SlotName: slot1_5@b9p23p7111.cern.ch
	CondorScratchDir = "/pool/condor/dir_1384842"
	Cpus = 3
	Disk = 3783
	GPUs = 0
	Memory = 9000
...
001 (17167635.810.000) 06/25 22:25:58 Job executing on host: <188.185.209.95:9618?addrs=188.185.209.95-9618+[2001-1458-303-11--100-5c]-9618&alias=b9p11p9580.cern.ch&noUDP&sock=startd_8927_c209>
	SlotName: slot1_16@b9p11p9580.cern.ch
	CondorScratchDir = "/pool/condor/dir_2733360"
	Cpus = 3
	Disk = 3585
	GPUs = 0
	Memory = 9000
...
040 (17167635.814.000) 06/25 22:25:58 Started transferring input files
	Transferring to host: <188.185.214.67:9618?addrs=188.185.214.67-9618+[2001-1458-303-1c--100-3f]-9618&alias=b9p29p3424.cern.ch&noUDP&sock=slot1_1_4185942_9125_7016>
...
040 (17167635.814.000) 06/25 22:25:58 Finished transferring input files
...
040 (17167635.811.000) 06/25 22:25:58 Started transferring input files
	Transferring to host: <188.185.213.70:9618?addrs=188.185.213.70-9618+[2001-1458-303-1a--100-42]-9618&alias=b9p27p1866.cern.ch&noUDP&sock=slot1_1_7249_5380_24426>
...
040 (17167635.811.000) 06/25 22:25:58 Finished transferring input files
...
040 (17167635.795.000) 06/25 22:25:58 Started transferring input files
	Transferring to host: <188.185.210.212:9618?addrs=188.185.210.212-9618+[2001-1458-303-15--100-50]-9618&alias=b9p22p6763.cern.ch&noUDP&sock=slot1_28_8424_3850_25817>
...
040 (17167635.795.000) 06/25 22:25:58 Finished transferring input files
...
040 (17167635.815.000) 06/25 22:25:59 Started transferring input files
	Transferring to host: <188.185.205.213:9618?addrs=188.185.205.213-9618+[2001-1458-303-a--100-52]-9618&alias=b9p04p3841.cern.ch&noUDP&sock=slot1_17_3821391_689d_8668>
...
001 (17167635.818.000) 06/25 22:25:59 Job executing on host: <188.185.208.170:9618?addrs=188.185.208.170-9618+[2001-1458-303-10--100-27]-9618&alias=b9p10p0963.cern.ch&noUDP&sock=startd_9129_502b>
	SlotName: slot1_12@b9p10p0963.cern.ch
	CondorScratchDir = "/pool/condor/dir_2586503"
	Cpus = 3
	Disk = 3662
	GPUs = 0
	Memory = 9000
...
040 (17167635.815.000) 06/25 22:25:59 Finished transferring input files
...
040 (17167635.816.000) 06/25 22:25:59 Started transferring input files
	Transferring to host: <128.142.137.71:9618?addrs=128.142.137.71-9618+[2001-1458-301-5e--100-3b]-9618&alias=b9g19p8217.cern.ch&noUDP&sock=slot1_4_2428950_c20e_44706>
...
040 (17167635.816.000) 06/25 22:25:59 Finished transferring input files
...
040 (17167635.819.000) 06/25 22:25:59 Started transferring input files
	Transferring to host: <128.142.209.4:9618?addrs=128.142.209.4-9618+[2001-1458-301-4--100-4]-9618&alias=b9g41p9802.cern.ch&noUDP&sock=slot1_5_4116228_bf52_9719>
...
040 (17167635.819.000) 06/25 22:25:59 Finished transferring input files
...
040 (17167635.800.000) 06/25 22:25:59 Started transferring input files
	Transferring to host: <188.185.207.139:9618?addrs=188.185.207.139-9618+[2001-1458-303-e--100-8]-9618&alias=b9p08p1203.cern.ch&noUDP&sock=slot1_8_9615_6320_22708>
...
001 (17167635.814.000) 06/25 22:25:59 Job executing on host: <188.185.214.67:9618?addrs=188.185.214.67-9618+[2001-1458-303-1c--100-3f]-9618&alias=b9p29p3424.cern.ch&noUDP&sock=startd_4185669_5d0b>
	SlotName: slot1_1@b9p29p3424.cern.ch
	CondorScratchDir = "/pool/condor/dir_2794330"
	Cpus = 3
	Disk = 3732
	GPUs = 0
	Memory = 9000
...
040 (17167635.800.000) 06/25 22:25:59 Finished transferring input files
...
001 (17167635.811.000) 06/25 22:25:59 Job executing on host: <188.185.213.70:9618?addrs=188.185.213.70-9618+[2001-1458-303-1a--100-42]-9618&alias=b9p27p1866.cern.ch&noUDP&sock=startd_6458_3ab4>
	SlotName: slot1_1@b9p27p1866.cern.ch
	CondorScratchDir = "/pool/condor/dir_3233404"
	Cpus = 3
	Disk = 3785
	GPUs = 0
	Memory = 9000
...
001 (17167635.795.000) 06/25 22:25:59 Job executing on host: <188.185.210.212:9618?addrs=188.185.210.212-9618+[2001-1458-303-15--100-50]-9618&alias=b9p22p6763.cern.ch&noUDP&sock=startd_8368_5498>
	SlotName: slot1_28@b9p22p6763.cern.ch
	CondorScratchDir = "/pool/condor/dir_1896656"
	Cpus = 3
	Disk = 3773
	GPUs = 0
	Memory = 9000
...
001 (17167635.815.000) 06/25 22:26:00 Job executing on host: <188.185.205.213:9618?addrs=188.185.205.213-9618+[2001-1458-303-a--100-52]-9618&alias=b9p04p3841.cern.ch&noUDP&sock=startd_3821322_a065>
	SlotName: slot1_17@b9p04p3841.cern.ch
	CondorScratchDir = "/pool/condor/dir_320796"
	Cpus = 3
	Disk = 3665
	GPUs = 0
	Memory = 9000
...
001 (17167635.816.000) 06/25 22:26:00 Job executing on host: <128.142.137.71:9618?addrs=128.142.137.71-9618+[2001-1458-301-5e--100-3b]-9618&alias=b9g19p8217.cern.ch&noUDP&sock=startd_2455_8118>
	SlotName: slot1_4@b9g19p8217.cern.ch
	CondorScratchDir = "/pool/condor/dir_2081578"
	Cpus = 3
	Disk = 2588
	GPUs = 0
	Memory = 9000
...
040 (17167635.822.000) 06/25 22:26:00 Started transferring input files
	Transferring to host: <128.142.209.49:9618?addrs=128.142.209.49-9618+[2001-1458-301-21--100-11]-9618&alias=b9g41p7642.cern.ch&noUDP&sock=slot1_4_4247_2546_41878>
...
040 (17167635.822.000) 06/25 22:26:00 Finished transferring input files
...
040 (17167635.820.000) 06/25 22:26:00 Started transferring input files
	Transferring to host: <188.185.204.165:9618?addrs=188.185.204.165-9618+[2001-1458-303-8--100-99]-9618&alias=b9p02p0266.cern.ch&noUDP&sock=slot1_16_1340857_ce57_9806>
...
040 (17167635.820.000) 06/25 22:26:00 Finished transferring input files
...
040 (17167635.821.000) 06/25 22:26:00 Started transferring input files
	Transferring to host: <188.185.204.165:9618?addrs=188.185.204.165-9618+[2001-1458-303-8--100-99]-9618&alias=b9p02p0266.cern.ch&noUDP&sock=slot1_26_1340857_ce57_9807>
...
040 (17167635.821.000) 06/25 22:26:00 Finished transferring input files
...
001 (17167635.819.000) 06/25 22:26:00 Job executing on host: <128.142.209.4:9618?addrs=128.142.209.4-9618+[2001-1458-301-4--100-4]-9618&alias=b9g41p9802.cern.ch&noUDP&sock=startd_4116180_b076>
	SlotName: slot1_5@b9g41p9802.cern.ch
	CondorScratchDir = "/pool/condor/dir_2028858"
	Cpus = 3
	Disk = 6903
	GPUs = 0
	Memory = 9000
...
040 (17167635.817.000) 06/25 22:26:00 Started transferring input files
	Transferring to host: <188.185.204.165:9618?addrs=188.185.204.165-9618+[2001-1458-303-8--100-99]-9618&alias=b9p02p0266.cern.ch&noUDP&sock=slot1_4_1340857_ce57_9805>
...
040 (17167635.817.000) 06/25 22:26:00 Finished transferring input files
...
001 (17167635.800.000) 06/25 22:26:00 Job executing on host: <188.185.207.139:9618?addrs=188.185.207.139-9618+[2001-1458-303-e--100-8]-9618&alias=b9p08p1203.cern.ch&noUDP&sock=startd_9563_0045>
	SlotName: slot1_8@b9p08p1203.cern.ch
	CondorScratchDir = "/pool/condor/dir_3077176"
	Cpus = 3
	Disk = 3624
	GPUs = 0
	Memory = 9000
...
001 (17167635.822.000) 06/25 22:26:01 Job executing on host: <128.142.209.49:9618?addrs=128.142.209.49-9618+[2001-1458-301-21--100-11]-9618&alias=b9g41p7642.cern.ch&noUDP&sock=startd_3433_54b7>
	SlotName: slot1_4@b9g41p7642.cern.ch
	CondorScratchDir = "/pool/condor/dir_1987063"
	Cpus = 3
	Disk = 6900
	GPUs = 0
	Memory = 9000
...
001 (17167635.820.000) 06/25 22:26:01 Job executing on host: <188.185.204.165:9618?addrs=188.185.204.165-9618+[2001-1458-303-8--100-99]-9618&alias=b9p02p0266.cern.ch&noUDP&sock=startd_1340761_1ad1>
	SlotName: slot1_16@b9p02p0266.cern.ch
	CondorScratchDir = "/pool/condor/dir_3973104"
	Cpus = 3
	Disk = 3627
	GPUs = 0
	Memory = 9000
...
001 (17167635.821.000) 06/25 22:26:01 Job executing on host: <188.185.204.165:9618?addrs=188.185.204.165-9618+[2001-1458-303-8--100-99]-9618&alias=b9p02p0266.cern.ch&noUDP&sock=startd_1340761_1ad1>
	SlotName: slot1_26@b9p02p0266.cern.ch
	CondorScratchDir = "/pool/condor/dir_3980016"
	Cpus = 3
	Disk = 3627
	GPUs = 0
	Memory = 9000
...
001 (17167635.817.000) 06/25 22:26:01 Job executing on host: <188.185.204.165:9618?addrs=188.185.204.165-9618+[2001-1458-303-8--100-99]-9618&alias=b9p02p0266.cern.ch&noUDP&sock=startd_1340761_1ad1>
	SlotName: slot1_4@b9p02p0266.cern.ch
	CondorScratchDir = "/pool/condor/dir_3921125"
	Cpus = 3
	Disk = 3627
	GPUs = 0
	Memory = 9000
...
006 (17167635.805.000) 06/25 22:26:04 Image size of job updated: 14000
	14  -  MemoryUsage of job (MB)
	14000  -  ResidentSetSize of job (KB)
...
006 (17167635.806.000) 06/25 22:26:04 Image size of job updated: 14912
	15  -  MemoryUsage of job (MB)
	14912  -  ResidentSetSize of job (KB)
...
006 (17167635.813.000) 06/25 22:26:06 Image size of job updated: 125080
	123  -  MemoryUsage of job (MB)
	125080  -  ResidentSetSize of job (KB)
...
006 (17167635.807.000) 06/25 22:26:06 Image size of job updated: 16824
	17  -  MemoryUsage of job (MB)
	16824  -  ResidentSetSize of job (KB)
...
006 (17167635.818.000) 06/25 22:26:07 Image size of job updated: 92132
	90  -  MemoryUsage of job (MB)
	92132  -  ResidentSetSize of job (KB)
...
006 (17167635.812.000) 06/25 22:26:07 Image size of job updated: 21584
	22  -  MemoryUsage of job (MB)
	21584  -  ResidentSetSize of job (KB)
...
006 (17167635.814.000) 06/25 22:26:08 Image size of job updated: 17320
	17  -  MemoryUsage of job (MB)
	17320  -  ResidentSetSize of job (KB)
...
006 (17167635.795.000) 06/25 22:26:08 Image size of job updated: 20660
	21  -  MemoryUsage of job (MB)
	20660  -  ResidentSetSize of job (KB)
...
006 (17167635.804.000) 06/25 22:26:09 Image size of job updated: 5284
	6  -  MemoryUsage of job (MB)
	5284  -  ResidentSetSize of job (KB)
...
006 (17167635.820.000) 06/25 22:26:10 Image size of job updated: 17960
	18  -  MemoryUsage of job (MB)
	17960  -  ResidentSetSize of job (KB)
...
006 (17167635.821.000) 06/25 22:26:10 Image size of job updated: 17640
	18  -  MemoryUsage of job (MB)
	17640  -  ResidentSetSize of job (KB)
...
006 (17167635.817.000) 06/25 22:26:10 Image size of job updated: 20504
	21  -  MemoryUsage of job (MB)
	20504  -  ResidentSetSize of job (KB)
...
006 (17167635.808.000) 06/25 22:26:11 Image size of job updated: 5384
	6  -  MemoryUsage of job (MB)
	5384  -  ResidentSetSize of job (KB)
...
006 (17167635.809.000) 06/25 22:26:11 Image size of job updated: 5256
	6  -  MemoryUsage of job (MB)
	5256  -  ResidentSetSize of job (KB)
...
006 (17167635.810.000) 06/25 22:26:12 Image size of job updated: 5392
	6  -  MemoryUsage of job (MB)
	5392  -  ResidentSetSize of job (KB)
...
006 (17167635.816.000) 06/25 22:26:13 Image size of job updated: 548
	1  -  MemoryUsage of job (MB)
	444  -  ResidentSetSize of job (KB)
...
006 (17167635.811.000) 06/25 22:26:13 Image size of job updated: 6940
	7  -  MemoryUsage of job (MB)
	6940  -  ResidentSetSize of job (KB)
...
006 (17167635.815.000) 06/25 22:26:14 Image size of job updated: 8736
	9  -  MemoryUsage of job (MB)
	8736  -  ResidentSetSize of job (KB)
...
006 (17167635.819.000) 06/25 22:26:14 Image size of job updated: 105516
	104  -  MemoryUsage of job (MB)
	105516  -  ResidentSetSize of job (KB)
...
006 (17167635.800.000) 06/25 22:26:14 Image size of job updated: 122104
	120  -  MemoryUsage of job (MB)
	122104  -  ResidentSetSize of job (KB)
...
006 (17167635.822.000) 06/25 22:26:15 Image size of job updated: 139548
	137  -  MemoryUsage of job (MB)
	139548  -  ResidentSetSize of job (KB)
...
040 (17167635.823.000) 06/25 22:31:01 Started transferring input files
	Transferring to host: <188.185.207.65:9618?addrs=188.185.207.65-9618+[2001-1458-303-d--100-3e]-9618&alias=b9p07p8840.cern.ch&noUDP&sock=slot1_21_1497798_f025_7259>
...
040 (17167635.823.000) 06/25 22:31:01 Finished transferring input files
...
001 (17167635.823.000) 06/25 22:31:02 Job executing on host: <188.185.207.65:9618?addrs=188.185.207.65-9618+[2001-1458-303-d--100-3e]-9618&alias=b9p07p8840.cern.ch&noUDP&sock=startd_1497690_5891>
	SlotName: slot1_21@b9p07p8840.cern.ch
	CondorScratchDir = "/pool/condor/dir_3478454"
	Cpus = 3
	Disk = 3789
	GPUs = 0
	Memory = 9000
...
006 (17167635.806.000) 06/25 22:31:04 Image size of job updated: 3383596
	3305  -  MemoryUsage of job (MB)
	3383596  -  ResidentSetSize of job (KB)
...
006 (17167635.805.000) 06/25 22:31:04 Image size of job updated: 3388428
	3310  -  MemoryUsage of job (MB)
	3388428  -  ResidentSetSize of job (KB)
...
006 (17167635.818.000) 06/25 22:31:07 Image size of job updated: 3643208
	3558  -  MemoryUsage of job (MB)
	3643208  -  ResidentSetSize of job (KB)
...
006 (17167635.813.000) 06/25 22:31:07 Image size of job updated: 3207916
	3133  -  MemoryUsage of job (MB)
	3207916  -  ResidentSetSize of job (KB)
...
006 (17167635.807.000) 06/25 22:31:07 Image size of job updated: 3384512
	3306  -  MemoryUsage of job (MB)
	3384512  -  ResidentSetSize of job (KB)
...
006 (17167635.812.000) 06/25 22:31:08 Image size of job updated: 3813624
	3725  -  MemoryUsage of job (MB)
	3813624  -  ResidentSetSize of job (KB)
...
006 (17167635.795.000) 06/25 22:31:09 Image size of job updated: 3390884
	3312  -  MemoryUsage of job (MB)
	3390884  -  ResidentSetSize of job (KB)
...
006 (17167635.814.000) 06/25 22:31:09 Image size of job updated: 4005984
	3913  -  MemoryUsage of job (MB)
	4005984  -  ResidentSetSize of job (KB)
...
006 (17167635.804.000) 06/25 22:31:09 Image size of job updated: 2849460
	2783  -  MemoryUsage of job (MB)
	2849460  -  ResidentSetSize of job (KB)
...
006 (17167635.817.000) 06/25 22:31:11 Image size of job updated: 4152512
	4056  -  MemoryUsage of job (MB)
	4152512  -  ResidentSetSize of job (KB)
...
006 (17167635.820.000) 06/25 22:31:11 Image size of job updated: 4077428
	3982  -  MemoryUsage of job (MB)
	4077428  -  ResidentSetSize of job (KB)
...
006 (17167635.821.000) 06/25 22:31:11 Image size of job updated: 3954996
	3863  -  MemoryUsage of job (MB)
	3954996  -  ResidentSetSize of job (KB)
...
006 (17167635.808.000) 06/25 22:31:12 Image size of job updated: 2841760
	2776  -  MemoryUsage of job (MB)
	2841760  -  ResidentSetSize of job (KB)
...
006 (17167635.809.000) 06/25 22:31:12 Image size of job updated: 2851440
	2785  -  MemoryUsage of job (MB)
	2851440  -  ResidentSetSize of job (KB)
...
006 (17167635.810.000) 06/25 22:31:13 Image size of job updated: 2853644
	2787  -  MemoryUsage of job (MB)
	2853644  -  ResidentSetSize of job (KB)
...
006 (17167635.816.000) 06/25 22:31:13 Image size of job updated: 1494128
	1460  -  MemoryUsage of job (MB)
	1494128  -  ResidentSetSize of job (KB)
...
006 (17167635.811.000) 06/25 22:31:14 Image size of job updated: 2850920
	2785  -  MemoryUsage of job (MB)
	2850920  -  ResidentSetSize of job (KB)
...
006 (17167635.823.000) 06/25 22:31:15 Image size of job updated: 104440
	102  -  MemoryUsage of job (MB)
	104440  -  ResidentSetSize of job (KB)
...
006 (17167635.800.000) 06/25 22:31:15 Image size of job updated: 5465764
	5338  -  MemoryUsage of job (MB)
	5465764  -  ResidentSetSize of job (KB)
...
006 (17167635.815.000) 06/25 22:31:15 Image size of job updated: 3066972
	2996  -  MemoryUsage of job (MB)
	3066972  -  ResidentSetSize of job (KB)
...
006 (17167635.819.000) 06/25 22:31:16 Image size of job updated: 5277096
	5154  -  MemoryUsage of job (MB)
	5277096  -  ResidentSetSize of job (KB)
...
006 (17167635.822.000) 06/25 22:31:16 Image size of job updated: 6071932
	5930  -  MemoryUsage of job (MB)
	6071932  -  ResidentSetSize of job (KB)
...
040 (17167635.824.000) 06/25 22:31:38 Started transferring input files
	Transferring to host: <188.185.215.107:9618?addrs=188.185.215.107-9618+[2001-1458-303-1e--100-67]-9618&alias=b9p31p8655.cern.ch&noUDP&sock=slot1_55_8398_e68f_25570>
...
040 (17167635.824.000) 06/25 22:31:38 Finished transferring input files
...
001 (17167635.824.000) 06/25 22:31:39 Job executing on host: <188.185.215.107:9618?addrs=188.185.215.107-9618+[2001-1458-303-1e--100-67]-9618&alias=b9p31p8655.cern.ch&noUDP&sock=startd_8342_7f22>
	SlotName: slot1_55@b9p31p8655.cern.ch
	CondorScratchDir = "/pool/condor/dir_2471449"
	Cpus = 3
	Disk = 3657
	GPUs = 0
	Memory = 9000
...
006 (17167635.824.000) 06/25 22:31:48 Image size of job updated: 124000
	122  -  MemoryUsage of job (MB)
	124000  -  ResidentSetSize of job (KB)
...
040 (17167635.825.000) 06/25 22:31:58 Started transferring input files
	Transferring to host: <188.185.214.215:9618?addrs=188.185.214.215-9618+[2001-1458-303-1d--100-53]-9618&alias=b9p30p4226.cern.ch&noUDP&sock=slot1_38_8226_b608_26341>
...
040 (17167635.825.000) 06/25 22:31:58 Finished transferring input files
...
001 (17167635.825.000) 06/25 22:31:59 Job executing on host: <188.185.214.215:9618?addrs=188.185.214.215-9618+[2001-1458-303-1d--100-53]-9618&alias=b9p30p4226.cern.ch&noUDP&sock=startd_7737_8456>
	SlotName: slot1_38@b9p30p4226.cern.ch
	CondorScratchDir = "/pool/condor/dir_1531222"
	Cpus = 3
	Disk = 3729
	GPUs = 0
	Memory = 9000
...
040 (17167635.826.000) 06/25 22:32:03 Started transferring input files
	Transferring to host: <188.185.208.179:9618?addrs=188.185.208.179-9618+[2001-1458-303-10--100-30]-9618&alias=b9p10p4251.cern.ch&noUDP&sock=slot1_44_9003_2d87_23850>
...
040 (17167635.826.000) 06/25 22:32:03 Finished transferring input files
...
001 (17167635.826.000) 06/25 22:32:04 Job executing on host: <188.185.208.179:9618?addrs=188.185.208.179-9618+[2001-1458-303-10--100-30]-9618&alias=b9p10p4251.cern.ch&noUDP&sock=startd_8125_a715>
	SlotName: slot1_44@b9p10p4251.cern.ch
	CondorScratchDir = "/pool/condor/dir_3150157"
	Cpus = 3
	Disk = 3702
	GPUs = 0
	Memory = 9000
...
006 (17167635.825.000) 06/25 22:32:07 Image size of job updated: 100148
	98  -  MemoryUsage of job (MB)
	100148  -  ResidentSetSize of job (KB)
...
040 (17167635.827.000) 06/25 22:32:10 Started transferring input files
	Transferring to host: <188.185.238.42:9618?addrs=188.185.238.42-9618+[2001-1458-303-2a--100-6]-9618&alias=b9p33p4547.cern.ch&noUDP&sock=slot1_5_10481_9003_50195>
...
040 (17167635.827.000) 06/25 22:32:10 Finished transferring input files
...
001 (17167635.827.000) 06/25 22:32:11 Job executing on host: <188.185.238.42:9618?addrs=188.185.238.42-9618+[2001-1458-303-2a--100-6]-9618&alias=b9p33p4547.cern.ch&noUDP&sock=startd_9088_30c9>
	SlotName: slot1_5@b9p33p4547.cern.ch
	CondorScratchDir = "/pool/condor/dir_1022415"
	Cpus = 3
	Disk = 6816
	GPUs = 0
	Memory = 9000
...
006 (17167635.826.000) 06/25 22:32:13 Image size of job updated: 101636
	100  -  MemoryUsage of job (MB)
	101636  -  ResidentSetSize of job (KB)
...
006 (17167635.827.000) 06/25 22:32:24 Image size of job updated: 122044
	120  -  MemoryUsage of job (MB)
	122044  -  ResidentSetSize of job (KB)
...
040 (17167635.828.000) 06/25 22:32:38 Started transferring input files
	Transferring to host: <188.185.215.94:9618?addrs=188.185.215.94-9618+[2001-1458-303-1e--100-5a]-9618&alias=b9p31p9539.cern.ch&noUDP&sock=slot1_41_8390_438e_23608>
...
040 (17167635.828.000) 06/25 22:32:38 Finished transferring input files
...
001 (17167635.828.000) 06/25 22:32:39 Job executing on host: <188.185.215.94:9618?addrs=188.185.215.94-9618+[2001-1458-303-1e--100-5a]-9618&alias=b9p31p9539.cern.ch&noUDP&sock=startd_8241_3811>
	SlotName: slot1_41@b9p31p9539.cern.ch
	CondorScratchDir = "/pool/condor/dir_1132475"
	Cpus = 3
	Disk = 3743
	GPUs = 0
	Memory = 9000
...
006 (17167635.828.000) 06/25 22:32:47 Image size of job updated: 103180
	101  -  MemoryUsage of job (MB)
	103180  -  ResidentSetSize of job (KB)
...
040 (17167635.829.000) 06/25 22:32:47 Started transferring input files
	Transferring to host: <188.185.210.203:9618?addrs=188.185.210.203-9618+[2001-1458-303-15--100-47]-9618&alias=b9p22p8554.cern.ch&noUDP&sock=slot1_43_1563747_f97e_9191>
...
040 (17167635.829.000) 06/25 22:32:47 Finished transferring input files
...
001 (17167635.829.000) 06/25 22:32:48 Job executing on host: <188.185.210.203:9618?addrs=188.185.210.203-9618+[2001-1458-303-15--100-47]-9618&alias=b9p22p8554.cern.ch&noUDP&sock=startd_1563698_57f9>
	SlotName: slot1_43@b9p22p8554.cern.ch
	CondorScratchDir = "/pool/condor/dir_3662119"
	Cpus = 3
	Disk = 3859
	GPUs = 0
	Memory = 9000
...
040 (17167635.830.000) 06/25 22:32:50 Started transferring input files
	Transferring to host: <128.142.209.37:9618?addrs=128.142.209.37-9618+[2001-1458-301-21--100-5]-9618&alias=b9g41p9915.cern.ch&noUDP&sock=slot1_7_6583_11a5_53406>
...
040 (17167635.830.000) 06/25 22:32:50 Finished transferring input files
...
001 (17167635.830.000) 06/25 22:32:51 Job executing on host: <128.142.209.37:9618?addrs=128.142.209.37-9618+[2001-1458-301-21--100-5]-9618&alias=b9g41p9915.cern.ch&noUDP&sock=startd_5003_3868>
	SlotName: slot1_7@b9g41p9915.cern.ch
	CondorScratchDir = "/pool/condor/dir_3549123"
	Cpus = 3
	Disk = 6764
	GPUs = 0
	Memory = 9000
...
006 (17167635.829.000) 06/25 22:32:57 Image size of job updated: 105608
	104  -  MemoryUsage of job (MB)
	105608  -  ResidentSetSize of job (KB)
...
040 (17167635.831.000) 06/25 22:33:01 Started transferring input files
	Transferring to host: <188.185.213.215:9618?addrs=188.185.213.215-9618+[2001-1458-303-1b--100-53]-9618&alias=b9p28p9898.cern.ch&noUDP&sock=slot1_13_8409_a6af_24304>
...
040 (17167635.831.000) 06/25 22:33:01 Finished transferring input files
...
001 (17167635.831.000) 06/25 22:33:02 Job executing on host: <188.185.213.215:9618?addrs=188.185.213.215-9618+[2001-1458-303-1b--100-53]-9618&alias=b9p28p9898.cern.ch&noUDP&sock=startd_8339_7059>
	SlotName: slot1_13@b9p28p9898.cern.ch
	CondorScratchDir = "/pool/condor/dir_1155369"
	Cpus = 3
	Disk = 3704
	GPUs = 0
	Memory = 9000
...
006 (17167635.830.000) 06/25 22:33:04 Image size of job updated: 122028
	120  -  MemoryUsage of job (MB)
	122028  -  ResidentSetSize of job (KB)
...
006 (17167635.831.000) 06/25 22:33:10 Image size of job updated: 111888
	110  -  MemoryUsage of job (MB)
	111888  -  ResidentSetSize of job (KB)
...
040 (17167635.832.000) 06/25 22:33:24 Started transferring input files
	Transferring to host: <188.185.210.181:9618?addrs=188.185.210.181-9618+[2001-1458-303-15--100-31]-9618&alias=b9p22p9160.cern.ch&noUDP&sock=slot1_18_6977_ad75_24769>
...
040 (17167635.832.000) 06/25 22:33:24 Finished transferring input files
...
001 (17167635.832.000) 06/25 22:33:25 Job executing on host: <188.185.210.181:9618?addrs=188.185.210.181-9618+[2001-1458-303-15--100-31]-9618&alias=b9p22p9160.cern.ch&noUDP&sock=startd_6414_0c8a>
	SlotName: slot1_18@b9p22p9160.cern.ch
	CondorScratchDir = "/pool/condor/dir_690728"
	Cpus = 3
	Disk = 3697
	GPUs = 0
	Memory = 9000
...
006 (17167635.832.000) 06/25 22:33:34 Image size of job updated: 123712
	121  -  MemoryUsage of job (MB)
	123712  -  ResidentSetSize of job (KB)
...
040 (17167635.834.000) 06/25 22:35:17 Started transferring input files
	Transferring to host: <188.185.210.25:9618?addrs=188.185.210.25-9618+[2001-1458-303-1--100-15]-9618&alias=b9p21p9489.cern.ch&noUDP&sock=slot1_37_8379_836e_28312>
...
040 (17167635.833.000) 06/25 22:35:17 Started transferring input files
	Transferring to host: <188.185.211.183:9618?addrs=188.185.211.183-9618+[2001-1458-303-17--100-33]-9618&alias=b9p24p8841.cern.ch&noUDP&sock=slot1_59_11250_6483_25867>
...
040 (17167635.834.000) 06/25 22:35:17 Finished transferring input files
...
040 (17167635.833.000) 06/25 22:35:17 Finished transferring input files
...
040 (17167635.835.000) 06/25 22:35:17 Started transferring input files
	Transferring to host: <188.185.209.185:9618?addrs=188.185.209.185-9618+[2001-1458-303-12--100-36]-9618&alias=b9p12p2405.cern.ch&noUDP&sock=slot1_40_9100_85eb_23754>
...
040 (17167635.835.000) 06/25 22:35:17 Finished transferring input files
...
001 (17167635.834.000) 06/25 22:35:18 Job executing on host: <188.185.210.25:9618?addrs=188.185.210.25-9618+[2001-1458-303-1--100-15]-9618&alias=b9p21p9489.cern.ch&noUDP&sock=startd_8221_802c>
	SlotName: slot1_37@b9p21p9489.cern.ch
	CondorScratchDir = "/pool/condor/dir_3061899"
	Cpus = 3
	Disk = 3737
	GPUs = 0
	Memory = 9000
...
001 (17167635.833.000) 06/25 22:35:18 Job executing on host: <188.185.211.183:9618?addrs=188.185.211.183-9618+[2001-1458-303-17--100-33]-9618&alias=b9p24p8841.cern.ch&noUDP&sock=startd_10813_65a7>
	SlotName: slot1_59@b9p24p8841.cern.ch
	CondorScratchDir = "/pool/condor/dir_122350"
	Cpus = 3
	Disk = 3876
	GPUs = 0
	Memory = 9000
...
001 (17167635.835.000) 06/25 22:35:18 Job executing on host: <188.185.209.185:9618?addrs=188.185.209.185-9618+[2001-1458-303-12--100-36]-9618&alias=b9p12p2405.cern.ch&noUDP&sock=startd_9042_a36d>
	SlotName: slot1_40@b9p12p2405.cern.ch
	CondorScratchDir = "/pool/condor/dir_3199809"
	Cpus = 3
	Disk = 3381
	GPUs = 0
	Memory = 9000
...
006 (17167635.833.000) 06/25 22:35:26 Image size of job updated: 99508
	98  -  MemoryUsage of job (MB)
	99508  -  ResidentSetSize of job (KB)
...
006 (17167635.834.000) 06/25 22:35:26 Image size of job updated: 108048
	106  -  MemoryUsage of job (MB)
	108048  -  ResidentSetSize of job (KB)
...
006 (17167635.835.000) 06/25 22:35:31 Image size of job updated: 91848
	90  -  MemoryUsage of job (MB)
	91848  -  ResidentSetSize of job (KB)
...
040 (17167635.836.000) 06/25 22:35:32 Started transferring input files
	Transferring to host: <188.185.211.163:9618?addrs=188.185.211.163-9618+[2001-1458-303-17--100-1f]-9618&alias=b9p24p4770.cern.ch&noUDP&sock=slot1_42_8414_2c8f_28846>
...
040 (17167635.836.000) 06/25 22:35:32 Finished transferring input files
...
001 (17167635.836.000) 06/25 22:35:33 Job executing on host: <188.185.211.163:9618?addrs=188.185.211.163-9618+[2001-1458-303-17--100-1f]-9618&alias=b9p24p4770.cern.ch&noUDP&sock=startd_8345_8deb>
	SlotName: slot1_42@b9p24p4770.cern.ch
	CondorScratchDir = "/pool/condor/dir_2525009"
	Cpus = 3
	Disk = 3734
	GPUs = 0
	Memory = 9000
...
006 (17167635.836.000) 06/25 22:35:42 Image size of job updated: 124084
	122  -  MemoryUsage of job (MB)
	124084  -  ResidentSetSize of job (KB)
...
040 (17167635.837.000) 06/25 22:35:57 Started transferring input files
	Transferring to host: <188.185.208.98:9618?addrs=188.185.208.98-9618+[2001-1458-303-f--100-5f]-9618&alias=b9p09p2889.cern.ch&noUDP&sock=slot1_24_8970_ed26_21272>
...
040 (17167635.837.000) 06/25 22:35:57 Finished transferring input files
...
001 (17167635.837.000) 06/25 22:35:58 Job executing on host: <188.185.208.98:9618?addrs=188.185.208.98-9618+[2001-1458-303-f--100-5f]-9618&alias=b9p09p2889.cern.ch&noUDP&sock=startd_7735_2525>
	SlotName: slot1_24@b9p09p2889.cern.ch
	CondorScratchDir = "/pool/condor/dir_973975"
	Cpus = 3
	Disk = 3795
	GPUs = 0
	Memory = 9000
...
040 (17167635.838.000) 06/25 22:36:00 Started transferring input files
	Transferring to host: <128.142.209.37:9618?addrs=128.142.209.37-9618+[2001-1458-301-21--100-5]-9618&alias=b9g41p9915.cern.ch&noUDP&sock=slot1_15_6583_11a5_53409>
...
040 (17167635.838.000) 06/25 22:36:00 Finished transferring input files
...
001 (17167635.838.000) 06/25 22:36:01 Job executing on host: <128.142.209.37:9618?addrs=128.142.209.37-9618+[2001-1458-301-21--100-5]-9618&alias=b9g41p9915.cern.ch&noUDP&sock=startd_5003_3868>
	SlotName: slot1_15@b9g41p9915.cern.ch
	CondorScratchDir = "/pool/condor/dir_3558277"
	Cpus = 3
	Disk = 6765
	GPUs = 0
	Memory = 9000
...
006 (17167635.806.000) 06/25 22:36:05 Image size of job updated: 6617120
	6463  -  MemoryUsage of job (MB)
	6617120  -  ResidentSetSize of job (KB)
...
006 (17167635.805.000) 06/25 22:36:05 Image size of job updated: 6637840
	6483  -  MemoryUsage of job (MB)
	6637840  -  ResidentSetSize of job (KB)
...
006 (17167635.813.000) 06/25 22:36:08 Image size of job updated: 6103664
	5961  -  MemoryUsage of job (MB)
	6103664  -  ResidentSetSize of job (KB)
...
006 (17167635.807.000) 06/25 22:36:08 Image size of job updated: 6627624
	6473  -  MemoryUsage of job (MB)
	6627624  -  ResidentSetSize of job (KB)
...
006 (17167635.818.000) 06/25 22:36:08 Image size of job updated: 6101432
	5959  -  MemoryUsage of job (MB)
	6101432  -  ResidentSetSize of job (KB)
...
006 (17167635.812.000) 06/25 22:36:09 Image size of job updated: 6642124
	6487  -  MemoryUsage of job (MB)
	6642124  -  ResidentSetSize of job (KB)
...
006 (17167635.795.000) 06/25 22:36:09 Image size of job updated: 6641084
	6486  -  MemoryUsage of job (MB)
	6641084  -  ResidentSetSize of job (KB)
...
006 (17167635.814.000) 06/25 22:36:09 Image size of job updated: 6639100
	6484  -  MemoryUsage of job (MB)
	6639100  -  ResidentSetSize of job (KB)
...
006 (17167635.804.000) 06/25 22:36:10 Image size of job updated: 6082592
	5941  -  MemoryUsage of job (MB)
	6082592  -  ResidentSetSize of job (KB)
...
006 (17167635.817.000) 06/25 22:36:11 Image size of job updated: 6296532
	6149  -  MemoryUsage of job (MB)
	6296532  -  ResidentSetSize of job (KB)
...
006 (17167635.820.000) 06/25 22:36:12 Image size of job updated: 6265004
	6119  -  MemoryUsage of job (MB)
	6265004  -  ResidentSetSize of job (KB)
...
006 (17167635.821.000) 06/25 22:36:12 Image size of job updated: 6263540
	6117  -  MemoryUsage of job (MB)
	6263540  -  ResidentSetSize of job (KB)
...
006 (17167635.808.000) 06/25 22:36:12 Image size of job updated: 6075508
	5934  -  MemoryUsage of job (MB)
	6075508  -  ResidentSetSize of job (KB)
...
006 (17167635.837.000) 06/25 22:36:12 Image size of job updated: 122136
	120  -  MemoryUsage of job (MB)
	122136  -  ResidentSetSize of job (KB)
...
006 (17167635.809.000) 06/25 22:36:12 Image size of job updated: 6078584
	5937  -  MemoryUsage of job (MB)
	6078584  -  ResidentSetSize of job (KB)
...
006 (17167635.810.000) 06/25 22:36:13 Image size of job updated: 6086236
	5944  -  MemoryUsage of job (MB)
	6086236  -  ResidentSetSize of job (KB)
...
006 (17167635.816.000) 06/25 22:36:14 Image size of job updated: 2854844
	2788  -  MemoryUsage of job (MB)
	2854840  -  ResidentSetSize of job (KB)
...
006 (17167635.811.000) 06/25 22:36:14 Image size of job updated: 6079140
	5937  -  MemoryUsage of job (MB)
	6079140  -  ResidentSetSize of job (KB)
...
006 (17167635.823.000) 06/25 22:36:15 Image size of job updated: 4621056
	4513  -  MemoryUsage of job (MB)
	4621056  -  ResidentSetSize of job (KB)
...
006 (17167635.838.000) 06/25 22:36:15 Image size of job updated: 6660
	7  -  MemoryUsage of job (MB)
	6660  -  ResidentSetSize of job (KB)
...
006 (17167635.800.000) 06/25 22:36:15 Image size of job updated: 6094212
	5952  -  MemoryUsage of job (MB)
	6094212  -  ResidentSetSize of job (KB)
...
006 (17167635.815.000) 06/25 22:36:16 Image size of job updated: 6083628
	5942  -  MemoryUsage of job (MB)
	6083628  -  ResidentSetSize of job (KB)
...
006 (17167635.819.000) 06/25 22:36:16 Image size of job updated: 6097204
	5955  -  MemoryUsage of job (MB)
	6097204  -  ResidentSetSize of job (KB)
...
006 (17167635.822.000) 06/25 22:36:17 Image size of job updated: 6085480
	5943  -  MemoryUsage of job (MB)
	6085480  -  ResidentSetSize of job (KB)
...
040 (17167635.839.000) 06/25 22:36:47 Started transferring input files
	Transferring to host: <188.185.238.42:9618?addrs=188.185.238.42-9618+[2001-1458-303-2a--100-6]-9618&alias=b9p33p4547.cern.ch&noUDP&sock=slot1_17_10481_9003_50198>
...
040 (17167635.839.000) 06/25 22:36:47 Finished transferring input files
...
001 (17167635.839.000) 06/25 22:36:48 Job executing on host: <188.185.238.42:9618?addrs=188.185.238.42-9618+[2001-1458-303-2a--100-6]-9618&alias=b9p33p4547.cern.ch&noUDP&sock=startd_9088_30c9>
	SlotName: slot1_17@b9p33p4547.cern.ch
	CondorScratchDir = "/pool/condor/dir_1025084"
	Cpus = 3
	Disk = 6816
	GPUs = 0
	Memory = 9000
...
006 (17167635.824.000) 06/25 22:36:49 Image size of job updated: 3884228
	3794  -  MemoryUsage of job (MB)
	3884228  -  ResidentSetSize of job (KB)
...
040 (17167635.840.000) 06/25 22:36:56 Started transferring input files
	Transferring to host: <188.185.209.16:9618?addrs=188.185.209.16-9618+[2001-1458-303-11--100-d]-9618&alias=b9p11p3843.cern.ch&noUDP&sock=slot1_54_9562_0b3e_21724>
...
040 (17167635.840.000) 06/25 22:36:56 Finished transferring input files
...
001 (17167635.840.000) 06/25 22:36:57 Job executing on host: <188.185.209.16:9618?addrs=188.185.209.16-9618+[2001-1458-303-11--100-d]-9618&alias=b9p11p3843.cern.ch&noUDP&sock=startd_9325_c0bb>
	SlotName: slot1_54@b9p11p3843.cern.ch
	CondorScratchDir = "/pool/condor/dir_4070229"
	Cpus = 3
	Disk = 3536
	GPUs = 0
	Memory = 9000
...
006 (17167635.839.000) 06/25 22:37:02 Image size of job updated: 5468
	6  -  MemoryUsage of job (MB)
	5468  -  ResidentSetSize of job (KB)
...
006 (17167635.840.000) 06/25 22:37:06 Image size of job updated: 123632
	121  -  MemoryUsage of job (MB)
	123632  -  ResidentSetSize of job (KB)
...
006 (17167635.825.000) 06/25 22:37:07 Image size of job updated: 3881028
	3791  -  MemoryUsage of job (MB)
	3881028  -  ResidentSetSize of job (KB)
...
006 (17167635.826.000) 06/25 22:37:14 Image size of job updated: 3767804
	3680  -  MemoryUsage of job (MB)
	3767804  -  ResidentSetSize of job (KB)
...
040 (17167635.841.000) 06/25 22:37:15 Started transferring input files
	Transferring to host: <188.185.213.58:9618?addrs=188.185.213.58-9618+[2001-1458-303-1a--100-36]-9618&alias=b9p27p2430.cern.ch&noUDP&sock=slot1_26_8403_6c6f_26744>
...
040 (17167635.841.000) 06/25 22:37:15 Finished transferring input files
...
001 (17167635.841.000) 06/25 22:37:16 Job executing on host: <188.185.213.58:9618?addrs=188.185.213.58-9618+[2001-1458-303-1a--100-36]-9618&alias=b9p27p2430.cern.ch&noUDP&sock=startd_8259_90c6>
	SlotName: slot1_26@b9p27p2430.cern.ch
	CondorScratchDir = "/pool/condor/dir_1398515"
	Cpus = 3
	Disk = 3849
	GPUs = 0
	Memory = 9000
...
006 (17167635.827.000) 06/25 22:37:24 Image size of job updated: 6068372
	5927  -  MemoryUsage of job (MB)
	6068372  -  ResidentSetSize of job (KB)
...
040 (17167635.842.000) 06/25 22:37:27 Started transferring input files
	Transferring to host: <188.185.211.142:9618?addrs=188.185.211.142-9618+[2001-1458-303-17--100-a]-9618&alias=b9p24p4776.cern.ch&noUDP&sock=slot1_25_6517_90e2_27601>
...
040 (17167635.842.000) 06/25 22:37:27 Finished transferring input files
...
001 (17167635.842.000) 06/25 22:37:28 Job executing on host: <188.185.211.142:9618?addrs=188.185.211.142-9618+[2001-1458-303-17--100-a]-9618&alias=b9p24p4776.cern.ch&noUDP&sock=startd_5864_cb73>
	SlotName: slot1_25@b9p24p4776.cern.ch
	CondorScratchDir = "/pool/condor/dir_719521"
	Cpus = 3
	Disk = 3708
	GPUs = 0
	Memory = 9000
...
006 (17167635.841.000) 06/25 22:37:29 Image size of job updated: 101868
	100  -  MemoryUsage of job (MB)
	101868  -  ResidentSetSize of job (KB)
...
040 (17167635.843.000) 06/25 22:37:31 Started transferring input files
	Transferring to host: <188.185.212.35:9618?addrs=188.185.212.35-9618+[2001-1458-303-18--100-1f]-9618&alias=b9p25p9985.cern.ch&noUDP&sock=slot1_39_7864_a639_25733>
...
040 (17167635.843.000) 06/25 22:37:31 Finished transferring input files
...
001 (17167635.843.000) 06/25 22:37:32 Job executing on host: <188.185.212.35:9618?addrs=188.185.212.35-9618+[2001-1458-303-18--100-1f]-9618&alias=b9p25p9985.cern.ch&noUDP&sock=startd_6899_b7f8>
	SlotName: slot1_39@b9p25p9985.cern.ch
	CondorScratchDir = "/pool/condor/dir_948635"
	Cpus = 3
	Disk = 3676
	GPUs = 0
	Memory = 9000
...
006 (17167635.842.000) 06/25 22:37:37 Image size of job updated: 107468
	105  -  MemoryUsage of job (MB)
	107468  -  ResidentSetSize of job (KB)
...
040 (17167635.844.000) 06/25 22:37:45 Started transferring input files
	Transferring to host: <188.185.214.205:9618?addrs=188.185.214.205-9618+[2001-1458-303-1d--100-49]-9618&alias=b9p30p1684.cern.ch&noUDP&sock=slot1_31_8433_8fb0_26651>
...
040 (17167635.844.000) 06/25 22:37:45 Finished transferring input files
...
040 (17167635.845.000) 06/25 22:37:46 Started transferring input files
	Transferring to host: <188.185.213.12:9618?addrs=188.185.213.12-9618+[2001-1458-303-1a--100-8]-9618&alias=b9p27p7000.cern.ch&noUDP&sock=slot1_40_11291_47e4_25433>
...
040 (17167635.845.000) 06/25 22:37:46 Finished transferring input files
...
006 (17167635.843.000) 06/25 22:37:46 Image size of job updated: 113908
	112  -  MemoryUsage of job (MB)
	113908  -  ResidentSetSize of job (KB)
...
001 (17167635.844.000) 06/25 22:37:46 Job executing on host: <188.185.214.205:9618?addrs=188.185.214.205-9618+[2001-1458-303-1d--100-49]-9618&alias=b9p30p1684.cern.ch&noUDP&sock=startd_8371_6361>
	SlotName: slot1_31@b9p30p1684.cern.ch
	CondorScratchDir = "/pool/condor/dir_1370817"
	Cpus = 3
	Disk = 3738
	GPUs = 0
	Memory = 9000
...
001 (17167635.845.000) 06/25 22:37:47 Job executing on host: <188.185.213.12:9618?addrs=188.185.213.12-9618+[2001-1458-303-1a--100-8]-9618&alias=b9p27p7000.cern.ch&noUDP&sock=startd_11238_e967>
	SlotName: slot1_40@b9p27p7000.cern.ch
	CondorScratchDir = "/pool/condor/dir_1176923"
	Cpus = 3
	Disk = 3692
	GPUs = 0
	Memory = 9000
...
006 (17167635.828.000) 06/25 22:37:47 Image size of job updated: 4273204
	4174  -  MemoryUsage of job (MB)
	4273204  -  ResidentSetSize of job (KB)
...
006 (17167635.844.000) 06/25 22:37:55 Image size of job updated: 112932
	111  -  MemoryUsage of job (MB)
	112932  -  ResidentSetSize of job (KB)
...
040 (17167635.846.000) 06/25 22:37:57 Started transferring input files
	Transferring to host: <188.185.210.88:9618?addrs=188.185.210.88-9618+[2001-1458-303-1--100-54]-9618&alias=b9p21p0205.cern.ch&noUDP&sock=slot1_38_8402_b80f_24175>
...
040 (17167635.846.000) 06/25 22:37:57 Finished transferring input files
...
001 (17167635.846.000) 06/25 22:37:58 Job executing on host: <188.185.210.88:9618?addrs=188.185.210.88-9618+[2001-1458-303-1--100-54]-9618&alias=b9p21p0205.cern.ch&noUDP&sock=startd_8334_0260>
	SlotName: slot1_38@b9p21p0205.cern.ch
	CondorScratchDir = "/pool/condor/dir_1780544"
	Cpus = 3
	Disk = 3675
	GPUs = 0
	Memory = 9000
...
006 (17167635.829.000) 06/25 22:37:58 Image size of job updated: 3013032
	2943  -  MemoryUsage of job (MB)
	3013032  -  ResidentSetSize of job (KB)
...
006 (17167635.845.000) 06/25 22:38:00 Image size of job updated: 88796
	87  -  MemoryUsage of job (MB)
	88796  -  ResidentSetSize of job (KB)
...
006 (17167635.830.000) 06/25 22:38:04 Image size of job updated: 6071048
	5929  -  MemoryUsage of job (MB)
	6071048  -  ResidentSetSize of job (KB)
...
006 (17167635.846.000) 06/25 22:38:06 Image size of job updated: 86796
	85  -  MemoryUsage of job (MB)
	86796  -  ResidentSetSize of job (KB)
...
006 (17167635.831.000) 06/25 22:38:10 Image size of job updated: 4029824
	3936  -  MemoryUsage of job (MB)
	4029824  -  ResidentSetSize of job (KB)
...
006 (17167635.832.000) 06/25 22:38:35 Image size of job updated: 3824780
	3736  -  MemoryUsage of job (MB)
	3824780  -  ResidentSetSize of job (KB)
...
040 (17167635.847.000) 06/25 22:38:41 Started transferring input files
	Transferring to host: <188.185.212.52:9618?addrs=188.185.212.52-9618+[2001-1458-303-18--100-30]-9618&alias=b9p25p7786.cern.ch&noUDP&sock=slot1_26_7875_6659_22494>
...
040 (17167635.847.000) 06/25 22:38:41 Finished transferring input files
...
040 (17167635.848.000) 06/25 22:38:41 Started transferring input files
	Transferring to host: <128.142.209.4:9618?addrs=128.142.209.4-9618+[2001-1458-301-4--100-4]-9618&alias=b9g41p9802.cern.ch&noUDP&sock=slot1_16_4116228_bf52_9729>
...
040 (17167635.848.000) 06/25 22:38:41 Finished transferring input files
...
001 (17167635.847.000) 06/25 22:38:42 Job executing on host: <188.185.212.52:9618?addrs=188.185.212.52-9618+[2001-1458-303-18--100-30]-9618&alias=b9p25p7786.cern.ch&noUDP&sock=startd_7033_a1a9>
	SlotName: slot1_26@b9p25p7786.cern.ch
	CondorScratchDir = "/pool/condor/dir_4029399"
	Cpus = 3
	Disk = 3802
	GPUs = 0
	Memory = 9000
...
001 (17167635.848.000) 06/25 22:38:42 Job executing on host: <128.142.209.4:9618?addrs=128.142.209.4-9618+[2001-1458-301-4--100-4]-9618&alias=b9g41p9802.cern.ch&noUDP&sock=startd_4116180_b076>
	SlotName: slot1_16@b9g41p9802.cern.ch
	CondorScratchDir = "/pool/condor/dir_2041013"
	Cpus = 3
	Disk = 6911
	GPUs = 0
	Memory = 9000
...
040 (17167635.849.000) 06/25 22:38:53 Started transferring input files
	Transferring to host: <188.185.212.191:9618?addrs=188.185.212.191-9618+[2001-1458-303-19--100-3b]-9618&alias=b9p26p1640.cern.ch&noUDP&sock=slot1_42_7722_98f3_25652>
...
040 (17167635.849.000) 06/25 22:38:53 Finished transferring input files
...
001 (17167635.849.000) 06/25 22:38:54 Job executing on host: <188.185.212.191:9618?addrs=188.185.212.191-9618+[2001-1458-303-19--100-3b]-9618&alias=b9p26p1640.cern.ch&noUDP&sock=startd_6750_845c>
	SlotName: slot1_42@b9p26p1640.cern.ch
	CondorScratchDir = "/pool/condor/dir_1429876"
	Cpus = 3
	Disk = 3778
	GPUs = 0
	Memory = 9000
...
006 (17167635.847.000) 06/25 22:38:56 Image size of job updated: 117864
	116  -  MemoryUsage of job (MB)
	117864  -  ResidentSetSize of job (KB)
...
040 (17167635.850.000) 06/25 22:38:56 Started transferring input files
	Transferring to host: <188.185.215.45:9618?addrs=188.185.215.45-9618+[2001-1458-303-1e--100-29]-9618&alias=b9p31p9045.cern.ch&noUDP&sock=slot1_36_8448_2151_27047>
...
040 (17167635.850.000) 06/25 22:38:56 Finished transferring input files
...
006 (17167635.848.000) 06/25 22:38:56 Image size of job updated: 122136
	120  -  MemoryUsage of job (MB)
	122136  -  ResidentSetSize of job (KB)
...
001 (17167635.850.000) 06/25 22:38:57 Job executing on host: <188.185.215.45:9618?addrs=188.185.215.45-9618+[2001-1458-303-1e--100-29]-9618&alias=b9p31p9045.cern.ch&noUDP&sock=startd_8302_0f58>
	SlotName: slot1_36@b9p31p9045.cern.ch
	CondorScratchDir = "/pool/condor/dir_3869354"
	Cpus = 3
	Disk = 3680
	GPUs = 0
	Memory = 9000
...
006 (17167635.850.000) 06/25 22:39:06 Image size of job updated: 113292
	111  -  MemoryUsage of job (MB)
	113292  -  ResidentSetSize of job (KB)
...
006 (17167635.849.000) 06/25 22:39:08 Image size of job updated: 104176
	102  -  MemoryUsage of job (MB)
	104176  -  ResidentSetSize of job (KB)
...
040 (17167635.851.000) 06/25 22:39:16 Started transferring input files
	Transferring to host: <128.142.209.48:9618?addrs=128.142.209.48-9618+[2001-1458-301-21--100-10]-9618&alias=b9g41p8642.cern.ch&noUDP&sock=slot1_4_6307_9a1a_45526>
...
040 (17167635.851.000) 06/25 22:39:16 Finished transferring input files
...
001 (17167635.851.000) 06/25 22:39:17 Job executing on host: <128.142.209.48:9618?addrs=128.142.209.48-9618+[2001-1458-301-21--100-10]-9618&alias=b9g41p8642.cern.ch&noUDP&sock=startd_4871_ade8>
	SlotName: slot1_4@b9g41p8642.cern.ch
	CondorScratchDir = "/pool/condor/dir_1485524"
	Cpus = 3
	Disk = 6888
	GPUs = 0
	Memory = 9000
...
040 (17167635.852.000) 06/25 22:39:23 Started transferring input files
	Transferring to host: <188.185.238.45:9618?addrs=188.185.238.45-9618+[2001-1458-303-2a--100-9]-9618&alias=b9p33p5600.cern.ch&noUDP&sock=slot1_8_3263_d41e_43067>
...
040 (17167635.852.000) 06/25 22:39:23 Finished transferring input files
...
001 (17167635.852.000) 06/25 22:39:24 Job executing on host: <188.185.238.45:9618?addrs=188.185.238.45-9618+[2001-1458-303-2a--100-9]-9618&alias=b9p33p5600.cern.ch&noUDP&sock=startd_2620_ae38>
	SlotName: slot1_8@b9p33p5600.cern.ch
	CondorScratchDir = "/pool/condor/dir_2366633"
	Cpus = 3
	Disk = 6968
	GPUs = 0
	Memory = 9000
...
040 (17167635.853.000) 06/25 22:39:31 Started transferring input files
	Transferring to host: <188.185.214.178:9618?addrs=188.185.214.178-9618+[2001-1458-303-1d--100-2e]-9618&alias=b9p30p2782.cern.ch&noUDP&sock=slot1_2_7136_b51b_27326>
...
040 (17167635.853.000) 06/25 22:39:31 Finished transferring input files
...
006 (17167635.851.000) 06/25 22:39:31 Image size of job updated: 111196
	109  -  MemoryUsage of job (MB)
	111196  -  ResidentSetSize of job (KB)
...
001 (17167635.853.000) 06/25 22:39:32 Job executing on host: <188.185.214.178:9618?addrs=188.185.214.178-9618+[2001-1458-303-1d--100-2e]-9618&alias=b9p30p2782.cern.ch&noUDP&sock=startd_6390_9644>
	SlotName: slot1_2@b9p30p2782.cern.ch
	CondorScratchDir = "/pool/condor/dir_1321984"
	Cpus = 3
	Disk = 3688
	GPUs = 0
	Memory = 9000
...
040 (17167635.854.000) 06/25 22:39:34 Started transferring input files
	Transferring to host: <188.185.205.215:9618?addrs=188.185.205.215-9618+[2001-1458-303-a--100-54]-9618&alias=b9p04p3131.cern.ch&noUDP&sock=slot1_14_9424_cf78_23116>
...
040 (17167635.854.000) 06/25 22:39:34 Finished transferring input files
...
001 (17167635.854.000) 06/25 22:39:35 Job executing on host: <188.185.205.215:9618?addrs=188.185.205.215-9618+[2001-1458-303-a--100-54]-9618&alias=b9p04p3131.cern.ch&noUDP&sock=startd_9343_196f>
	SlotName: slot1_14@b9p04p3131.cern.ch
	CondorScratchDir = "/pool/condor/dir_221307"
	Cpus = 3
	Disk = 3390
	GPUs = 0
	Memory = 9000
...
040 (17167635.855.000) 06/25 22:39:36 Started transferring input files
	Transferring to host: <188.185.208.154:9618?addrs=188.185.208.154-9618+[2001-1458-303-10--100-17]-9618&alias=b9p10p8914.cern.ch&noUDP&sock=slot1_3_6825_946f_22295>
...
040 (17167635.855.000) 06/25 22:39:36 Finished transferring input files
...
001 (17167635.855.000) 06/25 22:39:37 Job executing on host: <188.185.208.154:9618?addrs=188.185.208.154-9618+[2001-1458-303-10--100-17]-9618&alias=b9p10p8914.cern.ch&noUDP&sock=startd_6443_f0c9>
	SlotName: slot1_3@b9p10p8914.cern.ch
	CondorScratchDir = "/pool/condor/dir_245844"
	Cpus = 3
	Disk = 3624
	GPUs = 0
	Memory = 9000
...
006 (17167635.852.000) 06/25 22:39:37 Image size of job updated: 110248
	108  -  MemoryUsage of job (MB)
	110248  -  ResidentSetSize of job (KB)
...
006 (17167635.853.000) 06/25 22:39:40 Image size of job updated: 107348
	105  -  MemoryUsage of job (MB)
	107348  -  ResidentSetSize of job (KB)
...
006 (17167635.854.000) 06/25 22:39:48 Image size of job updated: 89256
	88  -  MemoryUsage of job (MB)
	89256  -  ResidentSetSize of job (KB)
...
006 (17167635.855.000) 06/25 22:39:50 Image size of job updated: 117808
	116  -  MemoryUsage of job (MB)
	117808  -  ResidentSetSize of job (KB)
...
040 (17167635.856.000) 06/25 22:39:55 Started transferring input files
	Transferring to host: <188.185.212.91:9618?addrs=188.185.212.91-9618+[2001-1458-303-18--100-57]-9618&alias=b9p25p6232.cern.ch&noUDP&sock=slot1_23_8449_d5b1_26973>
...
040 (17167635.856.000) 06/25 22:39:55 Finished transferring input files
...
001 (17167635.856.000) 06/25 22:39:56 Job executing on host: <188.185.212.91:9618?addrs=188.185.212.91-9618+[2001-1458-303-18--100-57]-9618&alias=b9p25p6232.cern.ch&noUDP&sock=startd_8373_c291>
	SlotName: slot1_23@b9p25p6232.cern.ch
	CondorScratchDir = "/pool/condor/dir_336917"
	Cpus = 3
	Disk = 2828923
	Memory = 9000
...
040 (17167635.857.000) 06/25 22:39:56 Started transferring input files
	Transferring to host: <188.185.210.190:9618?addrs=188.185.210.190-9618+[2001-1458-303-15--100-3a]-9618&alias=b9p22p4024.cern.ch&noUDP&sock=slot1_32_8382_a08e_26209>
...
040 (17167635.857.000) 06/25 22:39:56 Finished transferring input files
...
001 (17167635.857.000) 06/25 22:39:57 Job executing on host: <188.185.210.190:9618?addrs=188.185.210.190-9618+[2001-1458-303-15--100-3a]-9618&alias=b9p22p4024.cern.ch&noUDP&sock=startd_8314_4a7b>
	SlotName: slot1_32@b9p22p4024.cern.ch
	CondorScratchDir = "/pool/condor/dir_1366524"
	Cpus = 3
	Disk = 3919
	GPUs = 0
	Memory = 9000
...
006 (17167635.856.000) 06/25 22:40:05 Image size of job updated: 101816
	100  -  MemoryUsage of job (MB)
	101812  -  ResidentSetSize of job (KB)
...
006 (17167635.857.000) 06/25 22:40:06 Image size of job updated: 124000
	122  -  MemoryUsage of job (MB)
	124000  -  ResidentSetSize of job (KB)
...
040 (17167635.858.000) 06/25 22:40:07 Started transferring input files
	Transferring to host: <188.185.215.31:9618?addrs=188.185.215.31-9618+[2001-1458-303-1e--100-1b]-9618&alias=b9p31p7068.cern.ch&noUDP&sock=slot1_9_7856_0339_24418>
...
040 (17167635.858.000) 06/25 22:40:07 Finished transferring input files
...
001 (17167635.858.000) 06/25 22:40:08 Job executing on host: <188.185.215.31:9618?addrs=188.185.215.31-9618+[2001-1458-303-1e--100-1b]-9618&alias=b9p31p7068.cern.ch&noUDP&sock=startd_7098_3751>
	SlotName: slot1_9@b9p31p7068.cern.ch
	CondorScratchDir = "/pool/condor/dir_2424367"
	Cpus = 3
	Disk = 3669
	GPUs = 0
	Memory = 9000
...
006 (17167635.858.000) 06/25 22:40:16 Image size of job updated: 103908
	102  -  MemoryUsage of job (MB)
	103908  -  ResidentSetSize of job (KB)
...
040 (17167635.859.000) 06/25 22:40:24 Started transferring input files
	Transferring to host: <188.185.212.63:9618?addrs=188.185.212.63-9618+[2001-1458-303-18--100-3b]-9618&alias=b9p25p8096.cern.ch&noUDP&sock=slot1_14_1796845_9a45_5930>
...
040 (17167635.859.000) 06/25 22:40:24 Finished transferring input files
...
001 (17167635.859.000) 06/25 22:40:25 Job executing on host: <188.185.212.63:9618?addrs=188.185.212.63-9618+[2001-1458-303-18--100-3b]-9618&alias=b9p25p8096.cern.ch&noUDP&sock=startd_1796783_4437>
	SlotName: slot1_14@b9p25p8096.cern.ch
	CondorScratchDir = "/pool/condor/dir_721109"
	Cpus = 3
	Disk = 3810
	GPUs = 0
	Memory = 9000
...
006 (17167635.834.000) 06/25 22:40:26 Image size of job updated: 4181984
	4084  -  MemoryUsage of job (MB)
	4181984  -  ResidentSetSize of job (KB)
...
006 (17167635.833.000) 06/25 22:40:26 Image size of job updated: 4016496
	3923  -  MemoryUsage of job (MB)
	4016496  -  ResidentSetSize of job (KB)
...
006 (17167635.835.000) 06/25 22:40:31 Image size of job updated: 3991712
	3899  -  MemoryUsage of job (MB)
	3991712  -  ResidentSetSize of job (KB)
...
040 (17167635.860.000) 06/25 22:40:31 Started transferring input files
	Transferring to host: <188.185.205.221:9618?addrs=188.185.205.221-9618+[2001-1458-303-a--100-5a]-9618&alias=b9p04p3091.cern.ch&noUDP&sock=slot1_23_5640_a3de_24476>
...
040 (17167635.860.000) 06/25 22:40:31 Finished transferring input files
...
001 (17167635.860.000) 06/25 22:40:32 Job executing on host: <188.185.205.221:9618?addrs=188.185.205.221-9618+[2001-1458-303-a--100-5a]-9618&alias=b9p04p3091.cern.ch&noUDP&sock=startd_4777_3401>
	SlotName: slot1_23@b9p04p3091.cern.ch
	CondorScratchDir = "/pool/condor/dir_3056548"
	Cpus = 3
	Disk = 3748
	GPUs = 0
	Memory = 9000
...
006 (17167635.859.000) 06/25 22:40:38 Image size of job updated: 89892
	88  -  MemoryUsage of job (MB)
	89892  -  ResidentSetSize of job (KB)
...
006 (17167635.836.000) 06/25 22:40:43 Image size of job updated: 3315440
	3238  -  MemoryUsage of job (MB)
	3315440  -  ResidentSetSize of job (KB)
...
040 (17167635.861.000) 06/25 22:40:46 Started transferring input files
	Transferring to host: <188.185.211.173:9618?addrs=188.185.211.173-9618+[2001-1458-303-17--100-29]-9618&alias=b9p24p5419.cern.ch&noUDP&sock=slot1_9_6945_2173_26751>
...
040 (17167635.861.000) 06/25 22:40:46 Finished transferring input files
...
006 (17167635.860.000) 06/25 22:40:46 Image size of job updated: 102172
	100  -  MemoryUsage of job (MB)
	102172  -  ResidentSetSize of job (KB)
...
001 (17167635.861.000) 06/25 22:40:47 Job executing on host: <188.185.211.173:9618?addrs=188.185.211.173-9618+[2001-1458-303-17--100-29]-9618&alias=b9p24p5419.cern.ch&noUDP&sock=startd_6406_8fc8>
	SlotName: slot1_9@b9p24p5419.cern.ch
	CondorScratchDir = "/pool/condor/dir_2897762"
	Cpus = 3
	Disk = 3656
	GPUs = 0
	Memory = 9000
...
040 (17167635.862.000) 06/25 22:40:48 Started transferring input files
	Transferring to host: <188.185.204.168:9618?addrs=188.185.204.168-9618+[2001-1458-303-8--100-9c]-9618&alias=b9p02p2117.cern.ch&noUDP&sock=slot1_32_8211_2467_24245>
...
040 (17167635.862.000) 06/25 22:40:48 Finished transferring input files
...
001 (17167635.862.000) 06/25 22:40:49 Job executing on host: <188.185.204.168:9618?addrs=188.185.204.168-9618+[2001-1458-303-8--100-9c]-9618&alias=b9p02p2117.cern.ch&noUDP&sock=startd_7262_b4d9>
	SlotName: slot1_32@b9p02p2117.cern.ch
	CondorScratchDir = "/pool/condor/dir_3222543"
	Cpus = 3
	Disk = 3534
	GPUs = 0
	Memory = 9000
...
040 (17167635.863.000) 06/25 22:40:54 Started transferring input files
	Transferring to host: <188.185.215.201:9618?addrs=188.185.215.201-9618+[2001-1458-303-26--100-45]-9618&alias=b9p18p8619.cern.ch&noUDP&sock=slot1_2_8364_f1cd_27008>
...
040 (17167635.863.000) 06/25 22:40:54 Finished transferring input files
...
001 (17167635.863.000) 06/25 22:40:55 Job executing on host: <188.185.215.201:9618?addrs=188.185.215.201-9618+[2001-1458-303-26--100-45]-9618&alias=b9p18p8619.cern.ch&noUDP&sock=startd_8169_d540>
	SlotName: slot1_2@b9p18p8619.cern.ch
	CondorScratchDir = "/pool/condor/dir_905432"
	Cpus = 3
	Disk = 3750
	GPUs = 0
	Memory = 9000
...
006 (17167635.861.000) 06/25 22:40:55 Image size of job updated: 97564
	96  -  MemoryUsage of job (MB)
	97564  -  ResidentSetSize of job (KB)
...
040 (17167635.864.000) 06/25 22:40:59 Started transferring input files
	Transferring to host: <188.185.214.149:9618?addrs=188.185.214.149-9618+[2001-1458-303-1d--100-11]-9618&alias=b9p30p7658.cern.ch&noUDP&sock=slot1_39_8403_6c6f_27378>
...
040 (17167635.864.000) 06/25 22:40:59 Finished transferring input files
...
001 (17167635.864.000) 06/25 22:41:00 Job executing on host: <188.185.214.149:9618?addrs=188.185.214.149-9618+[2001-1458-303-1d--100-11]-9618&alias=b9p30p7658.cern.ch&noUDP&sock=startd_8334_0260>
	SlotName: slot1_39@b9p30p7658.cern.ch
	CondorScratchDir = "/pool/condor/dir_3480544"
	Cpus = 3
	Disk = 3732
	GPUs = 0
	Memory = 9000
...
006 (17167635.863.000) 06/25 22:41:03 Image size of job updated: 78972
	78  -  MemoryUsage of job (MB)
	78972  -  ResidentSetSize of job (KB)
...
006 (17167635.862.000) 06/25 22:41:03 Image size of job updated: 107056
	105  -  MemoryUsage of job (MB)
	107056  -  ResidentSetSize of job (KB)
...
040 (17167635.865.000) 06/25 22:41:06 Started transferring input files
	Transferring to host: <188.185.238.40:9618?addrs=188.185.238.40-9618+[2001-1458-303-2a--100-4]-9618&alias=b9p33p7584.cern.ch&noUDP&sock=slot1_5_13687_7ac6_54060>
...
040 (17167635.865.000) 06/25 22:41:06 Finished transferring input files
...
006 (17167635.805.000) 06/25 22:41:06 Image size of job updated: 6698764
	6542  -  MemoryUsage of job (MB)
	6698764  -  ResidentSetSize of job (KB)
...
006 (17167635.806.000) 06/25 22:41:06 Image size of job updated: 6671460
	6516  -  MemoryUsage of job (MB)
	6671460  -  ResidentSetSize of job (KB)
...
001 (17167635.865.000) 06/25 22:41:07 Job executing on host: <188.185.238.40:9618?addrs=188.185.238.40-9618+[2001-1458-303-2a--100-4]-9618&alias=b9p33p7584.cern.ch&noUDP&sock=startd_12363_9173>
	SlotName: slot1_5@b9p33p7584.cern.ch
	CondorScratchDir = "/pool/condor/dir_3965959"
	Cpus = 3
	Disk = 6932
	GPUs = 0
	Memory = 9000
...
006 (17167635.864.000) 06/25 22:41:08 Image size of job updated: 86868
	85  -  MemoryUsage of job (MB)
	86868  -  ResidentSetSize of job (KB)
...
006 (17167635.813.000) 06/25 22:41:08 Image size of job updated: 6158396
	6015  -  MemoryUsage of job (MB)
	6158396  -  ResidentSetSize of job (KB)
...
006 (17167635.807.000) 06/25 22:41:08 Image size of job updated: 6637944
	6483  -  MemoryUsage of job (MB)
	6637944  -  ResidentSetSize of job (KB)
...
006 (17167635.818.000) 06/25 22:41:09 Image size of job updated: 6156156
	6012  -  MemoryUsage of job (MB)
	6156156  -  ResidentSetSize of job (KB)
...
006 (17167635.812.000) 06/25 22:41:09 Image size of job updated: 6698360
	6542  -  MemoryUsage of job (MB)
	6698360  -  ResidentSetSize of job (KB)
...
006 (17167635.795.000) 06/25 22:41:09 Image size of job updated: 6698228
	6542  -  MemoryUsage of job (MB)
	6698228  -  ResidentSetSize of job (KB)
...
006 (17167635.814.000) 06/25 22:41:09 Image size of job updated: 6701688
	6545  -  MemoryUsage of job (MB)
	6701688  -  ResidentSetSize of job (KB)
...
006 (17167635.804.000) 06/25 22:41:10 Image size of job updated: 6139996
	5997  -  MemoryUsage of job (MB)
	6139996  -  ResidentSetSize of job (KB)
...
040 (17167635.866.000) 06/25 22:41:11 Started transferring input files
	Transferring to host: <188.185.205.220:9618?addrs=188.185.205.220-9618+[2001-1458-303-a--100-59]-9618&alias=b9p04p1288.cern.ch&noUDP&sock=slot1_3_9315_0294_23615>
...
040 (17167635.866.000) 06/25 22:41:11 Finished transferring input files
...
006 (17167635.817.000) 06/25 22:41:11 Image size of job updated: 6353860
	6205  -  MemoryUsage of job (MB)
	6353860  -  ResidentSetSize of job (KB)
...
006 (17167635.820.000) 06/25 22:41:12 Image size of job updated: 6321444
	6174  -  MemoryUsage of job (MB)
	6321444  -  ResidentSetSize of job (KB)
...
006 (17167635.821.000) 06/25 22:41:12 Image size of job updated: 6320492
	6173  -  MemoryUsage of job (MB)
	6320492  -  ResidentSetSize of job (KB)
...
001 (17167635.866.000) 06/25 22:41:12 Job executing on host: <188.185.205.220:9618?addrs=188.185.205.220-9618+[2001-1458-303-a--100-59]-9618&alias=b9p04p1288.cern.ch&noUDP&sock=startd_9261_daab>
	SlotName: slot1_3@b9p04p1288.cern.ch
	CondorScratchDir = "/pool/condor/dir_2905964"
	Cpus = 3
	Disk = 3733
	GPUs = 0
	Memory = 9000
...
006 (17167635.809.000) 06/25 22:41:13 Image size of job updated: 6086284
	5944  -  MemoryUsage of job (MB)
	6086284  -  ResidentSetSize of job (KB)
...
006 (17167635.810.000) 06/25 22:41:13 Image size of job updated: 6087220
	5945  -  MemoryUsage of job (MB)
	6087220  -  ResidentSetSize of job (KB)
...
006 (17167635.808.000) 06/25 22:41:13 Image size of job updated: 6137528
	5994  -  MemoryUsage of job (MB)
	6137528  -  ResidentSetSize of job (KB)
...
006 (17167635.837.000) 06/25 22:41:13 Image size of job updated: 5573952
	5444  -  MemoryUsage of job (MB)
	5573952  -  ResidentSetSize of job (KB)
...
006 (17167635.816.000) 06/25 22:41:14 Image size of job updated: 6056468
	5915  -  MemoryUsage of job (MB)
	6056468  -  ResidentSetSize of job (KB)
...
040 (17167635.867.000) 06/25 22:41:14 Started transferring input files
	Transferring to host: <188.185.194.171:9618?addrs=188.185.194.171-9618+[2001-1458-303-21--100-a7]-9618&alias=b9p20p9974.cern.ch&noUDP&sock=slot1_37_8490_b912_1629>
...
040 (17167635.867.000) 06/25 22:41:14 Finished transferring input files
...
001 (17167635.867.000) 06/25 22:41:15 Job executing on host: <188.185.194.171:9618?addrs=188.185.194.171-9618+[2001-1458-303-21--100-a7]-9618&alias=b9p20p9974.cern.ch&noUDP&sock=startd_7086_fc2e>
	SlotName: slot1_37@b9p20p9974.cern.ch
	CondorScratchDir = "/pool/condor/dir_2165957"
	Cpus = 3
	Disk = 3969
	GPUs = 0
	Memory = 9000
...
006 (17167635.811.000) 06/25 22:41:15 Image size of job updated: 6083944
	5942  -  MemoryUsage of job (MB)
	6083944  -  ResidentSetSize of job (KB)
...
006 (17167635.823.000) 06/25 22:41:15 Image size of job updated: 6084068
	5942  -  MemoryUsage of job (MB)
	6084068  -  ResidentSetSize of job (KB)
...
006 (17167635.815.000) 06/25 22:41:16 Image size of job updated: 6142580
	5999  -  MemoryUsage of job (MB)
	6142580  -  ResidentSetSize of job (KB)
...
006 (17167635.819.000) 06/25 22:41:16 Image size of job updated: 6148452
	6005  -  MemoryUsage of job (MB)
	6148452  -  ResidentSetSize of job (KB)
...
006 (17167635.838.000) 06/25 22:41:16 Image size of job updated: 6076592
	5935  -  MemoryUsage of job (MB)
	6076592  -  ResidentSetSize of job (KB)
...
006 (17167635.800.000) 06/25 22:41:16 Image size of job updated: 6147960
	6004  -  MemoryUsage of job (MB)
	6147960  -  ResidentSetSize of job (KB)
...
006 (17167635.822.000) 06/25 22:41:17 Image size of job updated: 6144072
	6001  -  MemoryUsage of job (MB)
	6144072  -  ResidentSetSize of job (KB)
...
006 (17167635.865.000) 06/25 22:41:20 Image size of job updated: 110244
	108  -  MemoryUsage of job (MB)
	110244  -  ResidentSetSize of job (KB)
...
006 (17167635.866.000) 06/25 22:41:26 Image size of job updated: 122076
	120  -  MemoryUsage of job (MB)
	122076  -  ResidentSetSize of job (KB)
...
006 (17167635.867.000) 06/25 22:41:29 Image size of job updated: 137632
	135  -  MemoryUsage of job (MB)
	137632  -  ResidentSetSize of job (KB)
...
006 (17167635.824.000) 06/25 22:41:49 Image size of job updated: 6092448
	5950  -  MemoryUsage of job (MB)
	6092448  -  ResidentSetSize of job (KB)
...
040 (17167635.868.000) 06/25 22:41:58 Started transferring input files
	Transferring to host: <128.142.209.69:9618?addrs=128.142.209.69-9618+[2001-1458-301-22--100-5]-9618&alias=b9g41p5304.cern.ch&noUDP&sock=slot1_16_4286_9fe7_43831>
...
040 (17167635.868.000) 06/25 22:41:58 Finished transferring input files
...
001 (17167635.868.000) 06/25 22:41:59 Job executing on host: <128.142.209.69:9618?addrs=128.142.209.69-9618+[2001-1458-301-22--100-5]-9618&alias=b9g41p5304.cern.ch&noUDP&sock=startd_3458_7a96>
	SlotName: slot1_16@b9g41p5304.cern.ch
	CondorScratchDir = "/pool/condor/dir_3766132"
	Cpus = 3
	Disk = 6693
	GPUs = 0
	Memory = 9000
...
006 (17167635.839.000) 06/25 22:42:03 Image size of job updated: 6070784
	5929  -  MemoryUsage of job (MB)
	6070784  -  ResidentSetSize of job (KB)
...
006 (17167635.840.000) 06/25 22:42:07 Image size of job updated: 4644460
	4536  -  MemoryUsage of job (MB)
	4644460  -  ResidentSetSize of job (KB)
...
006 (17167635.825.000) 06/25 22:42:08 Image size of job updated: 6104844
	5962  -  MemoryUsage of job (MB)
	6104844  -  ResidentSetSize of job (KB)
...
006 (17167635.868.000) 06/25 22:42:13 Image size of job updated: 122064
	120  -  MemoryUsage of job (MB)
	122064  -  ResidentSetSize of job (KB)
...
006 (17167635.826.000) 06/25 22:42:14 Image size of job updated: 6099424
	5957  -  MemoryUsage of job (MB)
	6099424  -  ResidentSetSize of job (KB)
...
040 (17167635.869.000) 06/25 22:42:15 Started transferring input files
	Transferring to host: <188.185.238.44:9618?addrs=188.185.238.44-9618+[2001-1458-303-2a--100-8]-9618&alias=b9p33p7389.cern.ch&noUDP&sock=slot1_16_5640_a3de_46991>
...
040 (17167635.869.000) 06/25 22:42:15 Finished transferring input files
...
001 (17167635.869.000) 06/25 22:42:16 Job executing on host: <188.185.238.44:9618?addrs=188.185.238.44-9618+[2001-1458-303-2a--100-8]-9618&alias=b9p33p7389.cern.ch&noUDP&sock=startd_4475_0e67>
	SlotName: slot1_16@b9p33p7389.cern.ch
	CondorScratchDir = "/pool/condor/dir_34051"
	Cpus = 3
	Disk = 6911
	GPUs = 0
	Memory = 9000
...
040 (17167635.870.000) 06/25 22:42:18 Started transferring input files
	Transferring to host: <188.185.211.92:9618?addrs=188.185.211.92-9618+[2001-1458-303-16--100-58]-9618&alias=b9p23p5547.cern.ch&noUDP&sock=slot1_41_8404_20cf_25511>
...
040 (17167635.870.000) 06/25 22:42:18 Finished transferring input files
...
001 (17167635.870.000) 06/25 22:42:20 Job executing on host: <188.185.211.92:9618?addrs=188.185.211.92-9618+[2001-1458-303-16--100-58]-9618&alias=b9p23p5547.cern.ch&noUDP&sock=startd_8335_b1f8>
	SlotName: slot1_41@b9p23p5547.cern.ch
	CondorScratchDir = "/pool/condor/dir_3710728"
	Cpus = 3
	Disk = 3738
	GPUs = 0
	Memory = 9000
...
006 (17167635.827.000) 06/25 22:42:25 Image size of job updated: 6079404
	5937  -  MemoryUsage of job (MB)
	6079404  -  ResidentSetSize of job (KB)
...
006 (17167635.870.000) 06/25 22:42:28 Image size of job updated: 103500
	102  -  MemoryUsage of job (MB)
	103500  -  ResidentSetSize of job (KB)
...
006 (17167635.869.000) 06/25 22:42:29 Image size of job updated: 85024
	84  -  MemoryUsage of job (MB)
	85024  -  ResidentSetSize of job (KB)
...
006 (17167635.841.000) 06/25 22:42:29 Image size of job updated: 3594860
	3511  -  MemoryUsage of job (MB)
	3594860  -  ResidentSetSize of job (KB)
...
040 (17167635.871.000) 06/25 22:42:31 Started transferring input files
	Transferring to host: <188.185.210.69:9618?addrs=188.185.210.69-9618+[2001-1458-303-1--100-41]-9618&alias=b9p21p0767.cern.ch&noUDP&sock=slot1_2_678847_df6e_9097>
...
040 (17167635.871.000) 06/25 22:42:31 Finished transferring input files
...
040 (17167635.872.000) 06/25 22:42:32 Started transferring input files
	Transferring to host: <128.142.196.64:9618?addrs=128.142.196.64-9618+[2001-1458-301-3c--100-3e]-9618&alias=b9g32p2268.cern.ch&noUDP&sock=slot1_38_2523024_66bf_54400>
...
040 (17167635.872.000) 06/25 22:42:32 Finished transferring input files
...
001 (17167635.871.000) 06/25 22:42:33 Job executing on host: <188.185.210.69:9618?addrs=188.185.210.69-9618+[2001-1458-303-1--100-41]-9618&alias=b9p21p0767.cern.ch&noUDP&sock=startd_678807_b840>
	SlotName: slot1_2@b9p21p0767.cern.ch
	CondorScratchDir = "/pool/condor/dir_3848123"
	Cpus = 3
	Disk = 3912
	GPUs = 0
	Memory = 9000
...
001 (17167635.872.000) 06/25 22:42:33 Job executing on host: <128.142.196.64:9618?addrs=128.142.196.64-9618+[2001-1458-301-3c--100-3e]-9618&alias=b9g32p2268.cern.ch&noUDP&sock=startd_3008_d0f7>
	SlotName: slot1_38@b9g32p2268.cern.ch
	CondorScratchDir = "/pool/condor/dir_119645"
	Cpus = 3
	Disk = 3792
	GPUs = 0
	Memory = 9000
...
040 (17167635.873.000) 06/25 22:42:34 Started transferring input files
	Transferring to host: <128.142.209.49:9618?addrs=128.142.209.49-9618+[2001-1458-301-21--100-11]-9618&alias=b9g41p7642.cern.ch&noUDP&sock=slot1_20_4247_2546_41899>
...
040 (17167635.873.000) 06/25 22:42:34 Finished transferring input files
...
001 (17167635.873.000) 06/25 22:42:35 Job executing on host: <128.142.209.49:9618?addrs=128.142.209.49-9618+[2001-1458-301-21--100-11]-9618&alias=b9g41p7642.cern.ch&noUDP&sock=startd_3433_54b7>
	SlotName: slot1_20@b9g41p7642.cern.ch
	CondorScratchDir = "/pool/condor/dir_2014461"
	Cpus = 3
	Disk = 6898
	GPUs = 0
	Memory = 9000
...
040 (17167635.874.000) 06/25 22:42:35 Started transferring input files
	Transferring to host: <128.142.209.5:9618?addrs=128.142.209.5-9618+[2001-1458-301-4--100-5]-9618&alias=b9g41p4342.cern.ch&noUDP&sock=slot1_2_369124_001b_8699>
...
040 (17167635.874.000) 06/25 22:42:35 Finished transferring input files
...
001 (17167635.874.000) 06/25 22:42:36 Job executing on host: <128.142.209.5:9618?addrs=128.142.209.5-9618+[2001-1458-301-4--100-5]-9618&alias=b9g41p4342.cern.ch&noUDP&sock=startd_369081_7215>
	SlotName: slot1_2@b9g41p4342.cern.ch
	CondorScratchDir = "/pool/condor/dir_1165025"
	Cpus = 3
	Disk = 6952
	GPUs = 0
	Memory = 9000
...
006 (17167635.842.000) 06/25 22:42:38 Image size of job updated: 2857128
	2791  -  MemoryUsage of job (MB)
	2857128  -  ResidentSetSize of job (KB)
...
040 (17167635.875.000) 06/25 22:42:39 Started transferring input files
	Transferring to host: <188.185.212.225:9618?addrs=188.185.212.225-9618+[2001-1458-303-19--100-5d]-9618&alias=b9p26p1103.cern.ch&noUDP&sock=slot1_28_703155_0ecb_9413>
...
040 (17167635.875.000) 06/25 22:42:39 Finished transferring input files
...
001 (17167635.875.000) 06/25 22:42:40 Job executing on host: <188.185.212.225:9618?addrs=188.185.212.225-9618+[2001-1458-303-19--100-5d]-9618&alias=b9p26p1103.cern.ch&noUDP&sock=startd_703040_8ac8>
	SlotName: slot1_28@b9p26p1103.cern.ch
	CondorScratchDir = "/pool/condor/dir_2184123"
	Cpus = 3
	Disk = 3779
	GPUs = 0
	Memory = 9000
...
006 (17167635.871.000) 06/25 22:42:41 Image size of job updated: 86492
	85  -  MemoryUsage of job (MB)
	86492  -  ResidentSetSize of job (KB)
...
006 (17167635.872.000) 06/25 22:42:42 Image size of job updated: 1796
	2  -  MemoryUsage of job (MB)
	1796  -  ResidentSetSize of job (KB)
...
006 (17167635.828.000) 06/25 22:42:47 Image size of job updated: 6107472
	5965  -  MemoryUsage of job (MB)
	6107472  -  ResidentSetSize of job (KB)
...
006 (17167635.843.000) 06/25 22:42:47 Image size of job updated: 3138644
	3066  -  MemoryUsage of job (MB)
	3138644  -  ResidentSetSize of job (KB)
...
006 (17167635.873.000) 06/25 22:42:48 Image size of job updated: 117096
	115  -  MemoryUsage of job (MB)
	117096  -  ResidentSetSize of job (KB)
...
006 (17167635.874.000) 06/25 22:42:50 Image size of job updated: 136684
	134  -  MemoryUsage of job (MB)
	136684  -  ResidentSetSize of job (KB)
...
006 (17167635.875.000) 06/25 22:42:54 Image size of job updated: 101840
	100  -  MemoryUsage of job (MB)
	101840  -  ResidentSetSize of job (KB)
...
006 (17167635.844.000) 06/25 22:42:56 Image size of job updated: 3529356
	3447  -  MemoryUsage of job (MB)
	3529356  -  ResidentSetSize of job (KB)
...
006 (17167635.829.000) 06/25 22:42:59 Image size of job updated: 6115668
	5973  -  MemoryUsage of job (MB)
	6115668  -  ResidentSetSize of job (KB)
...
006 (17167635.845.000) 06/25 22:43:00 Image size of job updated: 2905084
	2837  -  MemoryUsage of job (MB)
	2905084  -  ResidentSetSize of job (KB)
...
006 (17167635.830.000) 06/25 22:43:05 Image size of job updated: 6081672
	5940  -  MemoryUsage of job (MB)
	6081672  -  ResidentSetSize of job (KB)
...
006 (17167635.846.000) 06/25 22:43:06 Image size of job updated: 2860564
	2794  -  MemoryUsage of job (MB)
	2860564  -  ResidentSetSize of job (KB)
...
006 (17167635.831.000) 06/25 22:43:11 Image size of job updated: 6102304
	5960  -  MemoryUsage of job (MB)
	6102304  -  ResidentSetSize of job (KB)
...
040 (17167635.876.000) 06/25 22:43:13 Started transferring input files
	Transferring to host: <188.185.210.83:9618?addrs=188.185.210.83-9618+[2001-1458-303-1--100-4f]-9618&alias=b9p21p5499.cern.ch&noUDP&sock=slot1_10_789785_bacd_8128>
...
040 (17167635.876.000) 06/25 22:43:13 Finished transferring input files
...
001 (17167635.876.000) 06/25 22:43:14 Job executing on host: <188.185.210.83:9618?addrs=188.185.210.83-9618+[2001-1458-303-1--100-4f]-9618&alias=b9p21p5499.cern.ch&noUDP&sock=startd_789706_35a4>
	SlotName: slot1_10@b9p21p5499.cern.ch
	CondorScratchDir = "/pool/condor/dir_1567668"
	Cpus = 3
	Disk = 3682
	GPUs = 0
	Memory = 9000
...
040 (17167635.877.000) 06/25 22:43:20 Started transferring input files
	Transferring to host: <188.185.209.100:9618?addrs=188.185.209.100-9618+[2001-1458-303-11--100-61]-9618&alias=b9p11p0296.cern.ch&noUDP&sock=slot1_7_9095_000b_22257>
...
040 (17167635.877.000) 06/25 22:43:20 Finished transferring input files
...
001 (17167635.877.000) 06/25 22:43:21 Job executing on host: <188.185.209.100:9618?addrs=188.185.209.100-9618+[2001-1458-303-11--100-61]-9618&alias=b9p11p0296.cern.ch&noUDP&sock=startd_8986_3a20>
	SlotName: slot1_7@b9p11p0296.cern.ch
	CondorScratchDir = "/pool/condor/dir_1199748"
	Cpus = 3
	Disk = 3614
	GPUs = 0
	Memory = 9000
...
040 (17167635.878.000) 06/25 22:43:21 Started transferring input files
	Transferring to host: <188.185.215.63:9618?addrs=188.185.215.63-9618+[2001-1458-303-1e--100-3b]-9618&alias=b9p31p1310.cern.ch&noUDP&sock=slot1_19_1304361_128a_8067>
...
040 (17167635.878.000) 06/25 22:43:21 Finished transferring input files
...
001 (17167635.878.000) 06/25 22:43:22 Job executing on host: <188.185.215.63:9618?addrs=188.185.215.63-9618+[2001-1458-303-1e--100-3b]-9618&alias=b9p31p1310.cern.ch&noUDP&sock=startd_1304185_02d2>
	SlotName: slot1_19@b9p31p1310.cern.ch
	CondorScratchDir = "/pool/condor/dir_1987228"
	Cpus = 3
	Disk = 3812
	GPUs = 0
	Memory = 9000
...
006 (17167635.876.000) 06/25 22:43:23 Image size of job updated: 103932
	102  -  MemoryUsage of job (MB)
	103932  -  ResidentSetSize of job (KB)
...
040 (17167635.879.000) 06/25 22:43:25 Started transferring input files
	Transferring to host: <188.185.209.27:9618?addrs=188.185.209.27-9618+[2001-1458-303-11--100-18]-9618&alias=b9p11p4236.cern.ch&noUDP&sock=slot1_16_8031_50e0_21360>
...
040 (17167635.879.000) 06/25 22:43:25 Finished transferring input files
...
001 (17167635.879.000) 06/25 22:43:26 Job executing on host: <188.185.209.27:9618?addrs=188.185.209.27-9618+[2001-1458-303-11--100-18]-9618&alias=b9p11p4236.cern.ch&noUDP&sock=startd_6869_2421>
	SlotName: slot1_16@b9p11p4236.cern.ch
	CondorScratchDir = "/pool/condor/dir_3043449"
	Cpus = 3
	Disk = 3673
	GPUs = 0
	Memory = 9000
...
040 (17167635.880.000) 06/25 22:43:29 Started transferring input files
	Transferring to host: <188.185.207.139:9618?addrs=188.185.207.139-9618+[2001-1458-303-e--100-8]-9618&alias=b9p08p1203.cern.ch&noUDP&sock=slot1_13_9615_6320_22727>
...
040 (17167635.880.000) 06/25 22:43:29 Finished transferring input files
...
001 (17167635.880.000) 06/25 22:43:30 Job executing on host: <188.185.207.139:9618?addrs=188.185.207.139-9618+[2001-1458-303-e--100-8]-9618&alias=b9p08p1203.cern.ch&noUDP&sock=startd_9563_0045>
	SlotName: slot1_13@b9p08p1203.cern.ch
	CondorScratchDir = "/pool/condor/dir_3149108"
	Cpus = 3
	Disk = 3672
	GPUs = 0
	Memory = 9000
...
006 (17167635.878.000) 06/25 22:43:31 Image size of job updated: 106036
	104  -  MemoryUsage of job (MB)
	106036  -  ResidentSetSize of job (KB)
...
040 (17167635.881.000) 06/25 22:43:32 Started transferring input files
	Transferring to host: <188.185.210.34:9618?addrs=188.185.210.34-9618+[2001-1458-303-1--100-1e]-9618&alias=b9p21p6303.cern.ch&noUDP&sock=slot1_32_7816_d437_26240>
...
040 (17167635.881.000) 06/25 22:43:32 Finished transferring input files
...
001 (17167635.881.000) 06/25 22:43:33 Job executing on host: <188.185.210.34:9618?addrs=188.185.210.34-9618+[2001-1458-303-1--100-1e]-9618&alias=b9p21p6303.cern.ch&noUDP&sock=startd_7199_7e62>
	SlotName: slot1_32@b9p21p6303.cern.ch
	CondorScratchDir = "/pool/condor/dir_893537"
	Cpus = 3
	Disk = 3667
	GPUs = 0
	Memory = 9000
...
040 (17167635.882.000) 06/25 22:43:33 Started transferring input files
	Transferring to host: <188.185.238.45:9618?addrs=188.185.238.45-9618+[2001-1458-303-2a--100-9]-9618&alias=b9p33p5600.cern.ch&noUDP&sock=slot1_22_3263_d41e_43068>
...
040 (17167635.882.000) 06/25 22:43:33 Finished transferring input files
...
006 (17167635.877.000) 06/25 22:43:34 Image size of job updated: 85060
	84  -  MemoryUsage of job (MB)
	85060  -  ResidentSetSize of job (KB)
...
001 (17167635.882.000) 06/25 22:43:35 Job executing on host: <188.185.238.45:9618?addrs=188.185.238.45-9618+[2001-1458-303-2a--100-9]-9618&alias=b9p33p5600.cern.ch&noUDP&sock=startd_2620_ae38>
	SlotName: slot1_22@b9p33p5600.cern.ch
	CondorScratchDir = "/pool/condor/dir_2373944"
	Cpus = 3
	Disk = 6969
	GPUs = 0
	Memory = 9000
...
006 (17167635.832.000) 06/25 22:43:36 Image size of job updated: 6097760
	5955  -  MemoryUsage of job (MB)
	6097760  -  ResidentSetSize of job (KB)
...
006 (17167635.879.000) 06/25 22:43:40 Image size of job updated: 113944
	112  -  MemoryUsage of job (MB)
	113944  -  ResidentSetSize of job (KB)
...
006 (17167635.881.000) 06/25 22:43:42 Image size of job updated: 103592
	102  -  MemoryUsage of job (MB)
	103592  -  ResidentSetSize of job (KB)
...
006 (17167635.880.000) 06/25 22:43:43 Image size of job updated: 90472
	89  -  MemoryUsage of job (MB)
	90472  -  ResidentSetSize of job (KB)
...
006 (17167635.882.000) 06/25 22:43:48 Image size of job updated: 113532
	111  -  MemoryUsage of job (MB)
	113532  -  ResidentSetSize of job (KB)
...
006 (17167635.847.000) 06/25 22:43:57 Image size of job updated: 3644416
	3559  -  MemoryUsage of job (MB)
	3644416  -  ResidentSetSize of job (KB)
...
006 (17167635.848.000) 06/25 22:43:57 Image size of job updated: 4962724
	4847  -  MemoryUsage of job (MB)
	4962724  -  ResidentSetSize of job (KB)
...
040 (17167635.883.000) 06/25 22:43:58 Started transferring input files
	Transferring to host: <188.185.209.190:9618?addrs=188.185.209.190-9618+[2001-1458-303-12--100-3b]-9618&alias=b9p12p6813.cern.ch&noUDP&sock=slot1_14_9103_a30b_22067>
...
040 (17167635.883.000) 06/25 22:43:58 Finished transferring input files
...
001 (17167635.883.000) 06/25 22:43:59 Job executing on host: <188.185.209.190:9618?addrs=188.185.209.190-9618+[2001-1458-303-12--100-3b]-9618&alias=b9p12p6813.cern.ch&noUDP&sock=startd_9049_7097>
	SlotName: slot1_14@b9p12p6813.cern.ch
	CondorScratchDir = "/pool/condor/dir_3761769"
	Cpus = 3
	Disk = 3475
	GPUs = 0
	Memory = 9000
...
040 (17167635.884.000) 06/25 22:44:04 Started transferring input files
	Transferring to host: <188.185.215.39:9618?addrs=188.185.215.39-9618+[2001-1458-303-1e--100-23]-9618&alias=b9p31p4711.cern.ch&noUDP&sock=slot1_31_427669_3fc8_9701>
...
040 (17167635.884.000) 06/25 22:44:04 Finished transferring input files
...
001 (17167635.884.000) 06/25 22:44:05 Job executing on host: <188.185.215.39:9618?addrs=188.185.215.39-9618+[2001-1458-303-1e--100-23]-9618&alias=b9p31p4711.cern.ch&noUDP&sock=startd_427616_963f>
	SlotName: slot1_31@b9p31p4711.cern.ch
	CondorScratchDir = "/pool/condor/dir_2320060"
	Cpus = 3
	Disk = 3627
	GPUs = 0
	Memory = 9000
...
006 (17167635.850.000) 06/25 22:44:07 Image size of job updated: 2975896
	2907  -  MemoryUsage of job (MB)
	2975896  -  ResidentSetSize of job (KB)
...
040 (17167635.885.000) 06/25 22:44:07 Started transferring input files
	Transferring to host: <188.185.211.60:9618?addrs=188.185.211.60-9618+[2001-1458-303-16--100-38]-9618&alias=b9p23p7261.cern.ch&noUDP&sock=slot1_42_6891_1531_27418>
...
040 (17167635.885.000) 06/25 22:44:07 Finished transferring input files
...
001 (17167635.885.000) 06/25 22:44:08 Job executing on host: <188.185.211.60:9618?addrs=188.185.211.60-9618+[2001-1458-303-16--100-38]-9618&alias=b9p23p7261.cern.ch&noUDP&sock=startd_6428_a6dd>
	SlotName: slot1_42@b9p23p7261.cern.ch
	CondorScratchDir = "/pool/condor/dir_2629000"
	Cpus = 3
	Disk = 3722
	GPUs = 0
	Memory = 9000
...
006 (17167635.849.000) 06/25 22:44:09 Image size of job updated: 2902232
	2835  -  MemoryUsage of job (MB)
	2902232  -  ResidentSetSize of job (KB)
...
006 (17167635.883.000) 06/25 22:44:13 Image size of job updated: 101560
	100  -  MemoryUsage of job (MB)
	101560  -  ResidentSetSize of job (KB)
...
006 (17167635.884.000) 06/25 22:44:14 Image size of job updated: 108020
	106  -  MemoryUsage of job (MB)
	108020  -  ResidentSetSize of job (KB)
...
040 (17167635.886.000) 06/25 22:44:18 Started transferring input files
	Transferring to host: <188.185.212.176:9618?addrs=188.185.212.176-9618+[2001-1458-303-19--100-2c]-9618&alias=b9p26p1659.cern.ch&noUDP&sock=slot1_9_8409_a6af_26263>
...
040 (17167635.886.000) 06/25 22:44:18 Finished transferring input files
...
001 (17167635.886.000) 06/25 22:44:19 Job executing on host: <188.185.212.176:9618?addrs=188.185.212.176-9618+[2001-1458-303-19--100-2c]-9618&alias=b9p26p1659.cern.ch&noUDP&sock=startd_8335_b1f8>
	SlotName: slot1_9@b9p26p1659.cern.ch
	CondorScratchDir = "/pool/condor/dir_154184"
	Cpus = 3
	Disk = 3766
	GPUs = 0
	Memory = 9000
...
006 (17167635.885.000) 06/25 22:44:22 Image size of job updated: 103524
	102  -  MemoryUsage of job (MB)
	103524  -  ResidentSetSize of job (KB)
...
040 (17167635.887.000) 06/25 22:44:25 Started transferring input files
	Transferring to host: <188.185.206.201:9618?addrs=188.185.206.201-9618+[2001-1458-303-c--100-46]-9618&alias=b9p06p5288.cern.ch&noUDP&sock=slot1_18_6078_4030_24021>
...
040 (17167635.887.000) 06/25 22:44:25 Finished transferring input files
...
001 (17167635.887.000) 06/25 22:44:26 Job executing on host: <188.185.206.201:9618?addrs=188.185.206.201-9618+[2001-1458-303-c--100-46]-9618&alias=b9p06p5288.cern.ch&noUDP&sock=startd_5069_7da8>
	SlotName: slot1_18@b9p06p5288.cern.ch
	CondorScratchDir = "/pool/condor/dir_1977926"
	Cpus = 3
	Disk = 3607
	GPUs = 0
	Memory = 9000
...
006 (17167635.851.000) 06/25 22:44:32 Image size of job updated: 6063072
	5921  -  MemoryUsage of job (MB)
	6063072  -  ResidentSetSize of job (KB)
...
006 (17167635.886.000) 06/25 22:44:33 Image size of job updated: 88008
	86  -  MemoryUsage of job (MB)
	88008  -  ResidentSetSize of job (KB)
...
006 (17167635.852.000) 06/25 22:44:37 Image size of job updated: 6075980
	5934  -  MemoryUsage of job (MB)
	6075980  -  ResidentSetSize of job (KB)
...
006 (17167635.887.000) 06/25 22:44:39 Image size of job updated: 73196
	72  -  MemoryUsage of job (MB)
	73196  -  ResidentSetSize of job (KB)
...
006 (17167635.853.000) 06/25 22:44:40 Image size of job updated: 4336600
	4235  -  MemoryUsage of job (MB)
	4336600  -  ResidentSetSize of job (KB)
...
006 (17167635.854.000) 06/25 22:44:48 Image size of job updated: 2852592
	2786  -  MemoryUsage of job (MB)
	2852592  -  ResidentSetSize of job (KB)
...
006 (17167635.855.000) 06/25 22:44:50 Image size of job updated: 6072008
	5930  -  MemoryUsage of job (MB)
	6072008  -  ResidentSetSize of job (KB)
...
006 (17167635.856.000) 06/25 22:45:06 Image size of job updated: 4044040
	3950  -  MemoryUsage of job (MB)
	4044040  -  ResidentSetSize of job (KB)
...
006 (17167635.857.000) 06/25 22:45:07 Image size of job updated: 3489256
	3408  -  MemoryUsage of job (MB)
	3489256  -  ResidentSetSize of job (KB)
...
040 (17167635.888.000) 06/25 22:45:14 Started transferring input files
	Transferring to host: <188.185.208.66:9618?addrs=188.185.208.66-9618+[2001-1458-303-f--100-3f]-9618&alias=b9p09p4833.cern.ch&noUDP&sock=slot1_18_9126_d7ac_10710>
...
040 (17167635.888.000) 06/25 22:45:14 Finished transferring input files
...
001 (17167635.888.000) 06/25 22:45:15 Job executing on host: <188.185.208.66:9618?addrs=188.185.208.66-9618+[2001-1458-303-f--100-3f]-9618&alias=b9p09p4833.cern.ch&noUDP&sock=startd_9043_5306>
	SlotName: slot1_18@b9p09p4833.cern.ch
	CondorScratchDir = "/pool/condor/dir_2609681"
	Cpus = 3
	Disk = 3381
	GPUs = 0
	Memory = 9000
...
006 (17167635.858.000) 06/25 22:45:16 Image size of job updated: 4307016
	4207  -  MemoryUsage of job (MB)
	4307016  -  ResidentSetSize of job (KB)
...
040 (17167635.889.000) 06/25 22:45:17 Started transferring input files
	Transferring to host: <188.185.210.211:9618?addrs=188.185.210.211-9618+[2001-1458-303-15--100-4f]-9618&alias=b9p22p6834.cern.ch&noUDP&sock=slot1_10_3445573_a12a_8987>
...
040 (17167635.889.000) 06/25 22:45:17 Finished transferring input files
...
001 (17167635.889.000) 06/25 22:45:18 Job executing on host: <188.185.210.211:9618?addrs=188.185.210.211-9618+[2001-1458-303-15--100-4f]-9618&alias=b9p22p6834.cern.ch&noUDP&sock=startd_3445154_aab7>
	SlotName: slot1_10@b9p22p6834.cern.ch
	CondorScratchDir = "/pool/condor/dir_660152"
	Cpus = 3
	Disk = 3667
	GPUs = 0
	Memory = 9000
...
040 (17167635.890.000) 06/25 22:45:22 Started transferring input files
	Transferring to host: <128.142.209.36:9618?addrs=128.142.209.36-9618+[2001-1458-301-21--100-4]-9618&alias=b9g41p6925.cern.ch&noUDP&sock=slot1_10_13254_6454_43533>
...
040 (17167635.890.000) 06/25 22:45:22 Finished transferring input files
...
001 (17167635.890.000) 06/25 22:45:24 Job executing on host: <128.142.209.36:9618?addrs=128.142.209.36-9618+[2001-1458-301-21--100-4]-9618&alias=b9g41p6925.cern.ch&noUDP&sock=startd_11794_480f>
	SlotName: slot1_10@b9g41p6925.cern.ch
	CondorScratchDir = "/pool/condor/dir_1363586"
	Cpus = 3
	Disk = 6738
	GPUs = 0
	Memory = 9000
...
006 (17167635.889.000) 06/25 22:45:26 Image size of job updated: 102472
	101  -  MemoryUsage of job (MB)
	102472  -  ResidentSetSize of job (KB)
...
040 (17167635.891.000) 06/25 22:45:26 Started transferring input files
	Transferring to host: <188.185.212.217:9618?addrs=188.185.212.217-9618+[2001-1458-303-19--100-55]-9618&alias=b9p26p2089.cern.ch&noUDP&sock=slot1_20_8382_a08e_26682>
...
040 (17167635.891.000) 06/25 22:45:26 Finished transferring input files
...
006 (17167635.834.000) 06/25 22:45:26 Image size of job updated: 6104364
	5962  -  MemoryUsage of job (MB)
	6104364  -  ResidentSetSize of job (KB)
...
001 (17167635.891.000) 06/25 22:45:27 Job executing on host: <188.185.212.217:9618?addrs=188.185.212.217-9618+[2001-1458-303-19--100-55]-9618&alias=b9p26p2089.cern.ch&noUDP&sock=startd_7819_c31a>
	SlotName: slot1_20@b9p26p2089.cern.ch
	CondorScratchDir = "/pool/condor/dir_3117736"
	Cpus = 3
	Disk = 3628
	GPUs = 0
	Memory = 9000
...
006 (17167635.833.000) 06/25 22:45:27 Image size of job updated: 6106136
	5964  -  MemoryUsage of job (MB)
	6106136  -  ResidentSetSize of job (KB)
...
006 (17167635.888.000) 06/25 22:45:28 Image size of job updated: 76280
	75  -  MemoryUsage of job (MB)
	76280  -  ResidentSetSize of job (KB)
...
040 (17167635.892.000) 06/25 22:45:28 Started transferring input files
	Transferring to host: <128.142.209.49:9618?addrs=128.142.209.49-9618+[2001-1458-301-21--100-11]-9618&alias=b9g41p7642.cern.ch&noUDP&sock=slot1_8_4247_2546_41907>
...
040 (17167635.892.000) 06/25 22:45:28 Finished transferring input files
...
001 (17167635.892.000) 06/25 22:45:29 Job executing on host: <128.142.209.49:9618?addrs=128.142.209.49-9618+[2001-1458-301-21--100-11]-9618&alias=b9g41p7642.cern.ch&noUDP&sock=startd_3433_54b7>
	SlotName: slot1_8@b9g41p7642.cern.ch
	CondorScratchDir = "/pool/condor/dir_2027210"
	Cpus = 3
	Disk = 6882
	GPUs = 0
	Memory = 9000
...
040 (17167635.893.000) 06/25 22:45:30 Started transferring input files
	Transferring to host: <188.185.211.197:9618?addrs=188.185.211.197-9618+[2001-1458-303-17--100-41]-9618&alias=b9p24p6664.cern.ch&noUDP&sock=slot1_2_3786217_24c6_9463>
...
040 (17167635.893.000) 06/25 22:45:30 Finished transferring input files
...
001 (17167635.893.000) 06/25 22:45:31 Job executing on host: <188.185.211.197:9618?addrs=188.185.211.197-9618+[2001-1458-303-17--100-41]-9618&alias=b9p24p6664.cern.ch&noUDP&sock=startd_3786179_739d>
	SlotName: slot1_2@b9p24p6664.cern.ch
	CondorScratchDir = "/pool/condor/dir_144011"
	Cpus = 3
	Disk = 3731
	GPUs = 0
	Memory = 9000
...
006 (17167635.835.000) 06/25 22:45:32 Image size of job updated: 6091744
	5949  -  MemoryUsage of job (MB)
	6091744  -  ResidentSetSize of job (KB)
...
040 (17167635.894.000) 06/25 22:45:34 Started transferring input files
	Transferring to host: <188.185.208.135:9618?addrs=188.185.208.135-9618+[2001-1458-303-10--100-4]-9618&alias=b9p10p6130.cern.ch&noUDP&sock=slot1_15_9063_740a_22775>
...
040 (17167635.894.000) 06/25 22:45:34 Finished transferring input files
...
001 (17167635.894.000) 06/25 22:45:35 Job executing on host: <188.185.208.135:9618?addrs=188.185.208.135-9618+[2001-1458-303-10--100-4]-9618&alias=b9p10p6130.cern.ch&noUDP&sock=startd_8908_b9bd>
	SlotName: slot1_15@b9p10p6130.cern.ch
	CondorScratchDir = "/pool/condor/dir_207691"
	Cpus = 3
	Disk = 3579
	GPUs = 0
	Memory = 9000
...
006 (17167635.890.000) 06/25 22:45:37 Image size of job updated: 98700
	97  -  MemoryUsage of job (MB)
	98700  -  ResidentSetSize of job (KB)
...
006 (17167635.859.000) 06/25 22:45:38 Image size of job updated: 2855616
	2789  -  MemoryUsage of job (MB)
	2855616  -  ResidentSetSize of job (KB)
...
006 (17167635.893.000) 06/25 22:45:40 Image size of job updated: 123332
	121  -  MemoryUsage of job (MB)
	123332  -  ResidentSetSize of job (KB)
...
006 (17167635.891.000) 06/25 22:45:41 Image size of job updated: 122076
	120  -  MemoryUsage of job (MB)
	122076  -  ResidentSetSize of job (KB)
...
006 (17167635.836.000) 06/25 22:45:43 Image size of job updated: 6099516
	5957  -  MemoryUsage of job (MB)
	6099516  -  ResidentSetSize of job (KB)
...
040 (17167635.895.000) 06/25 22:45:43 Started transferring input files
	Transferring to host: <188.185.205.197:9618?addrs=188.185.205.197-9618+[2001-1458-303-a--100-42]-9618&alias=b9p04p1952.cern.ch&noUDP&sock=slot1_14_15661_5756_6397>
...
040 (17167635.895.000) 06/25 22:45:43 Finished transferring input files
...
006 (17167635.892.000) 06/25 22:45:43 Image size of job updated: 137632
	135  -  MemoryUsage of job (MB)
	137632  -  ResidentSetSize of job (KB)
...
001 (17167635.895.000) 06/25 22:45:44 Job executing on host: <188.185.205.197:9618?addrs=188.185.205.197-9618+[2001-1458-303-a--100-42]-9618&alias=b9p04p1952.cern.ch&noUDP&sock=startd_14538_6ff0>
	SlotName: slot1_14@b9p04p1952.cern.ch
	CondorScratchDir = "/pool/condor/dir_3242004"
	Cpus = 3
	Disk = 3636
	GPUs = 0
	Memory = 9000
...
006 (17167635.860.000) 06/25 22:45:47 Image size of job updated: 2851352
	2785  -  MemoryUsage of job (MB)
	2851352  -  ResidentSetSize of job (KB)
...
006 (17167635.894.000) 06/25 22:45:49 Image size of job updated: 122132
	120  -  MemoryUsage of job (MB)
	122132  -  ResidentSetSize of job (KB)
...
040 (17167635.896.000) 06/25 22:45:53 Started transferring input files
	Transferring to host: <188.185.207.46:9618?addrs=188.185.207.46-9618+[2001-1458-303-d--100-2b]-9618&alias=b9p07p4372.cern.ch&noUDP&sock=slot1_21_9071_170a_25435>
...
040 (17167635.896.000) 06/25 22:45:53 Finished transferring input files
...
001 (17167635.896.000) 06/25 22:45:54 Job executing on host: <188.185.207.46:9618?addrs=188.185.207.46-9618+[2001-1458-303-d--100-2b]-9618&alias=b9p07p4372.cern.ch&noUDP&sock=startd_8977_0dc5>
	SlotName: slot1_21@b9p07p4372.cern.ch
	CondorScratchDir = "/pool/condor/dir_2791764"
	Cpus = 3
	Disk = 3277
	GPUs = 0
	Memory = 9000
...
006 (17167635.861.000) 06/25 22:45:55 Image size of job updated: 3794816
	3706  -  MemoryUsage of job (MB)
	3794816  -  ResidentSetSize of job (KB)
...
006 (17167635.895.000) 06/25 22:45:58 Image size of job updated: 116940
	115  -  MemoryUsage of job (MB)
	116940  -  ResidentSetSize of job (KB)
...
040 (17167635.897.000) 06/25 22:46:02 Started transferring input files
	Transferring to host: <188.185.215.50:9618?addrs=188.185.215.50-9618+[2001-1458-303-1e--100-2e]-9618&alias=b9p31p5742.cern.ch&noUDP&sock=slot1_11_8428_09d0_25925>
...
040 (17167635.897.000) 06/25 22:46:02 Finished transferring input files
...
001 (17167635.897.000) 06/25 22:46:03 Job executing on host: <188.185.215.50:9618?addrs=188.185.215.50-9618+[2001-1458-303-1e--100-2e]-9618&alias=b9p31p5742.cern.ch&noUDP&sock=startd_8371_6361>
	SlotName: slot1_11@b9p31p5742.cern.ch
	CondorScratchDir = "/pool/condor/dir_4123894"
	Cpus = 3
	Disk = 3648
	GPUs = 0
	Memory = 9000
...
006 (17167635.863.000) 06/25 22:46:03 Image size of job updated: 2864432
	2798  -  MemoryUsage of job (MB)
	2864432  -  ResidentSetSize of job (KB)
...
006 (17167635.862.000) 06/25 22:46:04 Image size of job updated: 2899504
	2832  -  MemoryUsage of job (MB)
	2899504  -  ResidentSetSize of job (KB)
...
006 (17167635.805.000) 06/25 22:46:06 Image size of job updated: 6699824
	6543  -  MemoryUsage of job (MB)
	6699824  -  ResidentSetSize of job (KB)
...
006 (17167635.806.000) 06/25 22:46:06 Image size of job updated: 6682376
	6526  -  MemoryUsage of job (MB)
	6682376  -  ResidentSetSize of job (KB)
...
006 (17167635.896.000) 06/25 22:46:07 Image size of job updated: 90716
	89  -  MemoryUsage of job (MB)
	90716  -  ResidentSetSize of job (KB)
...
006 (17167635.864.000) 06/25 22:46:08 Image size of job updated: 2924868
	2857  -  MemoryUsage of job (MB)
	2924868  -  ResidentSetSize of job (KB)
...
006 (17167635.813.000) 06/25 22:46:08 Image size of job updated: 6364260
	6216  -  MemoryUsage of job (MB)
	6364260  -  ResidentSetSize of job (KB)
...
006 (17167635.807.000) 06/25 22:46:08 Image size of job updated: 6695204
	6539  -  MemoryUsage of job (MB)
	6695204  -  ResidentSetSize of job (KB)
...
006 (17167635.818.000) 06/25 22:46:09 Image size of job updated: 6353136
	6205  -  MemoryUsage of job (MB)
	6353136  -  ResidentSetSize of job (KB)
...
006 (17167635.812.000) 06/25 22:46:09 Image size of job updated: 6706904
	6550  -  MemoryUsage of job (MB)
	6706904  -  ResidentSetSize of job (KB)
...
006 (17167635.804.000) 06/25 22:46:10 Image size of job updated: 6141744
	5998  -  MemoryUsage of job (MB)
	6141744  -  ResidentSetSize of job (KB)
...
006 (17167635.795.000) 06/25 22:46:10 Image size of job updated: 6702340
	6546  -  MemoryUsage of job (MB)
	6702340  -  ResidentSetSize of job (KB)
...
006 (17167635.814.000) 06/25 22:46:11 Image size of job updated: 6752872
	6595  -  MemoryUsage of job (MB)
	6752872  -  ResidentSetSize of job (KB)
...
006 (17167635.897.000) 06/25 22:46:11 Image size of job updated: 105120
	103  -  MemoryUsage of job (MB)
	105120  -  ResidentSetSize of job (KB)
...
006 (17167635.820.000) 06/25 22:46:12 Image size of job updated: 6517920
	6366  -  MemoryUsage of job (MB)
	6517920  -  ResidentSetSize of job (KB)
...
006 (17167635.821.000) 06/25 22:46:12 Image size of job updated: 6515624
	6363  -  MemoryUsage of job (MB)
	6515624  -  ResidentSetSize of job (KB)
...
006 (17167635.817.000) 06/25 22:46:12 Image size of job updated: 6555328
	6402  -  MemoryUsage of job (MB)
	6555328  -  ResidentSetSize of job (KB)
...
006 (17167635.809.000) 06/25 22:46:13 Image size of job updated: 6139356
	5996  -  MemoryUsage of job (MB)
	6139356  -  ResidentSetSize of job (KB)
...
006 (17167635.810.000) 06/25 22:46:14 Image size of job updated: 6145588
	6002  -  MemoryUsage of job (MB)
	6145588  -  ResidentSetSize of job (KB)
...
006 (17167635.837.000) 06/25 22:46:14 Image size of job updated: 6086384
	5944  -  MemoryUsage of job (MB)
	6086384  -  ResidentSetSize of job (KB)
...
040 (17167635.898.000) 06/25 22:46:14 Started transferring input files
	Transferring to host: <188.185.208.179:9618?addrs=188.185.208.179-9618+[2001-1458-303-10--100-30]-9618&alias=b9p10p4251.cern.ch&noUDP&sock=slot1_21_9003_2d87_23863>
...
040 (17167635.898.000) 06/25 22:46:14 Finished transferring input files
...
040 (17167635.899.000) 06/25 22:46:14 Started transferring input files
	Transferring to host: <188.185.213.107:9618?addrs=188.185.213.107-9618+[2001-1458-303-1a--100-67]-9618&alias=b9p27p5475.cern.ch&noUDP&sock=slot1_10_8279_0dea_28397>
...
040 (17167635.899.000) 06/25 22:46:14 Finished transferring input files
...
001 (17167635.898.000) 06/25 22:46:15 Job executing on host: <188.185.208.179:9618?addrs=188.185.208.179-9618+[2001-1458-303-10--100-30]-9618&alias=b9p10p4251.cern.ch&noUDP&sock=startd_8125_a715>
	SlotName: slot1_21@b9p10p4251.cern.ch
	CondorScratchDir = "/pool/condor/dir_3195173"
	Cpus = 3
	Disk = 3718
	GPUs = 0
	Memory = 9000
...
001 (17167635.899.000) 06/25 22:46:15 Job executing on host: <188.185.213.107:9618?addrs=188.185.213.107-9618+[2001-1458-303-1a--100-67]-9618&alias=b9p27p5475.cern.ch&noUDP&sock=startd_7714_bda8>
	SlotName: slot1_10@b9p27p5475.cern.ch
	CondorScratchDir = "/pool/condor/dir_3848405"
	Cpus = 3
	Disk = 2609997
	Memory = 9000
...
006 (17167635.816.000) 06/25 22:46:15 Image size of job updated: 6086496
	5944  -  MemoryUsage of job (MB)
	6086496  -  ResidentSetSize of job (KB)
...
006 (17167635.811.000) 06/25 22:46:16 Image size of job updated: 6138840
	5995  -  MemoryUsage of job (MB)
	6138840  -  ResidentSetSize of job (KB)
...
006 (17167635.823.000) 06/25 22:46:16 Image size of job updated: 6138780
	5995  -  MemoryUsage of job (MB)
	6138780  -  ResidentSetSize of job (KB)
...
006 (17167635.815.000) 06/25 22:46:17 Image size of job updated: 6144912
	6001  -  MemoryUsage of job (MB)
	6144912  -  ResidentSetSize of job (KB)
...
006 (17167635.838.000) 06/25 22:46:17 Image size of job updated: 6140988
	5998  -  MemoryUsage of job (MB)
	6140988  -  ResidentSetSize of job (KB)
...
006 (17167635.800.000) 06/25 22:46:17 Image size of job updated: 6316028
	6126  -  MemoryUsage of job (MB)
	6272952  -  ResidentSetSize of job (KB)
...
006 (17167635.819.000) 06/25 22:46:17 Image size of job updated: 6308940
	6071  -  MemoryUsage of job (MB)
	6216292  -  ResidentSetSize of job (KB)
...
006 (17167635.822.000) 06/25 22:46:18 Image size of job updated: 6336100
	6188  -  MemoryUsage of job (MB)
	6336100  -  ResidentSetSize of job (KB)
...
006 (17167635.865.000) 06/25 22:46:20 Image size of job updated: 6067264
	5926  -  MemoryUsage of job (MB)
	6067264  -  ResidentSetSize of job (KB)
...
006 (17167635.898.000) 06/25 22:46:23 Image size of job updated: 89064
	87  -  MemoryUsage of job (MB)
	89064  -  ResidentSetSize of job (KB)
...
006 (17167635.899.000) 06/25 22:46:24 Image size of job updated: 117372
	115  -  MemoryUsage of job (MB)
	117372  -  ResidentSetSize of job (KB)
...
006 (17167635.866.000) 06/25 22:46:27 Image size of job updated: 5755112
	5621  -  MemoryUsage of job (MB)
	5755112  -  ResidentSetSize of job (KB)
...
006 (17167635.867.000) 06/25 22:46:30 Image size of job updated: 2848840
	2783  -  MemoryUsage of job (MB)
	2848840  -  ResidentSetSize of job (KB)
...
040 (17167635.900.000) 06/25 22:46:39 Started transferring input files
	Transferring to host: <128.142.33.204:9618?addrs=128.142.33.204-9618+[2001-1458-301-39--100-9]-9618&alias=b9g24p7720.cern.ch&noUDP&sock=slot1_9_481896_1385_8871>
...
040 (17167635.900.000) 06/25 22:46:39 Finished transferring input files
...
001 (17167635.900.000) 06/25 22:46:40 Job executing on host: <128.142.33.204:9618?addrs=128.142.33.204-9618+[2001-1458-301-39--100-9]-9618&alias=b9g24p7720.cern.ch&noUDP&sock=startd_481841_6d39>
	SlotName: slot1_9@b9g24p7720.cern.ch
	CondorScratchDir = "/pool/condor/dir_2728310"
	Cpus = 3
	Disk = 3449
	GPUs = 0
	Memory = 9000
...
040 (17167635.901.000) 06/25 22:46:41 Started transferring input files
	Transferring to host: <188.185.238.45:9618?addrs=188.185.238.45-9618+[2001-1458-303-2a--100-9]-9618&alias=b9p33p5600.cern.ch&noUDP&sock=slot1_25_3263_d41e_43075>
...
040 (17167635.901.000) 06/25 22:46:41 Finished transferring input files
...
001 (17167635.901.000) 06/25 22:46:42 Job executing on host: <188.185.238.45:9618?addrs=188.185.238.45-9618+[2001-1458-303-2a--100-9]-9618&alias=b9p33p5600.cern.ch&noUDP&sock=startd_2620_ae38>
	SlotName: slot1_25@b9p33p5600.cern.ch
	CondorScratchDir = "/pool/condor/dir_2380236"
	Cpus = 3
	Disk = 6969
	GPUs = 0
	Memory = 9000
...
040 (17167635.902.000) 06/25 22:46:46 Started transferring input files
	Transferring to host: <188.185.215.192:9618?addrs=188.185.215.192-9618+[2001-1458-303-26--100-3c]-9618&alias=b9p18p7291.cern.ch&noUDP&sock=slot1_21_1670959_8706_9363>
...
040 (17167635.902.000) 06/25 22:46:46 Finished transferring input files
...
040 (17167635.903.000) 06/25 22:46:47 Started transferring input files
	Transferring to host: <188.185.209.189:9618?addrs=188.185.209.189-9618+[2001-1458-303-12--100-3a]-9618&alias=b9p12p5961.cern.ch&noUDP&sock=slot1_4_9062_bfaa_23325>
...
040 (17167635.903.000) 06/25 22:46:47 Finished transferring input files
...
001 (17167635.902.000) 06/25 22:46:47 Job executing on host: <188.185.215.192:9618?addrs=188.185.215.192-9618+[2001-1458-303-26--100-3c]-9618&alias=b9p18p7291.cern.ch&noUDP&sock=startd_1670905_6db6>
	SlotName: slot1_21@b9p18p7291.cern.ch
	CondorScratchDir = "/pool/condor/dir_3992957"
	Cpus = 3
	Disk = 3734
	GPUs = 0
	Memory = 9000
...
001 (17167635.903.000) 06/25 22:46:48 Job executing on host: <188.185.209.189:9618?addrs=188.185.209.189-9618+[2001-1458-303-12--100-3a]-9618&alias=b9p12p5961.cern.ch&noUDP&sock=startd_8983_2b57>
	SlotName: slot1_4@b9p12p5961.cern.ch
	CondorScratchDir = "/pool/condor/dir_3288813"
	Cpus = 3
	Disk = 3787
	GPUs = 0
	Memory = 9000
...
006 (17167635.900.000) 06/25 22:46:49 Image size of job updated: 109464
	107  -  MemoryUsage of job (MB)
	109464  -  ResidentSetSize of job (KB)
...
006 (17167635.824.000) 06/25 22:46:49 Image size of job updated: 6153104
	6009  -  MemoryUsage of job (MB)
	6153104  -  ResidentSetSize of job (KB)
...
006 (17167635.902.000) 06/25 22:46:56 Image size of job updated: 124024
	122  -  MemoryUsage of job (MB)
	124024  -  ResidentSetSize of job (KB)
...
006 (17167635.901.000) 06/25 22:46:56 Image size of job updated: 133016
	130  -  MemoryUsage of job (MB)
	133016  -  ResidentSetSize of job (KB)
...
040 (17167635.904.000) 06/25 22:46:59 Started transferring input files
	Transferring to host: <188.185.215.193:9618?addrs=188.185.215.193-9618+[2001-1458-303-26--100-3d]-9618&alias=b9p18p8514.cern.ch&noUDP&sock=slot1_4_8392_ac4e_26119>
...
040 (17167635.904.000) 06/25 22:46:59 Finished transferring input files
...
001 (17167635.904.000) 06/25 22:47:00 Job executing on host: <188.185.215.193:9618?addrs=188.185.215.193-9618+[2001-1458-303-26--100-3d]-9618&alias=b9p18p8514.cern.ch&noUDP&sock=startd_8258_e12d>
	SlotName: slot1_4@b9p18p8514.cern.ch
	CondorScratchDir = "/pool/condor/dir_2017554"
	Cpus = 3
	Disk = 3529
	GPUs = 0
	Memory = 9000
...
006 (17167635.903.000) 06/25 22:47:01 Image size of job updated: 73700
	72  -  MemoryUsage of job (MB)
	73700  -  ResidentSetSize of job (KB)
...
040 (17167635.905.000) 06/25 22:47:01 Started transferring input files
	Transferring to host: <188.185.238.41:9618?addrs=188.185.238.41-9618+[2001-1458-303-2a--100-5]-9618&alias=b9p33p8817.cern.ch&noUDP&sock=slot1_11_9603_eea0_43224>
...
040 (17167635.905.000) 06/25 22:47:01 Finished transferring input files
...
001 (17167635.905.000) 06/25 22:47:02 Job executing on host: <188.185.238.41:9618?addrs=188.185.238.41-9618+[2001-1458-303-2a--100-5]-9618&alias=b9p33p8817.cern.ch&noUDP&sock=startd_8120_391c>
	SlotName: slot1_11@b9p33p8817.cern.ch
	CondorScratchDir = "/pool/condor/dir_3937139"
	Cpus = 3
	Disk = 6930
	GPUs = 0
	Memory = 9000
...
006 (17167635.839.000) 06/25 22:47:04 Image size of job updated: 6083548
	5941  -  MemoryUsage of job (MB)
	6083548  -  ResidentSetSize of job (KB)
...
040 (17167635.906.000) 06/25 22:47:04 Started transferring input files
	Transferring to host: <188.185.215.62:9618?addrs=188.185.215.62-9618+[2001-1458-303-1e--100-3a]-9618&alias=b9p31p3743.cern.ch&noUDP&sock=slot1_1_8436_acd0_27502>
...
040 (17167635.906.000) 06/25 22:47:04 Finished transferring input files
...
001 (17167635.906.000) 06/25 22:47:05 Job executing on host: <188.185.215.62:9618?addrs=188.185.215.62-9618+[2001-1458-303-1e--100-3a]-9618&alias=b9p31p3743.cern.ch&noUDP&sock=startd_8361_876f>
	SlotName: slot1_1@b9p31p3743.cern.ch
	CondorScratchDir = "/pool/condor/dir_2975218"
	Cpus = 3
	Disk = 3723
	GPUs = 0
	Memory = 9000
...
006 (17167635.840.000) 06/25 22:47:08 Image size of job updated: 6101068
	5959  -  MemoryUsage of job (MB)
	6101068  -  ResidentSetSize of job (KB)
...
006 (17167635.825.000) 06/25 22:47:09 Image size of job updated: 6154696
	6011  -  MemoryUsage of job (MB)
	6154696  -  ResidentSetSize of job (KB)
...
006 (17167635.904.000) 06/25 22:47:09 Image size of job updated: 123728
	121  -  MemoryUsage of job (MB)
	123728  -  ResidentSetSize of job (KB)
...
006 (17167635.868.000) 06/25 22:47:14 Image size of job updated: 4183636
	4086  -  MemoryUsage of job (MB)
	4183636  -  ResidentSetSize of job (KB)
...
006 (17167635.906.000) 06/25 22:47:14 Image size of job updated: 124112
	122  -  MemoryUsage of job (MB)
	124112  -  ResidentSetSize of job (KB)
...
006 (17167635.826.000) 06/25 22:47:15 Image size of job updated: 6154020
	6010  -  MemoryUsage of job (MB)
	6154020  -  ResidentSetSize of job (KB)
...
040 (17167635.907.000) 06/25 22:47:16 Started transferring input files
	Transferring to host: <188.185.211.142:9618?addrs=188.185.211.142-9618+[2001-1458-303-17--100-a]-9618&alias=b9p24p4776.cern.ch&noUDP&sock=slot1_12_6517_90e2_27606>
...
040 (17167635.907.000) 06/25 22:47:16 Finished transferring input files
...
006 (17167635.905.000) 06/25 22:47:16 Image size of job updated: 122108
	120  -  MemoryUsage of job (MB)
	122108  -  ResidentSetSize of job (KB)
...
001 (17167635.907.000) 06/25 22:47:17 Job executing on host: <188.185.211.142:9618?addrs=188.185.211.142-9618+[2001-1458-303-17--100-a]-9618&alias=b9p24p4776.cern.ch&noUDP&sock=startd_5864_cb73>
	SlotName: slot1_12@b9p24p4776.cern.ch
	CondorScratchDir = "/pool/condor/dir_722617"
	Cpus = 3
	Disk = 3709
	GPUs = 0
	Memory = 9000
...
040 (17167635.908.000) 06/25 22:47:18 Started transferring input files
	Transferring to host: <188.185.210.197:9618?addrs=188.185.210.197-9618+[2001-1458-303-15--100-41]-9618&alias=b9p22p5497.cern.ch&noUDP&sock=slot1_17_8384_094e_27094>
...
040 (17167635.908.000) 06/25 22:47:18 Finished transferring input files
...
040 (17167635.909.000) 06/25 22:47:19 Started transferring input files
	Transferring to host: <188.185.208.170:9618?addrs=188.185.208.170-9618+[2001-1458-303-10--100-27]-9618&alias=b9p10p0963.cern.ch&noUDP&sock=slot1_10_9181_984e_22896>
...
040 (17167635.909.000) 06/25 22:47:19 Finished transferring input files
...
001 (17167635.908.000) 06/25 22:47:19 Job executing on host: <188.185.210.197:9618?addrs=188.185.210.197-9618+[2001-1458-303-15--100-41]-9618&alias=b9p22p5497.cern.ch&noUDP&sock=startd_8325_d606>
	SlotName: slot1_17@b9p22p5497.cern.ch
	CondorScratchDir = "/pool/condor/dir_54674"
	Cpus = 3
	Disk = 3635
	GPUs = 0
	Memory = 9000
...
001 (17167635.909.000) 06/25 22:47:20 Job executing on host: <188.185.208.170:9618?addrs=188.185.208.170-9618+[2001-1458-303-10--100-27]-9618&alias=b9p10p0963.cern.ch&noUDP&sock=startd_9129_502b>
	SlotName: slot1_10@b9p10p0963.cern.ch
	CondorScratchDir = "/pool/condor/dir_2716824"
	Cpus = 3
	Disk = 3685
	GPUs = 0
	Memory = 9000
...
006 (17167635.827.000) 06/25 22:47:25 Image size of job updated: 6142564
	5999  -  MemoryUsage of job (MB)
	6142564  -  ResidentSetSize of job (KB)
...
006 (17167635.907.000) 06/25 22:47:25 Image size of job updated: 89968
	88  -  MemoryUsage of job (MB)
	89968  -  ResidentSetSize of job (KB)
...
006 (17167635.909.000) 06/25 22:47:28 Image size of job updated: 115584
	113  -  MemoryUsage of job (MB)
	115584  -  ResidentSetSize of job (KB)
...
006 (17167635.870.000) 06/25 22:47:28 Image size of job updated: 4197500
	4100  -  MemoryUsage of job (MB)
	4197500  -  ResidentSetSize of job (KB)
...
006 (17167635.908.000) 06/25 22:47:28 Image size of job updated: 115660
	113  -  MemoryUsage of job (MB)
	115660  -  ResidentSetSize of job (KB)
...
006 (17167635.869.000) 06/25 22:47:29 Image size of job updated: 5868008
	5731  -  MemoryUsage of job (MB)
	5868008  -  ResidentSetSize of job (KB)
...
006 (17167635.841.000) 06/25 22:47:30 Image size of job updated: 6088256
	5946  -  MemoryUsage of job (MB)
	6088256  -  ResidentSetSize of job (KB)
...
006 (17167635.842.000) 06/25 22:47:38 Image size of job updated: 6098344
	5956  -  MemoryUsage of job (MB)
	6098344  -  ResidentSetSize of job (KB)
...
006 (17167635.871.000) 06/25 22:47:41 Image size of job updated: 2859716
	2793  -  MemoryUsage of job (MB)
	2859716  -  ResidentSetSize of job (KB)
...
040 (17167635.910.000) 06/25 22:47:41 Started transferring input files
	Transferring to host: <188.185.211.203:9618?addrs=188.185.211.203-9618+[2001-1458-303-17--100-47]-9618&alias=b9p24p2503.cern.ch&noUDP&sock=slot1_27_6576_2304_23515>
...
040 (17167635.910.000) 06/25 22:47:41 Finished transferring input files
...
001 (17167635.910.000) 06/25 22:47:42 Job executing on host: <188.185.211.203:9618?addrs=188.185.211.203-9618+[2001-1458-303-17--100-47]-9618&alias=b9p24p2503.cern.ch&noUDP&sock=startd_6248_2fd1>
	SlotName: slot1_27@b9p24p2503.cern.ch
	CondorScratchDir = "/pool/condor/dir_3412151"
	Cpus = 3
	Disk = 3800
	GPUs = 0
	Memory = 9000
...
006 (17167635.872.000) 06/25 22:47:43 Image size of job updated: 2996676
	2927  -  MemoryUsage of job (MB)
	2996676  -  ResidentSetSize of job (KB)
...
006 (17167635.843.000) 06/25 22:47:48 Image size of job updated: 6080148
	5938  -  MemoryUsage of job (MB)
	6080148  -  ResidentSetSize of job (KB)
...
006 (17167635.873.000) 06/25 22:47:48 Image size of job updated: 6075524
	5934  -  MemoryUsage of job (MB)
	6075524  -  ResidentSetSize of job (KB)
...
006 (17167635.828.000) 06/25 22:47:48 Image size of job updated: 6159516
	6016  -  MemoryUsage of job (MB)
	6159516  -  ResidentSetSize of job (KB)
...
006 (17167635.910.000) 06/25 22:47:51 Image size of job updated: 123508
	121  -  MemoryUsage of job (MB)
	123508  -  ResidentSetSize of job (KB)
...
006 (17167635.874.000) 06/25 22:47:51 Image size of job updated: 6049176
	5908  -  MemoryUsage of job (MB)
	6049176  -  ResidentSetSize of job (KB)
...
040 (17167635.911.000) 06/25 22:47:55 Started transferring input files
	Transferring to host: <188.185.204.199:9618?addrs=188.185.204.199-9618+[2001-1458-303-8--100-bb]-9618&alias=b9p02p4377.cern.ch&noUDP&sock=slot1_8_2855430_7fcc_8090>
...
040 (17167635.911.000) 06/25 22:47:55 Finished transferring input files
...
006 (17167635.875.000) 06/25 22:47:55 Image size of job updated: 2909516
	2842  -  MemoryUsage of job (MB)
	2909516  -  ResidentSetSize of job (KB)
...
001 (17167635.911.000) 06/25 22:47:56 Job executing on host: <188.185.204.199:9618?addrs=188.185.204.199-9618+[2001-1458-303-8--100-bb]-9618&alias=b9p02p4377.cern.ch&noUDP&sock=startd_2855392_fd39>
	SlotName: slot1_8@b9p02p4377.cern.ch
	CondorScratchDir = "/pool/condor/dir_235706"
	Cpus = 3
	Disk = 3652
	GPUs = 0
	Memory = 9000
...
006 (17167635.844.000) 06/25 22:47:57 Image size of job updated: 6102364
	5960  -  MemoryUsage of job (MB)
	6102364  -  ResidentSetSize of job (KB)
...
006 (17167635.829.000) 06/25 22:47:59 Image size of job updated: 6170944
	6027  -  MemoryUsage of job (MB)
	6170944  -  ResidentSetSize of job (KB)
...
006 (17167635.845.000) 06/25 22:48:01 Image size of job updated: 6081712
	5940  -  MemoryUsage of job (MB)
	6081712  -  ResidentSetSize of job (KB)
...
006 (17167635.830.000) 06/25 22:48:06 Image size of job updated: 6141808
	5998  -  MemoryUsage of job (MB)
	6141808  -  ResidentSetSize of job (KB)
...
006 (17167635.846.000) 06/25 22:48:07 Image size of job updated: 6099452
	5957  -  MemoryUsage of job (MB)
	6099452  -  ResidentSetSize of job (KB)
...
006 (17167635.911.000) 06/25 22:48:10 Image size of job updated: 122116
	120  -  MemoryUsage of job (MB)
	122116  -  ResidentSetSize of job (KB)
...
006 (17167635.831.000) 06/25 22:48:11 Image size of job updated: 6155180
	6011  -  MemoryUsage of job (MB)
	6155180  -  ResidentSetSize of job (KB)
...
040 (17167635.912.000) 06/25 22:48:23 Started transferring input files
	Transferring to host: <188.185.212.94:9618?addrs=188.185.212.94-9618+[2001-1458-303-18--100-5a]-9618&alias=b9p25p0131.cern.ch&noUDP&sock=slot1_18_8257_8da9_27078>
...
040 (17167635.912.000) 06/25 22:48:23 Finished transferring input files
...
006 (17167635.876.000) 06/25 22:48:24 Image size of job updated: 2863404
	2797  -  MemoryUsage of job (MB)
	2863404  -  ResidentSetSize of job (KB)
...
001 (17167635.912.000) 06/25 22:48:24 Job executing on host: <188.185.212.94:9618?addrs=188.185.212.94-9618+[2001-1458-303-18--100-5a]-9618&alias=b9p25p0131.cern.ch&noUDP&sock=startd_7754_2d72>
	SlotName: slot1_18@b9p25p0131.cern.ch
	CondorScratchDir = "/pool/condor/dir_2948195"
	Cpus = 3
	Disk = 3777
	GPUs = 0
	Memory = 9000
...
006 (17167635.878.000) 06/25 22:48:32 Image size of job updated: 2860824
	2794  -  MemoryUsage of job (MB)
	2860824  -  ResidentSetSize of job (KB)
...
006 (17167635.912.000) 06/25 22:48:33 Image size of job updated: 110888
	109  -  MemoryUsage of job (MB)
	110888  -  ResidentSetSize of job (KB)
...
006 (17167635.877.000) 06/25 22:48:34 Image size of job updated: 2850812
	2784  -  MemoryUsage of job (MB)
	2850812  -  ResidentSetSize of job (KB)
...
040 (17167635.913.000) 06/25 22:48:36 Started transferring input files
	Transferring to host: <188.185.204.198:9618?addrs=188.185.204.198-9618+[2001-1458-303-8--100-ba]-9618&alias=b9p02p4655.cern.ch&noUDP&sock=slot1_19_9066_912a_22939>
...
040 (17167635.913.000) 06/25 22:48:36 Finished transferring input files
...
006 (17167635.832.000) 06/25 22:48:36 Image size of job updated: 6153724
	6010  -  MemoryUsage of job (MB)
	6153724  -  ResidentSetSize of job (KB)
...
001 (17167635.913.000) 06/25 22:48:37 Job executing on host: <188.185.204.198:9618?addrs=188.185.204.198-9618+[2001-1458-303-8--100-ba]-9618&alias=b9p02p4655.cern.ch&noUDP&sock=startd_9009_00cd>
	SlotName: slot1_19@b9p02p4655.cern.ch
	CondorScratchDir = "/pool/condor/dir_2755634"
	Cpus = 3
	Disk = 3666
	GPUs = 0
	Memory = 9000
...
006 (17167635.879.000) 06/25 22:48:41 Image size of job updated: 3375564
	3297  -  MemoryUsage of job (MB)
	3375564  -  ResidentSetSize of job (KB)
...
006 (17167635.880.000) 06/25 22:48:43 Image size of job updated: 3807760
	3719  -  MemoryUsage of job (MB)
	3807760  -  ResidentSetSize of job (KB)
...
006 (17167635.881.000) 06/25 22:48:43 Image size of job updated: 2864816
	2798  -  MemoryUsage of job (MB)
	2864816  -  ResidentSetSize of job (KB)
...
040 (17167635.914.000) 06/25 22:48:46 Started transferring input files
	Transferring to host: <188.185.198.60:9618?addrs=188.185.198.60-9618+[2001-1458-303-25--100-38]-9618&alias=b9p15p6063.cern.ch&noUDP&sock=slot1_25_3693311_7644_8423>
...
040 (17167635.914.000) 06/25 22:48:46 Finished transferring input files
...
001 (17167635.914.000) 06/25 22:48:47 Job executing on host: <188.185.198.60:9618?addrs=188.185.198.60-9618+[2001-1458-303-25--100-38]-9618&alias=b9p15p6063.cern.ch&noUDP&sock=startd_3693217_407a>
	SlotName: slot1_25@b9p15p6063.cern.ch
	CondorScratchDir = "/pool/condor/dir_2004015"
	Cpus = 3
	Disk = 3800
	GPUs = 0
	Memory = 9000
...
006 (17167635.882.000) 06/25 22:48:48 Image size of job updated: 6077572
	5936  -  MemoryUsage of job (MB)
	6077572  -  ResidentSetSize of job (KB)
...
040 (17167635.915.000) 06/25 22:48:50 Started transferring input files
	Transferring to host: <128.142.209.41:9618?addrs=128.142.209.41-9618+[2001-1458-301-21--100-9]-9618&alias=b9g41p8533.cern.ch&noUDP&sock=slot1_5_5866_e0a8_41497>
...
040 (17167635.915.000) 06/25 22:48:50 Finished transferring input files
...
006 (17167635.913.000) 06/25 22:48:51 Image size of job updated: 104344
	102  -  MemoryUsage of job (MB)
	104344  -  ResidentSetSize of job (KB)
...
001 (17167635.915.000) 06/25 22:48:51 Job executing on host: <128.142.209.41:9618?addrs=128.142.209.41-9618+[2001-1458-301-21--100-9]-9618&alias=b9g41p8533.cern.ch&noUDP&sock=startd_4606_e94f>
	SlotName: slot1_5@b9g41p8533.cern.ch
	CondorScratchDir = "/pool/condor/dir_3248954"
	Cpus = 3
	Disk = 6890
	GPUs = 0
	Memory = 9000
...
006 (17167635.914.000) 06/25 22:48:56 Image size of job updated: 121860
	120  -  MemoryUsage of job (MB)
	121860  -  ResidentSetSize of job (KB)
...
006 (17167635.847.000) 06/25 22:48:57 Image size of job updated: 6097900
	5955  -  MemoryUsage of job (MB)
	6097900  -  ResidentSetSize of job (KB)
...
006 (17167635.848.000) 06/25 22:48:57 Image size of job updated: 6088832
	5947  -  MemoryUsage of job (MB)
	6088832  -  ResidentSetSize of job (KB)
...
006 (17167635.915.000) 06/25 22:49:05 Image size of job updated: 118392
	116  -  MemoryUsage of job (MB)
	118392  -  ResidentSetSize of job (KB)
...
006 (17167635.850.000) 06/25 22:49:07 Image size of job updated: 6099132
	5957  -  MemoryUsage of job (MB)
	6099132  -  ResidentSetSize of job (KB)
...
040 (17167635.916.000) 06/25 22:49:10 Started transferring input files
	Transferring to host: <188.185.212.142:9618?addrs=188.185.212.142-9618+[2001-1458-303-19--100-a]-9618&alias=b9p26p6648.cern.ch&noUDP&sock=slot1_5_7405_3e06_25655>
...
040 (17167635.916.000) 06/25 22:49:10 Finished transferring input files
...
006 (17167635.849.000) 06/25 22:49:10 Image size of job updated: 6090864
	5949  -  MemoryUsage of job (MB)
	6090864  -  ResidentSetSize of job (KB)
...
001 (17167635.916.000) 06/25 22:49:11 Job executing on host: <188.185.212.142:9618?addrs=188.185.212.142-9618+[2001-1458-303-19--100-a]-9618&alias=b9p26p6648.cern.ch&noUDP&sock=startd_6408_eef8>
	SlotName: slot1_5@b9p26p6648.cern.ch
	CondorScratchDir = "/pool/condor/dir_3213249"
	Cpus = 3
	Disk = 3796
	GPUs = 0
	Memory = 9000
...
040 (17167635.917.000) 06/25 22:49:12 Started transferring input files
	Transferring to host: <188.185.206.207:9618?addrs=188.185.206.207-9618+[2001-1458-303-c--100-4c]-9618&alias=b9p06p6342.cern.ch&noUDP&sock=slot1_8_9197_de4f_23695>
...
040 (17167635.917.000) 06/25 22:49:12 Finished transferring input files
...
001 (17167635.917.000) 06/25 22:49:13 Job executing on host: <188.185.206.207:9618?addrs=188.185.206.207-9618+[2001-1458-303-c--100-4c]-9618&alias=b9p06p6342.cern.ch&noUDP&sock=startd_7856_241b>
	SlotName: slot1_8@b9p06p6342.cern.ch
	CondorScratchDir = "/pool/condor/dir_1684081"
	Cpus = 3
	Disk = 3573
	GPUs = 0
	Memory = 9000
...
040 (17167635.918.000) 06/25 22:49:13 Started transferring input files
	Transferring to host: <188.185.198.79:9618?addrs=188.185.198.79-9618+[2001-1458-303-25--100-4b]-9618&alias=b9p15p1381.cern.ch&noUDP&sock=slot1_35_5560_45db_26396>
...
040 (17167635.918.000) 06/25 22:49:13 Finished transferring input files
...
006 (17167635.883.000) 06/25 22:49:14 Image size of job updated: 2853348
	2787  -  MemoryUsage of job (MB)
	2853348  -  ResidentSetSize of job (KB)
...
001 (17167635.918.000) 06/25 22:49:15 Job executing on host: <188.185.198.79:9618?addrs=188.185.198.79-9618+[2001-1458-303-25--100-4b]-9618&alias=b9p15p1381.cern.ch&noUDP&sock=startd_4418_f581>
	SlotName: slot1_35@b9p15p1381.cern.ch
	CondorScratchDir = "/pool/condor/dir_3007131"
	Cpus = 3
	Disk = 3793
	GPUs = 0
	Memory = 9000
...
006 (17167635.884.000) 06/25 22:49:15 Image size of job updated: 2866540
	2800  -  MemoryUsage of job (MB)
	2866540  -  ResidentSetSize of job (KB)
...
040 (17167635.919.000) 06/25 22:49:19 Started transferring input files
	Transferring to host: <188.185.215.24:9618?addrs=188.185.215.24-9618+[2001-1458-303-1e--100-14]-9618&alias=b9p31p4380.cern.ch&noUDP&sock=slot1_12_8327_dfec_27324>
...
040 (17167635.919.000) 06/25 22:49:19 Finished transferring input files
...
001 (17167635.919.000) 06/25 22:49:20 Job executing on host: <188.185.215.24:9618?addrs=188.185.215.24-9618+[2001-1458-303-1e--100-14]-9618&alias=b9p31p4380.cern.ch&noUDP&sock=startd_7807_87f7>
	SlotName: slot1_12@b9p31p4380.cern.ch
	CondorScratchDir = "/pool/condor/dir_3819778"
	Cpus = 3
	Disk = 3752
	GPUs = 0
	Memory = 9000
...
006 (17167635.918.000) 06/25 22:49:23 Image size of job updated: 98812
	97  -  MemoryUsage of job (MB)
	98812  -  ResidentSetSize of job (KB)
...
006 (17167635.885.000) 06/25 22:49:23 Image size of job updated: 2851544
	2785  -  MemoryUsage of job (MB)
	2851544  -  ResidentSetSize of job (KB)
...
006 (17167635.916.000) 06/25 22:49:24 Image size of job updated: 73188
	72  -  MemoryUsage of job (MB)
	73188  -  ResidentSetSize of job (KB)
...
040 (17167635.920.000) 06/25 22:49:25 Started transferring input files
	Transferring to host: <128.142.209.44:9618?addrs=128.142.209.44-9618+[2001-1458-301-21--100-c]-9618&alias=b9g41p0750.cern.ch&noUDP&sock=slot1_12_4211_c7c4_49835>
...
040 (17167635.920.000) 06/25 22:49:25 Finished transferring input files
...
040 (17167635.921.000) 06/25 22:49:25 Started transferring input files
	Transferring to host: <128.142.209.45:9618?addrs=128.142.209.45-9618+[2001-1458-301-21--100-d]-9618&alias=b9g41p3234.cern.ch&noUDP&sock=slot1_5_3338_ac41_45356>
...
040 (17167635.921.000) 06/25 22:49:25 Finished transferring input files
...
001 (17167635.920.000) 06/25 22:49:27 Job executing on host: <128.142.209.44:9618?addrs=128.142.209.44-9618+[2001-1458-301-21--100-c]-9618&alias=b9g41p0750.cern.ch&noUDP&sock=startd_3403_c0e0>
	SlotName: slot1_12@b9g41p0750.cern.ch
	CondorScratchDir = "/pool/condor/dir_1627019"
	Cpus = 3
	Disk = 6876
	GPUs = 0
	Memory = 9000
...
001 (17167635.921.000) 06/25 22:49:27 Job executing on host: <128.142.209.45:9618?addrs=128.142.209.45-9618+[2001-1458-301-21--100-d]-9618&alias=b9g41p3234.cern.ch&noUDP&sock=startd_2655_b009>
	SlotName: slot1_5@b9g41p3234.cern.ch
	CondorScratchDir = "/pool/condor/dir_3979393"
	Cpus = 3
	Disk = 6834
	GPUs = 0
	Memory = 9000
...
006 (17167635.917.000) 06/25 22:49:27 Image size of job updated: 138616
	136  -  MemoryUsage of job (MB)
	138616  -  ResidentSetSize of job (KB)
...
006 (17167635.919.000) 06/25 22:49:29 Image size of job updated: 114852
	113  -  MemoryUsage of job (MB)
	114852  -  ResidentSetSize of job (KB)
...
040 (17167635.922.000) 06/25 22:49:30 Started transferring input files
	Transferring to host: <188.185.196.102:9618?addrs=188.185.196.102-9618+[2001-1458-303-23--100-62]-9618&alias=b9p16p4471.cern.ch&noUDP&sock=slot1_30_6901_20f2_25606>
...
040 (17167635.922.000) 06/25 22:49:30 Finished transferring input files
...
001 (17167635.922.000) 06/25 22:49:31 Job executing on host: <188.185.196.102:9618?addrs=188.185.196.102-9618+[2001-1458-303-23--100-62]-9618&alias=b9p16p4471.cern.ch&noUDP&sock=startd_6170_af6e>
	SlotName: slot1_30@b9p16p4471.cern.ch
	CondorScratchDir = "/pool/condor/dir_2114403"
	Cpus = 3
	Disk = 3762
	GPUs = 0
	Memory = 9000
...
006 (17167635.851.000) 06/25 22:49:32 Image size of job updated: 6091384
	5949  -  MemoryUsage of job (MB)
	6091384  -  ResidentSetSize of job (KB)
...
006 (17167635.886.000) 06/25 22:49:33 Image size of job updated: 3229244
	3154  -  MemoryUsage of job (MB)
	3229244  -  ResidentSetSize of job (KB)
...
040 (17167635.923.000) 06/25 22:49:34 Started transferring input files
	Transferring to host: <188.185.206.151:9618?addrs=188.185.206.151-9618+[2001-1458-303-c--100-14]-9618&alias=b9p06p7463.cern.ch&noUDP&sock=slot1_16_9192_586f_20939>
...
040 (17167635.923.000) 06/25 22:49:34 Finished transferring input files
...
040 (17167635.924.000) 06/25 22:49:35 Started transferring input files
	Transferring to host: <128.142.209.44:9618?addrs=128.142.209.44-9618+[2001-1458-301-21--100-c]-9618&alias=b9g41p0750.cern.ch&noUDP&sock=slot1_6_4211_c7c4_49836>
...
040 (17167635.924.000) 06/25 22:49:35 Finished transferring input files
...
001 (17167635.923.000) 06/25 22:49:35 Job executing on host: <188.185.206.151:9618?addrs=188.185.206.151-9618+[2001-1458-303-c--100-14]-9618&alias=b9p06p7463.cern.ch&noUDP&sock=startd_9048_c0ff>
	SlotName: slot1_16@b9p06p7463.cern.ch
	CondorScratchDir = "/pool/condor/dir_310614"
	Cpus = 3
	Disk = 3661
	GPUs = 0
	Memory = 9000
...
001 (17167635.924.000) 06/25 22:49:36 Job executing on host: <128.142.209.44:9618?addrs=128.142.209.44-9618+[2001-1458-301-21--100-c]-9618&alias=b9g41p0750.cern.ch&noUDP&sock=startd_3403_c0e0>
	SlotName: slot1_6@b9g41p0750.cern.ch
	CondorScratchDir = "/pool/condor/dir_1897073"
	Cpus = 3
	Disk = 6876
	GPUs = 0
	Memory = 9000
...
006 (17167635.852.000) 06/25 22:49:38 Image size of job updated: 6143720
	6000  -  MemoryUsage of job (MB)
	6143720  -  ResidentSetSize of job (KB)
...
040 (17167635.925.000) 06/25 22:49:39 Started transferring input files
	Transferring to host: <188.185.211.189:9618?addrs=188.185.211.189-9618+[2001-1458-303-17--100-39]-9618&alias=b9p24p3226.cern.ch&noUDP&sock=slot1_23_8427_5570_25981>
...
040 (17167635.925.000) 06/25 22:49:39 Finished transferring input files
...
006 (17167635.887.000) 06/25 22:49:39 Image size of job updated: 2848492
	2782  -  MemoryUsage of job (MB)
	2848492  -  ResidentSetSize of job (KB)
...
006 (17167635.920.000) 06/25 22:49:40 Image size of job updated: 109544
	107  -  MemoryUsage of job (MB)
	109544  -  ResidentSetSize of job (KB)
...
006 (17167635.921.000) 06/25 22:49:40 Image size of job updated: 90816
	89  -  MemoryUsage of job (MB)
	90816  -  ResidentSetSize of job (KB)
...
001 (17167635.925.000) 06/25 22:49:40 Job executing on host: <188.185.211.189:9618?addrs=188.185.211.189-9618+[2001-1458-303-17--100-39]-9618&alias=b9p24p3226.cern.ch&noUDP&sock=startd_8372_12f9>
	SlotName: slot1_23@b9p24p3226.cern.ch
	CondorScratchDir = "/pool/condor/dir_2190809"
	Cpus = 3
	Disk = 3813
	GPUs = 0
	Memory = 9000
...
006 (17167635.853.000) 06/25 22:49:40 Image size of job updated: 6096444
	5954  -  MemoryUsage of job (MB)
	6096444  -  ResidentSetSize of job (KB)
...
006 (17167635.922.000) 06/25 22:49:40 Image size of job updated: 114656
	112  -  MemoryUsage of job (MB)
	114656  -  ResidentSetSize of job (KB)
...
040 (17167635.926.000) 06/25 22:49:42 Started transferring input files
	Transferring to host: <188.185.210.22:9618?addrs=188.185.210.22-9618+[2001-1458-303-1--100-12]-9618&alias=b9p21p4724.cern.ch&noUDP&sock=slot1_14_8279_0dea_26406>
...
040 (17167635.926.000) 06/25 22:49:42 Finished transferring input files
...
001 (17167635.926.000) 06/25 22:49:43 Job executing on host: <188.185.210.22:9618?addrs=188.185.210.22-9618+[2001-1458-303-1--100-12]-9618&alias=b9p21p4724.cern.ch&noUDP&sock=startd_7494_d6d2>
	SlotName: slot1_14@b9p21p4724.cern.ch
	CondorScratchDir = "/pool/condor/dir_945830"
	Cpus = 3
	Disk = 3690
	GPUs = 0
	Memory = 9000
...
040 (17167635.927.000) 06/25 22:49:45 Started transferring input files
	Transferring to host: <188.185.212.82:9618?addrs=188.185.212.82-9618+[2001-1458-303-18--100-4e]-9618&alias=b9p25p1407.cern.ch&noUDP&sock=slot1_35_8415_e0ef_27068>
...
040 (17167635.927.000) 06/25 22:49:45 Finished transferring input files
...
001 (17167635.927.000) 06/25 22:49:46 Job executing on host: <188.185.212.82:9618?addrs=188.185.212.82-9618+[2001-1458-303-18--100-4e]-9618&alias=b9p25p1407.cern.ch&noUDP&sock=startd_8360_d7d6>
	SlotName: slot1_35@b9p25p1407.cern.ch
	CondorScratchDir = "/pool/condor/dir_3899317"
	Cpus = 3
	Disk = 3867
	GPUs = 0
	Memory = 9000
...
006 (17167635.854.000) 06/25 22:49:49 Image size of job updated: 6087204
	5945  -  MemoryUsage of job (MB)
	6087204  -  ResidentSetSize of job (KB)
...
006 (17167635.924.000) 06/25 22:49:49 Image size of job updated: 122044
	120  -  MemoryUsage of job (MB)
	122044  -  ResidentSetSize of job (KB)
...
006 (17167635.923.000) 06/25 22:49:49 Image size of job updated: 114356
	112  -  MemoryUsage of job (MB)
	114356  -  ResidentSetSize of job (KB)
...
006 (17167635.925.000) 06/25 22:49:49 Image size of job updated: 123704
	121  -  MemoryUsage of job (MB)
	123704  -  ResidentSetSize of job (KB)
...
006 (17167635.855.000) 06/25 22:49:51 Image size of job updated: 6081172
	5939  -  MemoryUsage of job (MB)
	6081172  -  ResidentSetSize of job (KB)
...
006 (17167635.926.000) 06/25 22:49:51 Image size of job updated: 87000
	85  -  MemoryUsage of job (MB)
	87000  -  ResidentSetSize of job (KB)
...
040 (17167635.928.000) 06/25 22:49:52 Started transferring input files
	Transferring to host: <188.185.215.71:9618?addrs=188.185.215.71-9618+[2001-1458-303-1e--100-43]-9618&alias=b9p31p1696.cern.ch&noUDP&sock=slot1_29_2560032_e2a0_8370>
...
040 (17167635.928.000) 06/25 22:49:52 Finished transferring input files
...
001 (17167635.928.000) 06/25 22:49:54 Job executing on host: <188.185.215.71:9618?addrs=188.185.215.71-9618+[2001-1458-303-1e--100-43]-9618&alias=b9p31p1696.cern.ch&noUDP&sock=startd_2559984_ac11>
	SlotName: slot1_29@b9p31p1696.cern.ch
	CondorScratchDir = "/pool/condor/dir_1486610"
	Cpus = 3
	Disk = 3815
	GPUs = 0
	Memory = 9000
...
006 (17167635.927.000) 06/25 22:49:55 Image size of job updated: 123704
	121  -  MemoryUsage of job (MB)
	123704  -  ResidentSetSize of job (KB)
...
006 (17167635.928.000) 06/25 22:50:02 Image size of job updated: 89088
	87  -  MemoryUsage of job (MB)
	89088  -  ResidentSetSize of job (KB)
...
006 (17167635.856.000) 06/25 22:50:06 Image size of job updated: 6130832
	5987  -  MemoryUsage of job (MB)
	6130536  -  ResidentSetSize of job (KB)
...
006 (17167635.857.000) 06/25 22:50:07 Image size of job updated: 6099184
	5957  -  MemoryUsage of job (MB)
	6099184  -  ResidentSetSize of job (KB)
...
006 (17167635.858.000) 06/25 22:50:16 Image size of job updated: 6099012
	5957  -  MemoryUsage of job (MB)
	6099012  -  ResidentSetSize of job (KB)
...
006 (17167635.889.000) 06/25 22:50:26 Image size of job updated: 3963132
	3871  -  MemoryUsage of job (MB)
	3963132  -  ResidentSetSize of job (KB)
...
006 (17167635.834.000) 06/25 22:50:27 Image size of job updated: 6160324
	6016  -  MemoryUsage of job (MB)
	6160324  -  ResidentSetSize of job (KB)
...
006 (17167635.833.000) 06/25 22:50:28 Image size of job updated: 6163740
	6020  -  MemoryUsage of job (MB)
	6163740  -  ResidentSetSize of job (KB)
...
006 (17167635.888.000) 06/25 22:50:28 Image size of job updated: 2852216
	2786  -  MemoryUsage of job (MB)
	2852216  -  ResidentSetSize of job (KB)
...
006 (17167635.835.000) 06/25 22:50:32 Image size of job updated: 6151788
	6008  -  MemoryUsage of job (MB)
	6151788  -  ResidentSetSize of job (KB)
...
006 (17167635.890.000) 06/25 22:50:37 Image size of job updated: 3928872
	3837  -  MemoryUsage of job (MB)
	3928872  -  ResidentSetSize of job (KB)
...
006 (17167635.859.000) 06/25 22:50:39 Image size of job updated: 6086876
	5945  -  MemoryUsage of job (MB)
	6086876  -  ResidentSetSize of job (KB)
...
006 (17167635.893.000) 06/25 22:50:41 Image size of job updated: 4201988
	4104  -  MemoryUsage of job (MB)
	4201988  -  ResidentSetSize of job (KB)
...
006 (17167635.891.000) 06/25 22:50:42 Image size of job updated: 3909160
	3818  -  MemoryUsage of job (MB)
	3909160  -  ResidentSetSize of job (KB)
...
006 (17167635.836.000) 06/25 22:50:43 Image size of job updated: 6152984
	6009  -  MemoryUsage of job (MB)
	6152984  -  ResidentSetSize of job (KB)
...
006 (17167635.892.000) 06/25 22:50:44 Image size of job updated: 6075192
	5933  -  MemoryUsage of job (MB)
	6075192  -  ResidentSetSize of job (KB)
...
006 (17167635.860.000) 06/25 22:50:47 Image size of job updated: 6083996
	5942  -  MemoryUsage of job (MB)
	6083996  -  ResidentSetSize of job (KB)
...
006 (17167635.894.000) 06/25 22:50:50 Image size of job updated: 5544640
	5415  -  MemoryUsage of job (MB)
	5544640  -  ResidentSetSize of job (KB)
...
006 (17167635.861.000) 06/25 22:50:56 Image size of job updated: 6102640
	5960  -  MemoryUsage of job (MB)
	6102640  -  ResidentSetSize of job (KB)
...
006 (17167635.895.000) 06/25 22:50:59 Image size of job updated: 3945712
	3854  -  MemoryUsage of job (MB)
	3945712  -  ResidentSetSize of job (KB)
...
006 (17167635.862.000) 06/25 22:51:04 Image size of job updated: 6084184
	5942  -  MemoryUsage of job (MB)
	6084184  -  ResidentSetSize of job (KB)
...
006 (17167635.863.000) 06/25 22:51:04 Image size of job updated: 6102588
	5960  -  MemoryUsage of job (MB)
	6102588  -  ResidentSetSize of job (KB)
...
006 (17167635.896.000) 06/25 22:51:07 Image size of job updated: 2944692
	2876  -  MemoryUsage of job (MB)
	2944692  -  ResidentSetSize of job (KB)
...
006 (17167635.805.000) 06/25 22:51:07 Image size of job updated: 6881364
	6721  -  MemoryUsage of job (MB)
	6881364  -  ResidentSetSize of job (KB)
...
006 (17167635.806.000) 06/25 22:51:07 Image size of job updated: 6874448
	6714  -  MemoryUsage of job (MB)
	6874448  -  ResidentSetSize of job (KB)
...
006 (17167635.807.000) 06/25 22:51:09 Image size of job updated: 6894312
	6733  -  MemoryUsage of job (MB)
	6894312  -  ResidentSetSize of job (KB)
...
006 (17167635.864.000) 06/25 22:51:09 Image size of job updated: 6095508
	5953  -  MemoryUsage of job (MB)
	6095508  -  ResidentSetSize of job (KB)
...
006 (17167635.813.000) 06/25 22:51:09 Image size of job updated: 6364592
	6216  -  MemoryUsage of job (MB)
	6364592  -  ResidentSetSize of job (KB)
...
006 (17167635.814.000) 06/25 22:51:10 Image size of job updated: 6865344
	6705  -  MemoryUsage of job (MB)
	6865344  -  ResidentSetSize of job (KB)
...
006 (17167635.812.000) 06/25 22:51:10 Image size of job updated: 6889392
	6728  -  MemoryUsage of job (MB)
	6889392  -  ResidentSetSize of job (KB)
...
006 (17167635.804.000) 06/25 22:51:11 Image size of job updated: 6322180
	6175  -  MemoryUsage of job (MB)
	6322180  -  ResidentSetSize of job (KB)
...
006 (17167635.795.000) 06/25 22:51:11 Image size of job updated: 6783784
	6625  -  MemoryUsage of job (MB)
	6783784  -  ResidentSetSize of job (KB)
...
006 (17167635.897.000) 06/25 22:51:11 Image size of job updated: 4156604
	4060  -  MemoryUsage of job (MB)
	4156604  -  ResidentSetSize of job (KB)
...
006 (17167635.821.000) 06/25 22:51:13 Image size of job updated: 6516048
	6364  -  MemoryUsage of job (MB)
	6516048  -  ResidentSetSize of job (KB)
...
006 (17167635.817.000) 06/25 22:51:13 Image size of job updated: 6555572
	6402  -  MemoryUsage of job (MB)
	6555572  -  ResidentSetSize of job (KB)
...
006 (17167635.809.000) 06/25 22:51:13 Image size of job updated: 6147504
	6004  -  MemoryUsage of job (MB)
	6147504  -  ResidentSetSize of job (KB)
...
006 (17167635.820.000) 06/25 22:51:13 Image size of job updated: 6517936
	6366  -  MemoryUsage of job (MB)
	6517936  -  ResidentSetSize of job (KB)
...
006 (17167635.810.000) 06/25 22:51:14 Image size of job updated: 6322084
	6174  -  MemoryUsage of job (MB)
	6322084  -  ResidentSetSize of job (KB)
...
006 (17167635.808.000) 06/25 22:51:14 Image size of job updated: 6299420
	6152  -  MemoryUsage of job (MB)
	6299420  -  ResidentSetSize of job (KB)
...
006 (17167635.837.000) 06/25 22:51:14 Image size of job updated: 6150932
	6007  -  MemoryUsage of job (MB)
	6150932  -  ResidentSetSize of job (KB)
...
006 (17167635.816.000) 06/25 22:51:16 Image size of job updated: 6087400
	5945  -  MemoryUsage of job (MB)
	6087400  -  ResidentSetSize of job (KB)
...
006 (17167635.811.000) 06/25 22:51:16 Image size of job updated: 6307696
	6160  -  MemoryUsage of job (MB)
	6307696  -  ResidentSetSize of job (KB)
...
006 (17167635.823.000) 06/25 22:51:16 Image size of job updated: 6319760
	6172  -  MemoryUsage of job (MB)
	6319760  -  ResidentSetSize of job (KB)
...
006 (17167635.815.000) 06/25 22:51:17 Image size of job updated: 6306948
	6093  -  MemoryUsage of job (MB)
	6238488  -  ResidentSetSize of job (KB)
...
006 (17167635.838.000) 06/25 22:51:17 Image size of job updated: 6147764
	6004  -  MemoryUsage of job (MB)
	6147764  -  ResidentSetSize of job (KB)
...
006 (17167635.800.000) 06/25 22:51:17 Image size of job updated: 6316028
	6126  -  MemoryUsage of job (MB)
	6272960  -  ResidentSetSize of job (KB)
...
006 (17167635.822.000) 06/25 22:51:19 Image size of job updated: 6336188
	6188  -  MemoryUsage of job (MB)
	6336188  -  ResidentSetSize of job (KB)
...
006 (17167635.865.000) 06/25 22:51:21 Image size of job updated: 6083176
	5941  -  MemoryUsage of job (MB)
	6083176  -  ResidentSetSize of job (KB)
...
006 (17167635.898.000) 06/25 22:51:24 Image size of job updated: 5072036
	4954  -  MemoryUsage of job (MB)
	5072036  -  ResidentSetSize of job (KB)
...
006 (17167635.899.000) 06/25 22:51:25 Image size of job updated: 3597160
	3513  -  MemoryUsage of job (MB)
	3597160  -  ResidentSetSize of job (KB)
...
006 (17167635.866.000) 06/25 22:51:27 Image size of job updated: 6090260
	5948  -  MemoryUsage of job (MB)
	6090260  -  ResidentSetSize of job (KB)
...
006 (17167635.867.000) 06/25 22:51:30 Image size of job updated: 6078156
	5936  -  MemoryUsage of job (MB)
	6078156  -  ResidentSetSize of job (KB)
...
006 (17167635.824.000) 06/25 22:51:50 Image size of job updated: 6333016
	6185  -  MemoryUsage of job (MB)
	6333016  -  ResidentSetSize of job (KB)
...
006 (17167635.900.000) 06/25 22:51:50 Image size of job updated: 2955936
	2887  -  MemoryUsage of job (MB)
	2955936  -  ResidentSetSize of job (KB)
...
006 (17167635.901.000) 06/25 22:51:57 Image size of job updated: 6071588
	5930  -  MemoryUsage of job (MB)
	6071588  -  ResidentSetSize of job (KB)
...
006 (17167635.902.000) 06/25 22:51:57 Image size of job updated: 3476480
	3395  -  MemoryUsage of job (MB)
	3476480  -  ResidentSetSize of job (KB)
...
006 (17167635.903.000) 06/25 22:52:01 Image size of job updated: 2854736
	2788  -  MemoryUsage of job (MB)
	2854736  -  ResidentSetSize of job (KB)
...
006 (17167635.839.000) 06/25 22:52:04 Image size of job updated: 6145720
	6002  -  MemoryUsage of job (MB)
	6145720  -  ResidentSetSize of job (KB)
...
006 (17167635.840.000) 06/25 22:52:08 Image size of job updated: 6160004
	6016  -  MemoryUsage of job (MB)
	6160004  -  ResidentSetSize of job (KB)
...
006 (17167635.825.000) 06/25 22:52:09 Image size of job updated: 6321020
	6173  -  MemoryUsage of job (MB)
	6321020  -  ResidentSetSize of job (KB)
...
006 (17167635.904.000) 06/25 22:52:10 Image size of job updated: 4149468
	4053  -  MemoryUsage of job (MB)
	4149468  -  ResidentSetSize of job (KB)
...
006 (17167635.868.000) 06/25 22:52:14 Image size of job updated: 6084920
	5943  -  MemoryUsage of job (MB)
	6084920  -  ResidentSetSize of job (KB)
...
006 (17167635.906.000) 06/25 22:52:15 Image size of job updated: 4428696
	4325  -  MemoryUsage of job (MB)
	4428696  -  ResidentSetSize of job (KB)
...
006 (17167635.826.000) 06/25 22:52:16 Image size of job updated: 6335180
	6187  -  MemoryUsage of job (MB)
	6335180  -  ResidentSetSize of job (KB)
...
006 (17167635.905.000) 06/25 22:52:17 Image size of job updated: 6065872
	5924  -  MemoryUsage of job (MB)
	6065872  -  ResidentSetSize of job (KB)
...
006 (17167635.827.000) 06/25 22:52:25 Image size of job updated: 6333220
	6185  -  MemoryUsage of job (MB)
	6333220  -  ResidentSetSize of job (KB)
...
006 (17167635.907.000) 06/25 22:52:25 Image size of job updated: 3104308
	3032  -  MemoryUsage of job (MB)
	3104308  -  ResidentSetSize of job (KB)
...
006 (17167635.909.000) 06/25 22:52:28 Image size of job updated: 6088080
	5946  -  MemoryUsage of job (MB)
	6088080  -  ResidentSetSize of job (KB)
...
006 (17167635.908.000) 06/25 22:52:29 Image size of job updated: 2946764
	2878  -  MemoryUsage of job (MB)
	2946764  -  ResidentSetSize of job (KB)
...
006 (17167635.870.000) 06/25 22:52:29 Image size of job updated: 6107352
	5965  -  MemoryUsage of job (MB)
	6107352  -  ResidentSetSize of job (KB)
...
006 (17167635.869.000) 06/25 22:52:30 Image size of job updated: 6093268
	5951  -  MemoryUsage of job (MB)
	6093268  -  ResidentSetSize of job (KB)
...
006 (17167635.841.000) 06/25 22:52:30 Image size of job updated: 6142164
	5999  -  MemoryUsage of job (MB)
	6142164  -  ResidentSetSize of job (KB)
...
006 (17167635.842.000) 06/25 22:52:38 Image size of job updated: 6152188
	6008  -  MemoryUsage of job (MB)
	6152188  -  ResidentSetSize of job (KB)
...
006 (17167635.871.000) 06/25 22:52:41 Image size of job updated: 6098368
	5956  -  MemoryUsage of job (MB)
	6098368  -  ResidentSetSize of job (KB)
...
006 (17167635.872.000) 06/25 22:52:43 Image size of job updated: 6103332
	5961  -  MemoryUsage of job (MB)
	6103332  -  ResidentSetSize of job (KB)
...
006 (17167635.843.000) 06/25 22:52:48 Image size of job updated: 6138348
	5995  -  MemoryUsage of job (MB)
	6138348  -  ResidentSetSize of job (KB)
...
006 (17167635.873.000) 06/25 22:52:49 Image size of job updated: 6083772
	5942  -  MemoryUsage of job (MB)
	6083772  -  ResidentSetSize of job (KB)
...
006 (17167635.828.000) 06/25 22:52:49 Image size of job updated: 6357708
	6209  -  MemoryUsage of job (MB)
	6357708  -  ResidentSetSize of job (KB)
...
006 (17167635.874.000) 06/25 22:52:51 Image size of job updated: 6081736
	5940  -  MemoryUsage of job (MB)
	6081736  -  ResidentSetSize of job (KB)
...
006 (17167635.910.000) 06/25 22:52:52 Image size of job updated: 3180396
	3106  -  MemoryUsage of job (MB)
	3180396  -  ResidentSetSize of job (KB)
...
006 (17167635.875.000) 06/25 22:52:56 Image size of job updated: 6081984
	5940  -  MemoryUsage of job (MB)
	6081984  -  ResidentSetSize of job (KB)
...
006 (17167635.844.000) 06/25 22:52:57 Image size of job updated: 6160192
	6016  -  MemoryUsage of job (MB)
	6160192  -  ResidentSetSize of job (KB)
...
006 (17167635.829.000) 06/25 22:52:59 Image size of job updated: 6175048
	6031  -  MemoryUsage of job (MB)
	6175048  -  ResidentSetSize of job (KB)
...
006 (17167635.845.000) 06/25 22:53:01 Image size of job updated: 6082432
	5940  -  MemoryUsage of job (MB)
	6082432  -  ResidentSetSize of job (KB)
...
006 (17167635.830.000) 06/25 22:53:06 Image size of job updated: 6337220
	6189  -  MemoryUsage of job (MB)
	6337220  -  ResidentSetSize of job (KB)
...
006 (17167635.846.000) 06/25 22:53:08 Image size of job updated: 6154112
	6010  -  MemoryUsage of job (MB)
	6154112  -  ResidentSetSize of job (KB)
...
006 (17167635.911.000) 06/25 22:53:11 Image size of job updated: 4960828
	4845  -  MemoryUsage of job (MB)
	4960828  -  ResidentSetSize of job (KB)
...
006 (17167635.876.000) 06/25 22:53:24 Image size of job updated: 6107816
	5965  -  MemoryUsage of job (MB)
	6107816  -  ResidentSetSize of job (KB)
...
006 (17167635.878.000) 06/25 22:53:32 Image size of job updated: 6092920
	5951  -  MemoryUsage of job (MB)
	6092920  -  ResidentSetSize of job (KB)
...
006 (17167635.912.000) 06/25 22:53:34 Image size of job updated: 2864084
	2797  -  MemoryUsage of job (MB)
	2864084  -  ResidentSetSize of job (KB)
...
006 (17167635.877.000) 06/25 22:53:35 Image size of job updated: 6088284
	5946  -  MemoryUsage of job (MB)
	6088284  -  ResidentSetSize of job (KB)
...
006 (17167635.832.000) 06/25 22:53:37 Image size of job updated: 6331280
	6183  -  MemoryUsage of job (MB)
	6331280  -  ResidentSetSize of job (KB)
...
006 (17167635.879.000) 06/25 22:53:42 Image size of job updated: 6087076
	5945  -  MemoryUsage of job (MB)
	6087076  -  ResidentSetSize of job (KB)
...
006 (17167635.881.000) 06/25 22:53:44 Image size of job updated: 6104244
	5962  -  MemoryUsage of job (MB)
	6104244  -  ResidentSetSize of job (KB)
...
006 (17167635.880.000) 06/25 22:53:44 Image size of job updated: 6087736
	5946  -  MemoryUsage of job (MB)
	6087736  -  ResidentSetSize of job (KB)
...
006 (17167635.882.000) 06/25 22:53:48 Image size of job updated: 6091180
	5949  -  MemoryUsage of job (MB)
	6091180  -  ResidentSetSize of job (KB)
...
006 (17167635.913.000) 06/25 22:53:52 Image size of job updated: 2852384
	2786  -  MemoryUsage of job (MB)
	2852384  -  ResidentSetSize of job (KB)
...
006 (17167635.914.000) 06/25 22:53:57 Image size of job updated: 2352012
	2297  -  MemoryUsage of job (MB)
	2352012  -  ResidentSetSize of job (KB)
...
006 (17167635.847.000) 06/25 22:53:57 Image size of job updated: 6146100
	6003  -  MemoryUsage of job (MB)
	6146100  -  ResidentSetSize of job (KB)
...
006 (17167635.848.000) 06/25 22:53:58 Image size of job updated: 6142140
	5999  -  MemoryUsage of job (MB)
	6142140  -  ResidentSetSize of job (KB)
...
006 (17167635.915.000) 06/25 22:54:06 Image size of job updated: 4126816
	4031  -  MemoryUsage of job (MB)
	4126816  -  ResidentSetSize of job (KB)
...
006 (17167635.850.000) 06/25 22:54:07 Image size of job updated: 6159276
	6015  -  MemoryUsage of job (MB)
	6159276  -  ResidentSetSize of job (KB)
...
006 (17167635.849.000) 06/25 22:54:10 Image size of job updated: 6142684
	5999  -  MemoryUsage of job (MB)
	6142684  -  ResidentSetSize of job (KB)
...
006 (17167635.883.000) 06/25 22:54:14 Image size of job updated: 6089128
	5947  -  MemoryUsage of job (MB)
	6089128  -  ResidentSetSize of job (KB)
...
006 (17167635.884.000) 06/25 22:54:16 Image size of job updated: 6100896
	5958  -  MemoryUsage of job (MB)
	6100896  -  ResidentSetSize of job (KB)
...
006 (17167635.918.000) 06/25 22:54:23 Image size of job updated: 2371252
	2316  -  MemoryUsage of job (MB)
	2371252  -  ResidentSetSize of job (KB)
...
006 (17167635.885.000) 06/25 22:54:23 Image size of job updated: 6086620
	5944  -  MemoryUsage of job (MB)
	6086620  -  ResidentSetSize of job (KB)
...
006 (17167635.916.000) 06/25 22:54:24 Image size of job updated: 2854456
	2788  -  MemoryUsage of job (MB)
	2854456  -  ResidentSetSize of job (KB)
...
006 (17167635.917.000) 06/25 22:54:28 Image size of job updated: 6072824
	5931  -  MemoryUsage of job (MB)
	6072824  -  ResidentSetSize of job (KB)
...
006 (17167635.919.000) 06/25 22:54:30 Image size of job updated: 3771744
	3684  -  MemoryUsage of job (MB)
	3771744  -  ResidentSetSize of job (KB)
...
006 (17167635.851.000) 06/25 22:54:33 Image size of job updated: 6155796
	6012  -  MemoryUsage of job (MB)
	6155796  -  ResidentSetSize of job (KB)
...
006 (17167635.886.000) 06/25 22:54:33 Image size of job updated: 6084864
	5943  -  MemoryUsage of job (MB)
	6084864  -  ResidentSetSize of job (KB)
...
006 (17167635.852.000) 06/25 22:54:38 Image size of job updated: 6146188
	6003  -  MemoryUsage of job (MB)
	6146188  -  ResidentSetSize of job (KB)
...
006 (17167635.887.000) 06/25 22:54:40 Image size of job updated: 6081836
	5940  -  MemoryUsage of job (MB)
	6081836  -  ResidentSetSize of job (KB)
...
006 (17167635.920.000) 06/25 22:54:40 Image size of job updated: 6071528
	5930  -  MemoryUsage of job (MB)
	6071528  -  ResidentSetSize of job (KB)
...
006 (17167635.921.000) 06/25 22:54:40 Image size of job updated: 5499568
	5371  -  MemoryUsage of job (MB)
	5499568  -  ResidentSetSize of job (KB)
...
006 (17167635.922.000) 06/25 22:54:41 Image size of job updated: 2364352
	2309  -  MemoryUsage of job (MB)
	2364352  -  ResidentSetSize of job (KB)
...
006 (17167635.853.000) 06/25 22:54:41 Image size of job updated: 6151076
	6007  -  MemoryUsage of job (MB)
	6151076  -  ResidentSetSize of job (KB)
...
006 (17167635.854.000) 06/25 22:54:49 Image size of job updated: 6142184
	5999  -  MemoryUsage of job (MB)
	6142184  -  ResidentSetSize of job (KB)
...
006 (17167635.924.000) 06/25 22:54:49 Image size of job updated: 6066760
	5925  -  MemoryUsage of job (MB)
	6066760  -  ResidentSetSize of job (KB)
...
006 (17167635.925.000) 06/25 22:54:50 Image size of job updated: 3763844
	3676  -  MemoryUsage of job (MB)
	3763844  -  ResidentSetSize of job (KB)
...
006 (17167635.923.000) 06/25 22:54:50 Image size of job updated: 5315168
	5191  -  MemoryUsage of job (MB)
	5315168  -  ResidentSetSize of job (KB)
...
006 (17167635.855.000) 06/25 22:54:51 Image size of job updated: 6146592
	6003  -  MemoryUsage of job (MB)
	6146592  -  ResidentSetSize of job (KB)
...
006 (17167635.926.000) 06/25 22:54:51 Image size of job updated: 2868992
	2802  -  MemoryUsage of job (MB)
	2868992  -  ResidentSetSize of job (KB)
...
006 (17167635.927.000) 06/25 22:54:56 Image size of job updated: 3952744
	3861  -  MemoryUsage of job (MB)
	3952744  -  ResidentSetSize of job (KB)
...
006 (17167635.928.000) 06/25 22:55:02 Image size of job updated: 3515392
	3433  -  MemoryUsage of job (MB)
	3515392  -  ResidentSetSize of job (KB)
...
006 (17167635.856.000) 06/25 22:55:06 Image size of job updated: 6200620
	6056  -  MemoryUsage of job (MB)
	6200380  -  ResidentSetSize of job (KB)
...
006 (17167635.857.000) 06/25 22:55:08 Image size of job updated: 6157812
	6014  -  MemoryUsage of job (MB)
	6157812  -  ResidentSetSize of job (KB)
...
006 (17167635.858.000) 06/25 22:55:17 Image size of job updated: 6155272
	6012  -  MemoryUsage of job (MB)
	6155272  -  ResidentSetSize of job (KB)
...
006 (17167635.889.000) 06/25 22:55:27 Image size of job updated: 6099112
	5957  -  MemoryUsage of job (MB)
	6099112  -  ResidentSetSize of job (KB)
...
006 (17167635.834.000) 06/25 22:55:28 Image size of job updated: 6260044
	6114  -  MemoryUsage of job (MB)
	6260044  -  ResidentSetSize of job (KB)
...
006 (17167635.833.000) 06/25 22:55:28 Image size of job updated: 6325588
	6178  -  MemoryUsage of job (MB)
	6325588  -  ResidentSetSize of job (KB)
...
006 (17167635.888.000) 06/25 22:55:29 Image size of job updated: 6081032
	5939  -  MemoryUsage of job (MB)
	6081032  -  ResidentSetSize of job (KB)
...
006 (17167635.835.000) 06/25 22:55:32 Image size of job updated: 6306516
	6159  -  MemoryUsage of job (MB)
	6306516  -  ResidentSetSize of job (KB)
...
006 (17167635.890.000) 06/25 22:55:38 Image size of job updated: 6085704
	5944  -  MemoryUsage of job (MB)
	6085704  -  ResidentSetSize of job (KB)
...
006 (17167635.859.000) 06/25 22:55:40 Image size of job updated: 6143860
	6000  -  MemoryUsage of job (MB)
	6143860  -  ResidentSetSize of job (KB)
...
006 (17167635.893.000) 06/25 22:55:41 Image size of job updated: 6097980
	5956  -  MemoryUsage of job (MB)
	6097980  -  ResidentSetSize of job (KB)
...
006 (17167635.891.000) 06/25 22:55:42 Image size of job updated: 6083692
	5942  -  MemoryUsage of job (MB)
	6083692  -  ResidentSetSize of job (KB)
...
006 (17167635.836.000) 06/25 22:55:44 Image size of job updated: 6154952
	6011  -  MemoryUsage of job (MB)
	6154952  -  ResidentSetSize of job (KB)
...
006 (17167635.892.000) 06/25 22:55:45 Image size of job updated: 6094684
	5952  -  MemoryUsage of job (MB)
	6094684  -  ResidentSetSize of job (KB)
...
006 (17167635.860.000) 06/25 22:55:48 Image size of job updated: 6085060
	5943  -  MemoryUsage of job (MB)
	6085060  -  ResidentSetSize of job (KB)
...
006 (17167635.894.000) 06/25 22:55:51 Image size of job updated: 6088828
	5947  -  MemoryUsage of job (MB)
	6088828  -  ResidentSetSize of job (KB)
...
006 (17167635.861.000) 06/25 22:55:57 Image size of job updated: 6157848
	6014  -  MemoryUsage of job (MB)
	6157848  -  ResidentSetSize of job (KB)
...
006 (17167635.895.000) 06/25 22:55:59 Image size of job updated: 6089908
	5948  -  MemoryUsage of job (MB)
	6089908  -  ResidentSetSize of job (KB)
...
006 (17167635.863.000) 06/25 22:56:05 Image size of job updated: 6160736
	6017  -  MemoryUsage of job (MB)
	6160736  -  ResidentSetSize of job (KB)
...
006 (17167635.862.000) 06/25 22:56:05 Image size of job updated: 6137288
	5994  -  MemoryUsage of job (MB)
	6137288  -  ResidentSetSize of job (KB)
...
006 (17167635.805.000) 06/25 22:56:08 Image size of job updated: 6881420
	6721  -  MemoryUsage of job (MB)
	6881420  -  ResidentSetSize of job (KB)
...
006 (17167635.896.000) 06/25 22:56:08 Image size of job updated: 6084944
	5943  -  MemoryUsage of job (MB)
	6084944  -  ResidentSetSize of job (KB)
...
006 (17167635.806.000) 06/25 22:56:08 Image size of job updated: 6874496
	6714  -  MemoryUsage of job (MB)
	6874496  -  ResidentSetSize of job (KB)
...
006 (17167635.807.000) 06/25 22:56:09 Image size of job updated: 6894460
	6733  -  MemoryUsage of job (MB)
	6894460  -  ResidentSetSize of job (KB)
...
006 (17167635.864.000) 06/25 22:56:10 Image size of job updated: 6156288
	6012  -  MemoryUsage of job (MB)
	6156288  -  ResidentSetSize of job (KB)
...
006 (17167635.813.000) 06/25 22:56:10 Image size of job updated: 6364920
	6216  -  MemoryUsage of job (MB)
	6364920  -  ResidentSetSize of job (KB)
...
006 (17167635.814.000) 06/25 22:56:10 Image size of job updated: 6865392
	6705  -  MemoryUsage of job (MB)
	6865392  -  ResidentSetSize of job (KB)
...
006 (17167635.812.000) 06/25 22:56:11 Image size of job updated: 6924536
	6763  -  MemoryUsage of job (MB)
	6924536  -  ResidentSetSize of job (KB)
...
006 (17167635.795.000) 06/25 22:56:11 Image size of job updated: 6783872
	6625  -  MemoryUsage of job (MB)
	6783872  -  ResidentSetSize of job (KB)
...
006 (17167635.897.000) 06/25 22:56:11 Image size of job updated: 6104532
	5962  -  MemoryUsage of job (MB)
	6104532  -  ResidentSetSize of job (KB)
...
006 (17167635.821.000) 06/25 22:56:13 Image size of job updated: 6516384
	6364  -  MemoryUsage of job (MB)
	6516384  -  ResidentSetSize of job (KB)
...
006 (17167635.817.000) 06/25 22:56:13 Image size of job updated: 6555588
	6402  -  MemoryUsage of job (MB)
	6555588  -  ResidentSetSize of job (KB)
...
006 (17167635.809.000) 06/25 22:56:14 Image size of job updated: 6343724
	6196  -  MemoryUsage of job (MB)
	6343724  -  ResidentSetSize of job (KB)
...
006 (17167635.820.000) 06/25 22:56:14 Image size of job updated: 6518272
	6366  -  MemoryUsage of job (MB)
	6518272  -  ResidentSetSize of job (KB)
...
006 (17167635.810.000) 06/25 22:56:14 Image size of job updated: 6322092
	6174  -  MemoryUsage of job (MB)
	6322092  -  ResidentSetSize of job (KB)
...
006 (17167635.837.000) 06/25 22:56:15 Image size of job updated: 6344932
	6197  -  MemoryUsage of job (MB)
	6344932  -  ResidentSetSize of job (KB)
...
006 (17167635.816.000) 06/25 22:56:16 Image size of job updated: 6143080
	6000  -  MemoryUsage of job (MB)
	6143080  -  ResidentSetSize of job (KB)
...
006 (17167635.815.000) 06/25 22:56:17 Image size of job updated: 6306948
	6093  -  MemoryUsage of job (MB)
	6238492  -  ResidentSetSize of job (KB)
...
006 (17167635.823.000) 06/25 22:56:17 Image size of job updated: 6319824
	6172  -  MemoryUsage of job (MB)
	6319824  -  ResidentSetSize of job (KB)
...
006 (17167635.838.000) 06/25 22:56:18 Image size of job updated: 6339308
	6191  -  MemoryUsage of job (MB)
	6339308  -  ResidentSetSize of job (KB)
...
006 (17167635.865.000) 06/25 22:56:22 Image size of job updated: 6145628
	6002  -  MemoryUsage of job (MB)
	6145628  -  ResidentSetSize of job (KB)
...
006 (17167635.898.000) 06/25 22:56:25 Image size of job updated: 6099436
	5957  -  MemoryUsage of job (MB)
	6099436  -  ResidentSetSize of job (KB)
...
006 (17167635.899.000) 06/25 22:56:26 Image size of job updated: 6131704
	5988  -  MemoryUsage of job (MB)
	6131624  -  ResidentSetSize of job (KB)
...
006 (17167635.866.000) 06/25 22:56:27 Image size of job updated: 6143764
	6000  -  MemoryUsage of job (MB)
	6143764  -  ResidentSetSize of job (KB)
...
006 (17167635.867.000) 06/25 22:56:30 Image size of job updated: 6082104
	5940  -  MemoryUsage of job (MB)
	6082104  -  ResidentSetSize of job (KB)
...
006 (17167635.824.000) 06/25 22:56:50 Image size of job updated: 6333512
	6186  -  MemoryUsage of job (MB)
	6333512  -  ResidentSetSize of job (KB)
...
006 (17167635.900.000) 06/25 22:56:51 Image size of job updated: 6112396
	5970  -  MemoryUsage of job (MB)
	6112396  -  ResidentSetSize of job (KB)
...
006 (17167635.901.000) 06/25 22:56:57 Image size of job updated: 6083708
	5942  -  MemoryUsage of job (MB)
	6083708  -  ResidentSetSize of job (KB)
...
006 (17167635.902.000) 06/25 22:56:58 Image size of job updated: 6096592
	5954  -  MemoryUsage of job (MB)
	6096592  -  ResidentSetSize of job (KB)
...
006 (17167635.903.000) 06/25 22:57:02 Image size of job updated: 6086484
	5944  -  MemoryUsage of job (MB)
	6086484  -  ResidentSetSize of job (KB)
...
006 (17167635.839.000) 06/25 22:57:05 Image size of job updated: 6336372
	6188  -  MemoryUsage of job (MB)
	6336372  -  ResidentSetSize of job (KB)
...
006 (17167635.840.000) 06/25 22:57:08 Image size of job updated: 6340516
	6192  -  MemoryUsage of job (MB)
	6340516  -  ResidentSetSize of job (KB)
...
006 (17167635.904.000) 06/25 22:57:11 Image size of job updated: 6098280
	5956  -  MemoryUsage of job (MB)
	6098280  -  ResidentSetSize of job (KB)
...
006 (17167635.906.000) 06/25 22:57:15 Image size of job updated: 6097428
	5955  -  MemoryUsage of job (MB)
	6097428  -  ResidentSetSize of job (KB)
...
006 (17167635.868.000) 06/25 22:57:15 Image size of job updated: 6139324
	5996  -  MemoryUsage of job (MB)
	6139324  -  ResidentSetSize of job (KB)
...
006 (17167635.826.000) 06/25 22:57:16 Image size of job updated: 6335232
	6187  -  MemoryUsage of job (MB)
	6335232  -  ResidentSetSize of job (KB)
...
006 (17167635.905.000) 06/25 22:57:17 Image size of job updated: 6082744
	5941  -  MemoryUsage of job (MB)
	6082744  -  ResidentSetSize of job (KB)
...
006 (17167635.907.000) 06/25 22:57:26 Image size of job updated: 6103592
	5961  -  MemoryUsage of job (MB)
	6103592  -  ResidentSetSize of job (KB)
...
006 (17167635.827.000) 06/25 22:57:26 Image size of job updated: 6333368
	6185  -  MemoryUsage of job (MB)
	6333368  -  ResidentSetSize of job (KB)
...
006 (17167635.908.000) 06/25 22:57:29 Image size of job updated: 6128264
	5985  -  MemoryUsage of job (MB)
	6128264  -  ResidentSetSize of job (KB)
...
006 (17167635.909.000) 06/25 22:57:29 Image size of job updated: 6104568
	5962  -  MemoryUsage of job (MB)
	6104568  -  ResidentSetSize of job (KB)
...
006 (17167635.870.000) 06/25 22:57:30 Image size of job updated: 6161232
	6017  -  MemoryUsage of job (MB)
	6161232  -  ResidentSetSize of job (KB)
...
006 (17167635.869.000) 06/25 22:57:30 Image size of job updated: 6146840
	6003  -  MemoryUsage of job (MB)
	6146840  -  ResidentSetSize of job (KB)
...
006 (17167635.841.000) 06/25 22:57:30 Image size of job updated: 6146392
	6003  -  MemoryUsage of job (MB)
	6146392  -  ResidentSetSize of job (KB)
...
006 (17167635.842.000) 06/25 22:57:39 Image size of job updated: 6164792
	6021  -  MemoryUsage of job (MB)
	6164792  -  ResidentSetSize of job (KB)
...
006 (17167635.871.000) 06/25 22:57:42 Image size of job updated: 6100236
	5958  -  MemoryUsage of job (MB)
	6100236  -  ResidentSetSize of job (KB)
...
006 (17167635.872.000) 06/25 22:57:43 Image size of job updated: 6168340
	6024  -  MemoryUsage of job (MB)
	6168340  -  ResidentSetSize of job (KB)
...
006 (17167635.843.000) 06/25 22:57:49 Image size of job updated: 6144868
	6001  -  MemoryUsage of job (MB)
	6144868  -  ResidentSetSize of job (KB)
...
006 (17167635.873.000) 06/25 22:57:49 Image size of job updated: 6143652
	6000  -  MemoryUsage of job (MB)
	6143652  -  ResidentSetSize of job (KB)
...
006 (17167635.874.000) 06/25 22:57:51 Image size of job updated: 6140548
	5997  -  MemoryUsage of job (MB)
	6140548  -  ResidentSetSize of job (KB)
...
006 (17167635.910.000) 06/25 22:57:52 Image size of job updated: 6101180
	5959  -  MemoryUsage of job (MB)
	6101180  -  ResidentSetSize of job (KB)
...
006 (17167635.875.000) 06/25 22:57:56 Image size of job updated: 6134328
	5991  -  MemoryUsage of job (MB)
	6134328  -  ResidentSetSize of job (KB)
...
006 (17167635.844.000) 06/25 22:57:57 Image size of job updated: 6211660
	6067  -  MemoryUsage of job (MB)
	6211660  -  ResidentSetSize of job (KB)
...
006 (17167635.829.000) 06/25 22:58:00 Image size of job updated: 6356648
	6208  -  MemoryUsage of job (MB)
	6356648  -  ResidentSetSize of job (KB)
...
006 (17167635.845.000) 06/25 22:58:01 Image size of job updated: 6144088
	6001  -  MemoryUsage of job (MB)
	6144088  -  ResidentSetSize of job (KB)
...
006 (17167635.830.000) 06/25 22:58:07 Image size of job updated: 6337304
	6189  -  MemoryUsage of job (MB)
	6337304  -  ResidentSetSize of job (KB)
...
006 (17167635.846.000) 06/25 22:58:08 Image size of job updated: 6160956
	6017  -  MemoryUsage of job (MB)
	6160956  -  ResidentSetSize of job (KB)
...
006 (17167635.911.000) 06/25 22:58:11 Image size of job updated: 6088660
	5946  -  MemoryUsage of job (MB)
	6088660  -  ResidentSetSize of job (KB)
...
006 (17167635.831.000) 06/25 22:58:12 Image size of job updated: 6275304
	6129  -  MemoryUsage of job (MB)
	6275304  -  ResidentSetSize of job (KB)
...
006 (17167635.876.000) 06/25 22:58:24 Image size of job updated: 6159444
	6016  -  MemoryUsage of job (MB)
	6159444  -  ResidentSetSize of job (KB)
...
006 (17167635.878.000) 06/25 22:58:32 Image size of job updated: 6102744
	5960  -  MemoryUsage of job (MB)
	6102744  -  ResidentSetSize of job (KB)
...
006 (17167635.912.000) 06/25 22:58:35 Image size of job updated: 6105104
	5963  -  MemoryUsage of job (MB)
	6105104  -  ResidentSetSize of job (KB)
...
006 (17167635.877.000) 06/25 22:58:36 Image size of job updated: 6089628
	5947  -  MemoryUsage of job (MB)
	6089628  -  ResidentSetSize of job (KB)
...
006 (17167635.832.000) 06/25 22:58:38 Image size of job updated: 6331824
	6184  -  MemoryUsage of job (MB)
	6331824  -  ResidentSetSize of job (KB)
...
006 (17167635.879.000) 06/25 22:58:42 Image size of job updated: 6143440
	6000  -  MemoryUsage of job (MB)
	6143440  -  ResidentSetSize of job (KB)
...
006 (17167635.881.000) 06/25 22:58:44 Image size of job updated: 6105072
	5962  -  MemoryUsage of job (MB)
	6105072  -  ResidentSetSize of job (KB)
...
006 (17167635.880.000) 06/25 22:58:45 Image size of job updated: 6147724
	6004  -  MemoryUsage of job (MB)
	6147724  -  ResidentSetSize of job (KB)
...
006 (17167635.882.000) 06/25 22:58:49 Image size of job updated: 6152308
	6009  -  MemoryUsage of job (MB)
	6152308  -  ResidentSetSize of job (KB)
...
006 (17167635.913.000) 06/25 22:58:53 Image size of job updated: 6099584
	5957  -  MemoryUsage of job (MB)
	6099584  -  ResidentSetSize of job (KB)
...
006 (17167635.914.000) 06/25 22:58:57 Image size of job updated: 4426312
	4323  -  MemoryUsage of job (MB)
	4426312  -  ResidentSetSize of job (KB)
...
006 (17167635.848.000) 06/25 22:58:59 Image size of job updated: 6337272
	6189  -  MemoryUsage of job (MB)
	6337272  -  ResidentSetSize of job (KB)
...
006 (17167635.915.000) 06/25 22:59:06 Image size of job updated: 6085364
	5943  -  MemoryUsage of job (MB)
	6085364  -  ResidentSetSize of job (KB)
...
006 (17167635.850.000) 06/25 22:59:08 Image size of job updated: 6168976
	6025  -  MemoryUsage of job (MB)
	6168976  -  ResidentSetSize of job (KB)
...
006 (17167635.849.000) 06/25 22:59:11 Image size of job updated: 6150628
	6007  -  MemoryUsage of job (MB)
	6150628  -  ResidentSetSize of job (KB)
...
006 (17167635.883.000) 06/25 22:59:15 Image size of job updated: 6150308
	6007  -  MemoryUsage of job (MB)
	6150308  -  ResidentSetSize of job (KB)
...
006 (17167635.884.000) 06/25 22:59:16 Image size of job updated: 6158640
	6015  -  MemoryUsage of job (MB)
	6158640  -  ResidentSetSize of job (KB)
...
006 (17167635.918.000) 06/25 22:59:23 Image size of job updated: 5371472
	5246  -  MemoryUsage of job (MB)
	5371472  -  ResidentSetSize of job (KB)
...
006 (17167635.885.000) 06/25 22:59:25 Image size of job updated: 6137980
	5995  -  MemoryUsage of job (MB)
	6137980  -  ResidentSetSize of job (KB)
...
006 (17167635.916.000) 06/25 22:59:25 Image size of job updated: 6085888
	5944  -  MemoryUsage of job (MB)
	6085888  -  ResidentSetSize of job (KB)
...
006 (17167635.917.000) 06/25 22:59:28 Image size of job updated: 6085720
	5944  -  MemoryUsage of job (MB)
	6085720  -  ResidentSetSize of job (KB)
...
006 (17167635.919.000) 06/25 22:59:30 Image size of job updated: 6106620
	5964  -  MemoryUsage of job (MB)
	6106620  -  ResidentSetSize of job (KB)
...
006 (17167635.851.000) 06/25 22:59:33 Image size of job updated: 6341700
	6194  -  MemoryUsage of job (MB)
	6341700  -  ResidentSetSize of job (KB)
...
006 (17167635.886.000) 06/25 22:59:34 Image size of job updated: 6139560
	5996  -  MemoryUsage of job (MB)
	6139560  -  ResidentSetSize of job (KB)
...
006 (17167635.852.000) 06/25 22:59:38 Image size of job updated: 6303612
	6062  -  MemoryUsage of job (MB)
	6207156  -  ResidentSetSize of job (KB)
...
006 (17167635.887.000) 06/25 22:59:40 Image size of job updated: 6086384
	5944  -  MemoryUsage of job (MB)
	6086384  -  ResidentSetSize of job (KB)
...
006 (17167635.921.000) 06/25 22:59:41 Image size of job updated: 6085456
	5943  -  MemoryUsage of job (MB)
	6085456  -  ResidentSetSize of job (KB)
...
006 (17167635.922.000) 06/25 22:59:41 Image size of job updated: 4036700
	3943  -  MemoryUsage of job (MB)
	4036700  -  ResidentSetSize of job (KB)
...
006 (17167635.920.000) 06/25 22:59:41 Image size of job updated: 6090584
	5948  -  MemoryUsage of job (MB)
	6090584  -  ResidentSetSize of job (KB)
...
006 (17167635.853.000) 06/25 22:59:42 Image size of job updated: 6336560
	6189  -  MemoryUsage of job (MB)
	6336560  -  ResidentSetSize of job (KB)
...
006 (17167635.854.000) 06/25 22:59:50 Image size of job updated: 6143656
	6000  -  MemoryUsage of job (MB)
	6143656  -  ResidentSetSize of job (KB)
...
006 (17167635.924.000) 06/25 22:59:50 Image size of job updated: 6082708
	5941  -  MemoryUsage of job (MB)
	6082708  -  ResidentSetSize of job (KB)
...
006 (17167635.925.000) 06/25 22:59:51 Image size of job updated: 6096024
	5954  -  MemoryUsage of job (MB)
	6096024  -  ResidentSetSize of job (KB)
...
006 (17167635.923.000) 06/25 22:59:51 Image size of job updated: 6094804
	5952  -  MemoryUsage of job (MB)
	6094804  -  ResidentSetSize of job (KB)
...
006 (17167635.855.000) 06/25 22:59:51 Image size of job updated: 6339072
	6191  -  MemoryUsage of job (MB)
	6339072  -  ResidentSetSize of job (KB)
...
006 (17167635.926.000) 06/25 22:59:52 Image size of job updated: 6112152
	5969  -  MemoryUsage of job (MB)
	6112152  -  ResidentSetSize of job (KB)
...
006 (17167635.927.000) 06/25 22:59:56 Image size of job updated: 6104736
	5962  -  MemoryUsage of job (MB)
	6104736  -  ResidentSetSize of job (KB)
...
006 (17167635.928.000) 06/25 23:00:02 Image size of job updated: 6099360
	5957  -  MemoryUsage of job (MB)
	6099360  -  ResidentSetSize of job (KB)
...
006 (17167635.856.000) 06/25 23:00:07 Image size of job updated: 6408992
	6259  -  MemoryUsage of job (MB)
	6408744  -  ResidentSetSize of job (KB)
...
006 (17167635.857.000) 06/25 23:00:09 Image size of job updated: 6333576
	6186  -  MemoryUsage of job (MB)
	6333576  -  ResidentSetSize of job (KB)
...
006 (17167635.858.000) 06/25 23:00:18 Image size of job updated: 6357872
	6209  -  MemoryUsage of job (MB)
	6357872  -  ResidentSetSize of job (KB)
...
006 (17167635.889.000) 06/25 23:00:28 Image size of job updated: 6158348
	6015  -  MemoryUsage of job (MB)
	6158348  -  ResidentSetSize of job (KB)
...
006 (17167635.833.000) 06/25 23:00:28 Image size of job updated: 6325608
	6178  -  MemoryUsage of job (MB)
	6325608  -  ResidentSetSize of job (KB)
...
006 (17167635.888.000) 06/25 23:00:29 Image size of job updated: 6089128
	5947  -  MemoryUsage of job (MB)
	6089128  -  ResidentSetSize of job (KB)
...
006 (17167635.835.000) 06/25 23:00:33 Image size of job updated: 6306520
	6159  -  MemoryUsage of job (MB)
	6306520  -  ResidentSetSize of job (KB)
...
006 (17167635.890.000) 06/25 23:00:39 Image size of job updated: 6141844
	5998  -  MemoryUsage of job (MB)
	6141844  -  ResidentSetSize of job (KB)
...
006 (17167635.859.000) 06/25 23:00:40 Image size of job updated: 6145496
	6002  -  MemoryUsage of job (MB)
	6145496  -  ResidentSetSize of job (KB)
...
006 (17167635.893.000) 06/25 23:00:41 Image size of job updated: 6155632
	6012  -  MemoryUsage of job (MB)
	6155632  -  ResidentSetSize of job (KB)
...
006 (17167635.891.000) 06/25 23:00:42 Image size of job updated: 6139528
	5996  -  MemoryUsage of job (MB)
	6139528  -  ResidentSetSize of job (KB)
...
006 (17167635.836.000) 06/25 23:00:44 Image size of job updated: 6338580
	6191  -  MemoryUsage of job (MB)
	6338580  -  ResidentSetSize of job (KB)
...
006 (17167635.892.000) 06/25 23:00:45 Image size of job updated: 6162664
	6019  -  MemoryUsage of job (MB)
	6162664  -  ResidentSetSize of job (KB)
...
006 (17167635.860.000) 06/25 23:00:49 Image size of job updated: 6140520
	5997  -  MemoryUsage of job (MB)
	6140520  -  ResidentSetSize of job (KB)
...
006 (17167635.894.000) 06/25 23:00:51 Image size of job updated: 6142660
	5999  -  MemoryUsage of job (MB)
	6142660  -  ResidentSetSize of job (KB)
...
006 (17167635.861.000) 06/25 23:00:57 Image size of job updated: 6361268
	6213  -  MemoryUsage of job (MB)
	6361268  -  ResidentSetSize of job (KB)
...
006 (17167635.895.000) 06/25 23:01:00 Image size of job updated: 6143396
	6000  -  MemoryUsage of job (MB)
	6143396  -  ResidentSetSize of job (KB)
...
006 (17167635.863.000) 06/25 23:01:05 Image size of job updated: 6161452
	6018  -  MemoryUsage of job (MB)
	6161452  -  ResidentSetSize of job (KB)
...
006 (17167635.862.000) 06/25 23:01:06 Image size of job updated: 6142760
	5999  -  MemoryUsage of job (MB)
	6142760  -  ResidentSetSize of job (KB)
...
006 (17167635.806.000) 06/25 23:01:08 Image size of job updated: 6874520
	6714  -  MemoryUsage of job (MB)
	6874520  -  ResidentSetSize of job (KB)
...
006 (17167635.896.000) 06/25 23:01:08 Image size of job updated: 6138496
	5995  -  MemoryUsage of job (MB)
	6138496  -  ResidentSetSize of job (KB)
...
006 (17167635.807.000) 06/25 23:01:09 Image size of job updated: 6894536
	6733  -  MemoryUsage of job (MB)
	6894536  -  ResidentSetSize of job (KB)
...
006 (17167635.864.000) 06/25 23:01:10 Image size of job updated: 6164572
	6021  -  MemoryUsage of job (MB)
	6164572  -  ResidentSetSize of job (KB)
...
006 (17167635.814.000) 06/25 23:01:10 Image size of job updated: 6865464
	6705  -  MemoryUsage of job (MB)
	6865464  -  ResidentSetSize of job (KB)
...
006 (17167635.812.000) 06/25 23:01:11 Image size of job updated: 6925932
	6764  -  MemoryUsage of job (MB)
	6925932  -  ResidentSetSize of job (KB)
...
006 (17167635.897.000) 06/25 23:01:12 Image size of job updated: 6156772
	6013  -  MemoryUsage of job (MB)
	6156772  -  ResidentSetSize of job (KB)
...
006 (17167635.809.000) 06/25 23:01:14 Image size of job updated: 6343836
	6196  -  MemoryUsage of job (MB)
	6343836  -  ResidentSetSize of job (KB)
...
006 (17167635.817.000) 06/25 23:01:14 Image size of job updated: 6555908
	6403  -  MemoryUsage of job (MB)
	6555908  -  ResidentSetSize of job (KB)
...
006 (17167635.810.000) 06/25 23:01:15 Image size of job updated: 6322172
	6174  -  MemoryUsage of job (MB)
	6322172  -  ResidentSetSize of job (KB)
...
006 (17167635.816.000) 06/25 23:01:17 Image size of job updated: 6143176
	6000  -  MemoryUsage of job (MB)
	6143176  -  ResidentSetSize of job (KB)
...
006 (17167635.811.000) 06/25 23:01:18 Image size of job updated: 6307700
	6160  -  MemoryUsage of job (MB)
	6307700  -  ResidentSetSize of job (KB)
...
006 (17167635.823.000) 06/25 23:01:18 Image size of job updated: 6319828
	6172  -  MemoryUsage of job (MB)
	6319828  -  ResidentSetSize of job (KB)
...
006 (17167635.838.000) 06/25 23:01:19 Image size of job updated: 6339400
	6191  -  MemoryUsage of job (MB)
	6339400  -  ResidentSetSize of job (KB)
...
006 (17167635.822.000) 06/25 23:01:20 Image size of job updated: 6336512
	6188  -  MemoryUsage of job (MB)
	6336188  -  ResidentSetSize of job (KB)
...
006 (17167635.865.000) 06/25 23:01:22 Image size of job updated: 6303248
	6156  -  MemoryUsage of job (MB)
	6303248  -  ResidentSetSize of job (KB)
...
006 (17167635.898.000) 06/25 23:01:25 Image size of job updated: 6160148
	6016  -  MemoryUsage of job (MB)
	6160148  -  ResidentSetSize of job (KB)
...
006 (17167635.899.000) 06/25 23:01:26 Image size of job updated: 6198944
	6054  -  MemoryUsage of job (MB)
	6198944  -  ResidentSetSize of job (KB)
...
006 (17167635.866.000) 06/25 23:01:28 Image size of job updated: 6328844
	6181  -  MemoryUsage of job (MB)
	6328844  -  ResidentSetSize of job (KB)
...
006 (17167635.867.000) 06/25 23:01:31 Image size of job updated: 6138004
	5995  -  MemoryUsage of job (MB)
	6138004  -  ResidentSetSize of job (KB)
...
006 (17167635.824.000) 06/25 23:01:50 Image size of job updated: 6333652
	6186  -  MemoryUsage of job (MB)
	6333652  -  ResidentSetSize of job (KB)
...
006 (17167635.900.000) 06/25 23:01:51 Image size of job updated: 6161100
	6017  -  MemoryUsage of job (MB)
	6161100  -  ResidentSetSize of job (KB)
...
006 (17167635.902.000) 06/25 23:01:58 Image size of job updated: 6154776
	6011  -  MemoryUsage of job (MB)
	6154776  -  ResidentSetSize of job (KB)
...
006 (17167635.901.000) 06/25 23:01:58 Image size of job updated: 6143176
	6000  -  MemoryUsage of job (MB)
	6143176  -  ResidentSetSize of job (KB)
...
006 (17167635.903.000) 06/25 23:02:03 Image size of job updated: 6144708
	6001  -  MemoryUsage of job (MB)
	6144708  -  ResidentSetSize of job (KB)
...
006 (17167635.840.000) 06/25 23:02:09 Image size of job updated: 6340540
	6192  -  MemoryUsage of job (MB)
	6340540  -  ResidentSetSize of job (KB)
...
006 (17167635.904.000) 06/25 23:02:11 Image size of job updated: 6153740
	6010  -  MemoryUsage of job (MB)
	6153740  -  ResidentSetSize of job (KB)
...
006 (17167635.868.000) 06/25 23:02:16 Image size of job updated: 6323796
	6176  -  MemoryUsage of job (MB)
	6323796  -  ResidentSetSize of job (KB)
...
006 (17167635.906.000) 06/25 23:02:16 Image size of job updated: 6157740
	6014  -  MemoryUsage of job (MB)
	6157740  -  ResidentSetSize of job (KB)
...
006 (17167635.905.000) 06/25 23:02:18 Image size of job updated: 6139816
	5996  -  MemoryUsage of job (MB)
	6139816  -  ResidentSetSize of job (KB)
...
006 (17167635.907.000) 06/25 23:02:26 Image size of job updated: 6157964
	6014  -  MemoryUsage of job (MB)
	6157964  -  ResidentSetSize of job (KB)
...
006 (17167635.827.000) 06/25 23:02:27 Image size of job updated: 6333408
	6185  -  MemoryUsage of job (MB)
	6333408  -  ResidentSetSize of job (KB)
...
006 (17167635.908.000) 06/25 23:02:29 Image size of job updated: 6188084
	6044  -  MemoryUsage of job (MB)
	6188084  -  ResidentSetSize of job (KB)
...
006 (17167635.909.000) 06/25 23:02:30 Image size of job updated: 6161056
	6017  -  MemoryUsage of job (MB)
	6161056  -  ResidentSetSize of job (KB)
...
006 (17167635.870.000) 06/25 23:02:30 Image size of job updated: 6360492
	6212  -  MemoryUsage of job (MB)
	6360492  -  ResidentSetSize of job (KB)
...
006 (17167635.841.000) 06/25 23:02:31 Image size of job updated: 6340140
	6192  -  MemoryUsage of job (MB)
	6340140  -  ResidentSetSize of job (KB)
...
006 (17167635.869.000) 06/25 23:02:31 Image size of job updated: 6305260
	6054  -  MemoryUsage of job (MB)
	6198564  -  ResidentSetSize of job (KB)
...
006 (17167635.842.000) 06/25 23:02:39 Image size of job updated: 6349784
	6201  -  MemoryUsage of job (MB)
	6349784  -  ResidentSetSize of job (KB)
...
006 (17167635.871.000) 06/25 23:02:42 Image size of job updated: 6156804
	6013  -  MemoryUsage of job (MB)
	6156804  -  ResidentSetSize of job (KB)
...
006 (17167635.872.000) 06/25 23:02:44 Image size of job updated: 6358228
	6210  -  MemoryUsage of job (MB)
	6358228  -  ResidentSetSize of job (KB)
...
006 (17167635.843.000) 06/25 23:02:49 Image size of job updated: 6320500
	6173  -  MemoryUsage of job (MB)
	6320500  -  ResidentSetSize of job (KB)
...
006 (17167635.873.000) 06/25 23:02:49 Image size of job updated: 6321640
	6174  -  MemoryUsage of job (MB)
	6321640  -  ResidentSetSize of job (KB)
...
006 (17167635.874.000) 06/25 23:02:52 Image size of job updated: 6330268
	6182  -  MemoryUsage of job (MB)
	6330268  -  ResidentSetSize of job (KB)
...
006 (17167635.910.000) 06/25 23:02:52 Image size of job updated: 6161040
	6017  -  MemoryUsage of job (MB)
	6161040  -  ResidentSetSize of job (KB)
...
006 (17167635.875.000) 06/25 23:02:57 Image size of job updated: 6135616
	5992  -  MemoryUsage of job (MB)
	6135616  -  ResidentSetSize of job (KB)
...
006 (17167635.844.000) 06/25 23:02:58 Image size of job updated: 6322412
	6175  -  MemoryUsage of job (MB)
	6322412  -  ResidentSetSize of job (KB)
...
006 (17167635.845.000) 06/25 23:03:02 Image size of job updated: 6320772
	6173  -  MemoryUsage of job (MB)
	6320772  -  ResidentSetSize of job (KB)
...
040 (17167635.822.000) 06/25 23:03:02 Started transferring output files
...
040 (17167635.822.000) 06/25 23:03:03 Finished transferring output files
...
005 (17167635.822.000) 06/25 23:03:03 Job terminated.
	(1) Normal termination (return value 0)
		Usr 0 00:35:33, Sys 0 00:00:24  -  Run Remote Usage
		Usr 0 00:00:00, Sys 0 00:00:00  -  Run Local Usage
		Usr 0 00:35:33, Sys 0 00:00:24  -  Total Remote Usage
		Usr 0 00:00:00, Sys 0 00:00:00  -  Total Local Usage
	3596526  -  Run Bytes Sent By Job
	2804  -  Run Bytes Received By Job
	3596526  -  Total Bytes Sent By Job
	2804  -  Total Bytes Received By Job
	Partitionable Resources :    Usage  Request Allocated 
	   Cpus                 :     0.99        3         3 
	   Disk (KB)            :  3539           3      6900 
	   GPUs                 :                           0 
	   Memory (MB)          :  6188        9000      9000 
	   TimeExecute (s)      :  2221                       
	   TimeSlotBusy (s)     :  2223                       

	Job terminated of its own accord at 2025-06-25T21:03:02Z with exit-code 0.
...
006 (17167635.846.000) 06/25 23:03:08 Image size of job updated: 6351024
	6203  -  MemoryUsage of job (MB)
	6351024  -  ResidentSetSize of job (KB)
...
006 (17167635.911.000) 06/25 23:03:12 Image size of job updated: 6144144
	6001  -  MemoryUsage of job (MB)
	6144144  -  ResidentSetSize of job (KB)
...
006 (17167635.831.000) 06/25 23:03:13 Image size of job updated: 6276960
	6130  -  MemoryUsage of job (MB)
	6276960  -  ResidentSetSize of job (KB)
...
006 (17167635.876.000) 06/25 23:03:25 Image size of job updated: 6160060
	6016  -  MemoryUsage of job (MB)
	6160060  -  ResidentSetSize of job (KB)
...
006 (17167635.878.000) 06/25 23:03:33 Image size of job updated: 6156264
	6012  -  MemoryUsage of job (MB)
	6156264  -  ResidentSetSize of job (KB)
...
006 (17167635.912.000) 06/25 23:03:35 Image size of job updated: 6156724
	6013  -  MemoryUsage of job (MB)
	6156724  -  ResidentSetSize of job (KB)
...
006 (17167635.877.000) 06/25 23:03:36 Image size of job updated: 6140824
	5997  -  MemoryUsage of job (MB)
	6140824  -  ResidentSetSize of job (KB)
...
006 (17167635.832.000) 06/25 23:03:38 Image size of job updated: 6332164
	6184  -  MemoryUsage of job (MB)
	6332164  -  ResidentSetSize of job (KB)
...
006 (17167635.879.000) 06/25 23:03:43 Image size of job updated: 6329384
	6182  -  MemoryUsage of job (MB)
	6329384  -  ResidentSetSize of job (KB)
...
006 (17167635.880.000) 06/25 23:03:45 Image size of job updated: 6299136
	6152  -  MemoryUsage of job (MB)
	6299136  -  ResidentSetSize of job (KB)
...
006 (17167635.881.000) 06/25 23:03:45 Image size of job updated: 6167904
	6024  -  MemoryUsage of job (MB)
	6167904  -  ResidentSetSize of job (KB)
...
006 (17167635.882.000) 06/25 23:03:49 Image size of job updated: 6313008
	6166  -  MemoryUsage of job (MB)
	6313008  -  ResidentSetSize of job (KB)
...
006 (17167635.913.000) 06/25 23:03:53 Image size of job updated: 6147384
	6004  -  MemoryUsage of job (MB)
	6147384  -  ResidentSetSize of job (KB)
...
006 (17167635.914.000) 06/25 23:03:57 Image size of job updated: 6110968
	5968  -  MemoryUsage of job (MB)
	6110968  -  ResidentSetSize of job (KB)
...
006 (17167635.847.000) 06/25 23:03:58 Image size of job updated: 6304228
	6157  -  MemoryUsage of job (MB)
	6304228  -  ResidentSetSize of job (KB)
...
006 (17167635.848.000) 06/25 23:03:59 Image size of job updated: 6337276
	6189  -  MemoryUsage of job (MB)
	6337276  -  ResidentSetSize of job (KB)
...
006 (17167635.915.000) 06/25 23:04:06 Image size of job updated: 6139556
	5996  -  MemoryUsage of job (MB)
	6139556  -  ResidentSetSize of job (KB)
...
006 (17167635.850.000) 06/25 23:04:08 Image size of job updated: 6320192
	6173  -  MemoryUsage of job (MB)
	6320192  -  ResidentSetSize of job (KB)
...
006 (17167635.849.000) 06/25 23:04:12 Image size of job updated: 6317304
	6072  -  MemoryUsage of job (MB)
	6216824  -  ResidentSetSize of job (KB)
...
006 (17167635.883.000) 06/25 23:04:16 Image size of job updated: 6150412
	6007  -  MemoryUsage of job (MB)
	6150412  -  ResidentSetSize of job (KB)
...
006 (17167635.884.000) 06/25 23:04:17 Image size of job updated: 6160972
	6017  -  MemoryUsage of job (MB)
	6160972  -  ResidentSetSize of job (KB)
...
006 (17167635.918.000) 06/25 23:04:24 Image size of job updated: 6100924
	5958  -  MemoryUsage of job (MB)
	6100924  -  ResidentSetSize of job (KB)
...
006 (17167635.885.000) 06/25 23:04:25 Image size of job updated: 6140024
	5997  -  MemoryUsage of job (MB)
	6140024  -  ResidentSetSize of job (KB)
...
006 (17167635.916.000) 06/25 23:04:26 Image size of job updated: 6086788
	5945  -  MemoryUsage of job (MB)
	6086788  -  ResidentSetSize of job (KB)
...
006 (17167635.917.000) 06/25 23:04:29 Image size of job updated: 6143384
	6000  -  MemoryUsage of job (MB)
	6143384  -  ResidentSetSize of job (KB)
...
006 (17167635.919.000) 06/25 23:04:30 Image size of job updated: 6158820
	6015  -  MemoryUsage of job (MB)
	6158820  -  ResidentSetSize of job (KB)
...
006 (17167635.851.000) 06/25 23:04:33 Image size of job updated: 6341704
	6194  -  MemoryUsage of job (MB)
	6341704  -  ResidentSetSize of job (KB)
...
006 (17167635.886.000) 06/25 23:04:34 Image size of job updated: 6310644
	6163  -  MemoryUsage of job (MB)
	6310644  -  ResidentSetSize of job (KB)
...
006 (17167635.852.000) 06/25 23:04:39 Image size of job updated: 6303612
	6062  -  MemoryUsage of job (MB)
	6207160  -  ResidentSetSize of job (KB)
...
006 (17167635.887.000) 06/25 23:04:41 Image size of job updated: 6153456
	6010  -  MemoryUsage of job (MB)
	6153456  -  ResidentSetSize of job (KB)
...
006 (17167635.921.000) 06/25 23:04:41 Image size of job updated: 6142792
	5999  -  MemoryUsage of job (MB)
	6142792  -  ResidentSetSize of job (KB)
...
006 (17167635.922.000) 06/25 23:04:41 Image size of job updated: 6099764
	5957  -  MemoryUsage of job (MB)
	6099764  -  ResidentSetSize of job (KB)
...
006 (17167635.920.000) 06/25 23:04:42 Image size of job updated: 6141620
	5998  -  MemoryUsage of job (MB)
	6141620  -  ResidentSetSize of job (KB)
...
006 (17167635.924.000) 06/25 23:04:51 Image size of job updated: 6150056
	6006  -  MemoryUsage of job (MB)
	6150056  -  ResidentSetSize of job (KB)
...
006 (17167635.854.000) 06/25 23:04:51 Image size of job updated: 6329316
	6181  -  MemoryUsage of job (MB)
	6329316  -  ResidentSetSize of job (KB)
...
006 (17167635.925.000) 06/25 23:04:51 Image size of job updated: 6155608
	6012  -  MemoryUsage of job (MB)
	6155608  -  ResidentSetSize of job (KB)
...
006 (17167635.923.000) 06/25 23:04:51 Image size of job updated: 6155288
	6012  -  MemoryUsage of job (MB)
	6155288  -  ResidentSetSize of job (KB)
...
006 (17167635.855.000) 06/25 23:04:52 Image size of job updated: 6339160
	6191  -  MemoryUsage of job (MB)
	6339160  -  ResidentSetSize of job (KB)
...
006 (17167635.926.000) 06/25 23:04:53 Image size of job updated: 6167196
	6023  -  MemoryUsage of job (MB)
	6167196  -  ResidentSetSize of job (KB)
...
006 (17167635.927.000) 06/25 23:04:57 Image size of job updated: 6160448
	6017  -  MemoryUsage of job (MB)
	6160448  -  ResidentSetSize of job (KB)
...
040 (17167635.819.000) 06/25 23:04:59 Started transferring output files
...
040 (17167635.819.000) 06/25 23:04:59 Finished transferring output files
...
005 (17167635.819.000) 06/25 23:04:59 Job terminated.
	(1) Normal termination (return value 0)
		Usr 0 00:37:38, Sys 0 00:00:20  -  Run Remote Usage
		Usr 0 00:00:00, Sys 0 00:00:00  -  Run Local Usage
		Usr 0 00:37:38, Sys 0 00:00:20  -  Total Remote Usage
		Usr 0 00:00:00, Sys 0 00:00:00  -  Total Local Usage
	3568730  -  Run Bytes Sent By Job
	2804  -  Run Bytes Received By Job
	3568730  -  Total Bytes Sent By Job
	2804  -  Total Bytes Received By Job
	Partitionable Resources :    Usage  Request Allocated 
	   Cpus                 :     0.99        3         3 
	   Disk (KB)            :  3510           3      6903 
	   GPUs                 :                           0 
	   Memory (MB)          :  6071        9000      9000 
	   TimeExecute (s)      :  2339                       
	   TimeSlotBusy (s)     :  2340                       

	Job terminated of its own accord at 2025-06-25T21:04:59Z with exit-code 0.
...
006 (17167635.928.000) 06/25 23:05:03 Image size of job updated: 6154148
	6010  -  MemoryUsage of job (MB)
	6154148  -  ResidentSetSize of job (KB)
...
006 (17167635.856.000) 06/25 23:05:08 Image size of job updated: 6409148
	6259  -  MemoryUsage of job (MB)
	6408744  -  ResidentSetSize of job (KB)
...
006 (17167635.857.000) 06/25 23:05:09 Image size of job updated: 6334020
	6186  -  MemoryUsage of job (MB)
	6334020  -  ResidentSetSize of job (KB)
...
006 (17167635.858.000) 06/25 23:05:18 Image size of job updated: 6357880
	6209  -  MemoryUsage of job (MB)
	6357880  -  ResidentSetSize of job (KB)
...
006 (17167635.889.000) 06/25 23:05:28 Image size of job updated: 6242596
	6097  -  MemoryUsage of job (MB)
	6242596  -  ResidentSetSize of job (KB)
...
006 (17167635.888.000) 06/25 23:05:29 Image size of job updated: 6143424
	6000  -  MemoryUsage of job (MB)
	6143424  -  ResidentSetSize of job (KB)
...
006 (17167635.834.000) 06/25 23:05:29 Image size of job updated: 6260176
	6114  -  MemoryUsage of job (MB)
	6260176  -  ResidentSetSize of job (KB)
...
006 (17167635.833.000) 06/25 23:05:29 Image size of job updated: 6325664
	6178  -  MemoryUsage of job (MB)
	6325664  -  ResidentSetSize of job (KB)
...
006 (17167635.835.000) 06/25 23:05:33 Image size of job updated: 6306544
	6159  -  MemoryUsage of job (MB)
	6306544  -  ResidentSetSize of job (KB)
...
006 (17167635.890.000) 06/25 23:05:39 Image size of job updated: 6320640
	6173  -  MemoryUsage of job (MB)
	6320640  -  ResidentSetSize of job (KB)
...
006 (17167635.859.000) 06/25 23:05:41 Image size of job updated: 6309608
	6162  -  MemoryUsage of job (MB)
	6309608  -  ResidentSetSize of job (KB)
...
006 (17167635.893.000) 06/25 23:05:42 Image size of job updated: 6342508
	6194  -  MemoryUsage of job (MB)
	6342508  -  ResidentSetSize of job (KB)
...
006 (17167635.891.000) 06/25 23:05:43 Image size of job updated: 6309064
	6162  -  MemoryUsage of job (MB)
	6309064  -  ResidentSetSize of job (KB)
...
006 (17167635.836.000) 06/25 23:05:44 Image size of job updated: 6338648
	6191  -  MemoryUsage of job (MB)
	6338648  -  ResidentSetSize of job (KB)
...
006 (17167635.892.000) 06/25 23:05:46 Image size of job updated: 6310688
	6163  -  MemoryUsage of job (MB)
	6310688  -  ResidentSetSize of job (KB)
...
006 (17167635.860.000) 06/25 23:05:49 Image size of job updated: 6344500
	6196  -  MemoryUsage of job (MB)
	6344500  -  ResidentSetSize of job (KB)
...
006 (17167635.894.000) 06/25 23:05:52 Image size of job updated: 6309972
	6163  -  MemoryUsage of job (MB)
	6309972  -  ResidentSetSize of job (KB)
...
006 (17167635.895.000) 06/25 23:06:01 Image size of job updated: 6150252
	6007  -  MemoryUsage of job (MB)
	6150252  -  ResidentSetSize of job (KB)
...
006 (17167635.863.000) 06/25 23:06:05 Image size of job updated: 6324244
	6177  -  MemoryUsage of job (MB)
	6324244  -  ResidentSetSize of job (KB)
...
006 (17167635.862.000) 06/25 23:06:06 Image size of job updated: 6305028
	6158  -  MemoryUsage of job (MB)
	6305028  -  ResidentSetSize of job (KB)
...
006 (17167635.805.000) 06/25 23:06:08 Image size of job updated: 6881744
	6721  -  MemoryUsage of job (MB)
	6881744  -  ResidentSetSize of job (KB)
...
006 (17167635.806.000) 06/25 23:06:08 Image size of job updated: 6874592
	6714  -  MemoryUsage of job (MB)
	6874592  -  ResidentSetSize of job (KB)
...
006 (17167635.896.000) 06/25 23:06:09 Image size of job updated: 6143436
	6000  -  MemoryUsage of job (MB)
	6143436  -  ResidentSetSize of job (KB)
...
006 (17167635.807.000) 06/25 23:06:10 Image size of job updated: 6894540
	6733  -  MemoryUsage of job (MB)
	6894540  -  ResidentSetSize of job (KB)
...
006 (17167635.814.000) 06/25 23:06:11 Image size of job updated: 6865536
	6705  -  MemoryUsage of job (MB)
	6865536  -  ResidentSetSize of job (KB)
...
006 (17167635.864.000) 06/25 23:06:11 Image size of job updated: 6327408
	6180  -  MemoryUsage of job (MB)
	6327408  -  ResidentSetSize of job (KB)
...
006 (17167635.897.000) 06/25 23:06:12 Image size of job updated: 6340792
	6193  -  MemoryUsage of job (MB)
	6340792  -  ResidentSetSize of job (KB)
...
006 (17167635.812.000) 06/25 23:06:12 Image size of job updated: 6956376
	6794  -  MemoryUsage of job (MB)
	6956376  -  ResidentSetSize of job (KB)
...
006 (17167635.795.000) 06/25 23:06:13 Image size of job updated: 6783936
	6625  -  MemoryUsage of job (MB)
	6783936  -  ResidentSetSize of job (KB)
...
006 (17167635.817.000) 06/25 23:06:15 Image size of job updated: 6555912
	6403  -  MemoryUsage of job (MB)
	6555912  -  ResidentSetSize of job (KB)
...
006 (17167635.837.000) 06/25 23:06:15 Image size of job updated: 6344936
	6197  -  MemoryUsage of job (MB)
	6344936  -  ResidentSetSize of job (KB)
...
006 (17167635.816.000) 06/25 23:06:18 Image size of job updated: 6151440
	6008  -  MemoryUsage of job (MB)
	6151440  -  ResidentSetSize of job (KB)
...
006 (17167635.838.000) 06/25 23:06:19 Image size of job updated: 6339412
	6191  -  MemoryUsage of job (MB)
	6339412  -  ResidentSetSize of job (KB)
...
006 (17167635.898.000) 06/25 23:06:25 Image size of job updated: 6327996
	6180  -  MemoryUsage of job (MB)
	6327996  -  ResidentSetSize of job (KB)
...
006 (17167635.899.000) 06/25 23:06:26 Image size of job updated: 6439456
	6289  -  MemoryUsage of job (MB)
	6439060  -  ResidentSetSize of job (KB)
...
006 (17167635.867.000) 06/25 23:06:32 Image size of job updated: 6317940
	6170  -  MemoryUsage of job (MB)
	6317940  -  ResidentSetSize of job (KB)
...
006 (17167635.824.000) 06/25 23:06:51 Image size of job updated: 6333728
	6186  -  MemoryUsage of job (MB)
	6333728  -  ResidentSetSize of job (KB)
...
006 (17167635.900.000) 06/25 23:06:52 Image size of job updated: 6166440
	6022  -  MemoryUsage of job (MB)
	6166440  -  ResidentSetSize of job (KB)
...
006 (17167635.902.000) 06/25 23:06:58 Image size of job updated: 6170184
	6026  -  MemoryUsage of job (MB)
	6170184  -  ResidentSetSize of job (KB)
...
006 (17167635.901.000) 06/25 23:06:59 Image size of job updated: 6322660
	6175  -  MemoryUsage of job (MB)
	6322660  -  ResidentSetSize of job (KB)
...
006 (17167635.903.000) 06/25 23:07:03 Image size of job updated: 6148552
	6005  -  MemoryUsage of job (MB)
	6148552  -  ResidentSetSize of job (KB)
...
006 (17167635.840.000) 06/25 23:07:09 Image size of job updated: 6340600
	6192  -  MemoryUsage of job (MB)
	6340600  -  ResidentSetSize of job (KB)
...
006 (17167635.904.000) 06/25 23:07:11 Image size of job updated: 6319604
	6172  -  MemoryUsage of job (MB)
	6319604  -  ResidentSetSize of job (KB)
...
006 (17167635.868.000) 06/25 23:07:16 Image size of job updated: 6324324
	6177  -  MemoryUsage of job (MB)
	6324324  -  ResidentSetSize of job (KB)
...
006 (17167635.906.000) 06/25 23:07:17 Image size of job updated: 6355676
	6207  -  MemoryUsage of job (MB)
	6355676  -  ResidentSetSize of job (KB)
...
006 (17167635.905.000) 06/25 23:07:19 Image size of job updated: 6324036
	6176  -  MemoryUsage of job (MB)
	6324036  -  ResidentSetSize of job (KB)
...
006 (17167635.907.000) 06/25 23:07:26 Image size of job updated: 6163372
	6019  -  MemoryUsage of job (MB)
	6163372  -  ResidentSetSize of job (KB)
...
006 (17167635.827.000) 06/25 23:07:27 Image size of job updated: 6333728
	6185  -  MemoryUsage of job (MB)
	6333408  -  ResidentSetSize of job (KB)
...
006 (17167635.909.000) 06/25 23:07:30 Image size of job updated: 6163772
	6020  -  MemoryUsage of job (MB)
	6163772  -  ResidentSetSize of job (KB)
...
006 (17167635.870.000) 06/25 23:07:30 Image size of job updated: 6360748
	6212  -  MemoryUsage of job (MB)
	6360748  -  ResidentSetSize of job (KB)
...
006 (17167635.908.000) 06/25 23:07:30 Image size of job updated: 6196548
	6052  -  MemoryUsage of job (MB)
	6196548  -  ResidentSetSize of job (KB)
...
006 (17167635.869.000) 06/25 23:07:32 Image size of job updated: 6305260
	6057  -  MemoryUsage of job (MB)
	6201652  -  ResidentSetSize of job (KB)
...
006 (17167635.871.000) 06/25 23:07:42 Image size of job updated: 6324136
	6176  -  MemoryUsage of job (MB)
	6324136  -  ResidentSetSize of job (KB)
...
006 (17167635.872.000) 06/25 23:07:45 Image size of job updated: 6358864
	6210  -  MemoryUsage of job (MB)
	6358864  -  ResidentSetSize of job (KB)
...
006 (17167635.873.000) 06/25 23:07:50 Image size of job updated: 6321676
	6174  -  MemoryUsage of job (MB)
	6321676  -  ResidentSetSize of job (KB)
...
006 (17167635.874.000) 06/25 23:07:52 Image size of job updated: 6330332
	6182  -  MemoryUsage of job (MB)
	6330332  -  ResidentSetSize of job (KB)
...
006 (17167635.910.000) 06/25 23:07:53 Image size of job updated: 6181404
	6037  -  MemoryUsage of job (MB)
	6181404  -  ResidentSetSize of job (KB)
...
006 (17167635.875.000) 06/25 23:07:57 Image size of job updated: 6316452
	6169  -  MemoryUsage of job (MB)
	6316452  -  ResidentSetSize of job (KB)
...
006 (17167635.844.000) 06/25 23:07:58 Image size of job updated: 6322504
	6175  -  MemoryUsage of job (MB)
	6322504  -  ResidentSetSize of job (KB)
...
006 (17167635.911.000) 06/25 23:08:13 Image size of job updated: 6323916
	6176  -  MemoryUsage of job (MB)
	6323916  -  ResidentSetSize of job (KB)
...
006 (17167635.876.000) 06/25 23:08:26 Image size of job updated: 6356760
	6208  -  MemoryUsage of job (MB)
	6356760  -  ResidentSetSize of job (KB)
...
006 (17167635.878.000) 06/25 23:08:34 Image size of job updated: 6339740
	6192  -  MemoryUsage of job (MB)
	6339740  -  ResidentSetSize of job (KB)
...
006 (17167635.912.000) 06/25 23:08:35 Image size of job updated: 6157452
	6014  -  MemoryUsage of job (MB)
	6157452  -  ResidentSetSize of job (KB)
...
006 (17167635.877.000) 06/25 23:08:36 Image size of job updated: 6324144
	6176  -  MemoryUsage of job (MB)
	6324144  -  ResidentSetSize of job (KB)
...
006 (17167635.879.000) 06/25 23:08:44 Image size of job updated: 6329976
	6182  -  MemoryUsage of job (MB)
	6329976  -  ResidentSetSize of job (KB)
...
006 (17167635.881.000) 06/25 23:08:46 Image size of job updated: 6402992
	6253  -  MemoryUsage of job (MB)
	6402992  -  ResidentSetSize of job (KB)
...
006 (17167635.913.000) 06/25 23:08:54 Image size of job updated: 6165240
	6021  -  MemoryUsage of job (MB)
	6165240  -  ResidentSetSize of job (KB)
...
006 (17167635.914.000) 06/25 23:08:58 Image size of job updated: 6111856
	5969  -  MemoryUsage of job (MB)
	6111856  -  ResidentSetSize of job (KB)
...
006 (17167635.915.000) 06/25 23:09:07 Image size of job updated: 6321184
	6174  -  MemoryUsage of job (MB)
	6321184  -  ResidentSetSize of job (KB)
...
006 (17167635.850.000) 06/25 23:09:08 Image size of job updated: 6320264
	6173  -  MemoryUsage of job (MB)
	6320264  -  ResidentSetSize of job (KB)
...
006 (17167635.849.000) 06/25 23:09:12 Image size of job updated: 6317304
	6072  -  MemoryUsage of job (MB)
	6216828  -  ResidentSetSize of job (KB)
...
006 (17167635.883.000) 06/25 23:09:16 Image size of job updated: 6312280
	6165  -  MemoryUsage of job (MB)
	6312280  -  ResidentSetSize of job (KB)
...
006 (17167635.884.000) 06/25 23:09:18 Image size of job updated: 6357636
	6209  -  MemoryUsage of job (MB)
	6357636  -  ResidentSetSize of job (KB)
...
006 (17167635.918.000) 06/25 23:09:25 Image size of job updated: 6164720
	6021  -  MemoryUsage of job (MB)
	6164720  -  ResidentSetSize of job (KB)
...
006 (17167635.885.000) 06/25 23:09:25 Image size of job updated: 6321504
	6174  -  MemoryUsage of job (MB)
	6321504  -  ResidentSetSize of job (KB)
...
006 (17167635.916.000) 06/25 23:09:26 Image size of job updated: 6143896
	6000  -  MemoryUsage of job (MB)
	6143896  -  ResidentSetSize of job (KB)
...
040 (17167635.830.000) 06/25 23:09:28 Started transferring output files
...
040 (17167635.830.000) 06/25 23:09:28 Finished transferring output files
...
005 (17167635.830.000) 06/25 23:09:28 Job terminated.
	(1) Normal termination (return value 0)
		Usr 0 00:35:10, Sys 0 00:00:30  -  Run Remote Usage
		Usr 0 00:00:00, Sys 0 00:00:00  -  Run Local Usage
		Usr 0 00:35:10, Sys 0 00:00:30  -  Total Remote Usage
		Usr 0 00:00:00, Sys 0 00:00:00  -  Total Local Usage
	3540462  -  Run Bytes Sent By Job
	2804  -  Run Bytes Received By Job
	3540462  -  Total Bytes Sent By Job
	2804  -  Total Bytes Received By Job
	Partitionable Resources :    Usage  Request Allocated 
	   Cpus                 :     0.99        3         3 
	   Disk (KB)            :  3484           3      6764 
	   GPUs                 :                           0 
	   Memory (MB)          :  6189        9000      9000 
	   TimeExecute (s)      :  2197                       
	   TimeSlotBusy (s)     :  2198                       

	Job terminated of its own accord at 2025-06-25T21:09:28Z with exit-code 0.
...
006 (17167635.917.000) 06/25 23:09:30 Image size of job updated: 6323824
	6176  -  MemoryUsage of job (MB)
	6323824  -  ResidentSetSize of job (KB)
...
040 (17167635.827.000) 06/25 23:09:30 Started transferring output files
...
040 (17167635.827.000) 06/25 23:09:30 Finished transferring output files
...
005 (17167635.827.000) 06/25 23:09:30 Job terminated.
	(1) Normal termination (return value 0)
		Usr 0 00:35:59, Sys 0 00:00:22  -  Run Remote Usage
		Usr 0 00:00:00, Sys 0 00:00:00  -  Run Local Usage
		Usr 0 00:35:59, Sys 0 00:00:22  -  Total Remote Usage
		Usr 0 00:00:00, Sys 0 00:00:00  -  Total Local Usage
	3582010  -  Run Bytes Sent By Job
	2804  -  Run Bytes Received By Job
	3582010  -  Total Bytes Sent By Job
	2804  -  Total Bytes Received By Job
	Partitionable Resources :    Usage  Request Allocated 
	   Cpus                 :     0.99        3         3 
	   Disk (KB)            :  3525           3      6816 
	   GPUs                 :                           0 
	   Memory (MB)          :  6185        9000      9000 
	   TimeExecute (s)      :  2239                       
	   TimeSlotBusy (s)     :  2240                       

	Job terminated of its own accord at 2025-06-25T21:09:30Z with exit-code 0.
...
006 (17167635.919.000) 06/25 23:09:31 Image size of job updated: 6355364
	6207  -  MemoryUsage of job (MB)
	6355364  -  ResidentSetSize of job (KB)
...
006 (17167635.886.000) 06/25 23:09:34 Image size of job updated: 6344564
	6196  -  MemoryUsage of job (MB)
	6344564  -  ResidentSetSize of job (KB)
...
006 (17167635.852.000) 06/25 23:09:39 Image size of job updated: 6303612
	6062  -  MemoryUsage of job (MB)
	6207168  -  ResidentSetSize of job (KB)
...
006 (17167635.887.000) 06/25 23:09:41 Image size of job updated: 6216104
	6071  -  MemoryUsage of job (MB)
	6216104  -  ResidentSetSize of job (KB)
...
006 (17167635.921.000) 06/25 23:09:41 Image size of job updated: 6313060
	6166  -  MemoryUsage of job (MB)
	6313060  -  ResidentSetSize of job (KB)
...
006 (17167635.922.000) 06/25 23:09:42 Image size of job updated: 6105748
	5963  -  MemoryUsage of job (MB)
	6105748  -  ResidentSetSize of job (KB)
...
006 (17167635.920.000) 06/25 23:09:42 Image size of job updated: 6307576
	6160  -  MemoryUsage of job (MB)
	6307576  -  ResidentSetSize of job (KB)
...
040 (17167635.800.000) 06/25 23:09:42 Started transferring output files
...
040 (17167635.800.000) 06/25 23:09:43 Finished transferring output files
...
005 (17167635.800.000) 06/25 23:09:43 Job terminated.
	(1) Normal termination (return value 0)
		Usr 0 00:42:11, Sys 0 00:00:22  -  Run Remote Usage
		Usr 0 00:00:00, Sys 0 00:00:00  -  Run Local Usage
		Usr 0 00:42:11, Sys 0 00:00:22  -  Total Remote Usage
		Usr 0 00:00:00, Sys 0 00:00:00  -  Total Local Usage
	3566051  -  Run Bytes Sent By Job
	2804  -  Run Bytes Received By Job
	3566051  -  Total Bytes Sent By Job
	2804  -  Total Bytes Received By Job
	Partitionable Resources :    Usage  Request Allocated 
	   Cpus                 :     0.94        3         3 
	   Disk (KB)            :  3510           3      3624 
	   GPUs                 :                           0 
	   Memory (MB)          :  6126        9000      9000 
	   TimeExecute (s)      :  2622                       
	   TimeSlotBusy (s)     :  2624                       

	Job terminated of its own accord at 2025-06-25T21:09:42Z with exit-code 0.
...
006 (17167635.853.000) 06/25 23:09:43 Image size of job updated: 6336636
	6189  -  MemoryUsage of job (MB)
	6336636  -  ResidentSetSize of job (KB)
...
006 (17167635.924.000) 06/25 23:09:51 Image size of job updated: 6338944
	6191  -  MemoryUsage of job (MB)
	6338944  -  ResidentSetSize of job (KB)
...
006 (17167635.925.000) 06/25 23:09:51 Image size of job updated: 6203696
	6059  -  MemoryUsage of job (MB)
	6203696  -  ResidentSetSize of job (KB)
...
006 (17167635.923.000) 06/25 23:09:52 Image size of job updated: 6319972
	6172  -  MemoryUsage of job (MB)
	6319972  -  ResidentSetSize of job (KB)
...
006 (17167635.926.000) 06/25 23:09:53 Image size of job updated: 6170148
	6026  -  MemoryUsage of job (MB)
	6170148  -  ResidentSetSize of job (KB)
...
006 (17167635.927.000) 06/25 23:09:58 Image size of job updated: 6165260
	6021  -  MemoryUsage of job (MB)
	6165260  -  ResidentSetSize of job (KB)
...
006 (17167635.928.000) 06/25 23:10:04 Image size of job updated: 6320988
	6173  -  MemoryUsage of job (MB)
	6320988  -  ResidentSetSize of job (KB)
...
006 (17167635.856.000) 06/25 23:10:08 Image size of job updated: 6443444
	6293  -  MemoryUsage of job (MB)
	6443044  -  ResidentSetSize of job (KB)
...
006 (17167635.858.000) 06/25 23:10:18 Image size of job updated: 6357956
	6209  -  MemoryUsage of job (MB)
	6357956  -  ResidentSetSize of job (KB)
...
006 (17167635.889.000) 06/25 23:10:28 Image size of job updated: 6242684
	6097  -  MemoryUsage of job (MB)
	6242684  -  ResidentSetSize of job (KB)
...
006 (17167635.888.000) 06/25 23:10:30 Image size of job updated: 6147776
	6004  -  MemoryUsage of job (MB)
	6147776  -  ResidentSetSize of job (KB)
...
006 (17167635.890.000) 06/25 23:10:40 Image size of job updated: 6320644
	6173  -  MemoryUsage of job (MB)
	6320644  -  ResidentSetSize of job (KB)
...
006 (17167635.836.000) 06/25 23:10:45 Image size of job updated: 6338716
	6191  -  MemoryUsage of job (MB)
	6338716  -  ResidentSetSize of job (KB)
...
006 (17167635.892.000) 06/25 23:10:47 Image size of job updated: 6310704
	6163  -  MemoryUsage of job (MB)
	6310704  -  ResidentSetSize of job (KB)
...
006 (17167635.860.000) 06/25 23:10:50 Image size of job updated: 6344512
	6196  -  MemoryUsage of job (MB)
	6344512  -  ResidentSetSize of job (KB)
...
006 (17167635.894.000) 06/25 23:10:53 Image size of job updated: 6309984
	6163  -  MemoryUsage of job (MB)
	6309984  -  ResidentSetSize of job (KB)
...
006 (17167635.895.000) 06/25 23:11:01 Image size of job updated: 6302688
	6155  -  MemoryUsage of job (MB)
	6302688  -  ResidentSetSize of job (KB)
...
040 (17167635.818.000) 06/25 23:11:03 Started transferring output files
...
040 (17167635.818.000) 06/25 23:11:03 Finished transferring output files
...
005 (17167635.818.000) 06/25 23:11:03 Job terminated.
	(1) Normal termination (return value 0)
		Usr 0 00:43:29, Sys 0 00:00:26  -  Run Remote Usage
		Usr 0 00:00:00, Sys 0 00:00:00  -  Run Local Usage
		Usr 0 00:43:29, Sys 0 00:00:26  -  Total Remote Usage
		Usr 0 00:00:00, Sys 0 00:00:00  -  Total Local Usage
	3569858  -  Run Bytes Sent By Job
	2804  -  Run Bytes Received By Job
	3569858  -  Total Bytes Sent By Job
	2804  -  Total Bytes Received By Job
	Partitionable Resources :    Usage  Request Allocated 
	   Cpus                 :     0.99        3         3 
	   Disk (KB)            :  3512           3      3662 
	   GPUs                 :                           0 
	   Memory (MB)          :  6205        9000      9000 
	   TimeExecute (s)      :  2703                       
	   TimeSlotBusy (s)     :  2705                       

	Job terminated of its own accord at 2025-06-25T21:11:02Z with exit-code 0.
...
006 (17167635.896.000) 06/25 23:11:10 Image size of job updated: 6322280
	6175  -  MemoryUsage of job (MB)
	6322280  -  ResidentSetSize of job (KB)
...
006 (17167635.807.000) 06/25 23:11:10 Image size of job updated: 6894616
	6734  -  MemoryUsage of job (MB)
	6894616  -  ResidentSetSize of job (KB)
...
006 (17167635.864.000) 06/25 23:11:12 Image size of job updated: 6327500
	6180  -  MemoryUsage of job (MB)
	6327500  -  ResidentSetSize of job (KB)
...
006 (17167635.804.000) 06/25 23:11:12 Image size of job updated: 6322496
	6175  -  MemoryUsage of job (MB)
	6322180  -  ResidentSetSize of job (KB)
...
006 (17167635.897.000) 06/25 23:11:12 Image size of job updated: 6341044
	6193  -  MemoryUsage of job (MB)
	6341044  -  ResidentSetSize of job (KB)
...
006 (17167635.795.000) 06/25 23:11:13 Image size of job updated: 6783992
	6625  -  MemoryUsage of job (MB)
	6783992  -  ResidentSetSize of job (KB)
...
006 (17167635.810.000) 06/25 23:11:16 Image size of job updated: 6322492
	6174  -  MemoryUsage of job (MB)
	6322172  -  ResidentSetSize of job (KB)
...
006 (17167635.816.000) 06/25 23:11:18 Image size of job updated: 6311192
	6164  -  MemoryUsage of job (MB)
	6311192  -  ResidentSetSize of job (KB)
...
006 (17167635.823.000) 06/25 23:11:19 Image size of job updated: 6320152
	6172  -  MemoryUsage of job (MB)
	6319828  -  ResidentSetSize of job (KB)
...
006 (17167635.838.000) 06/25 23:11:20 Image size of job updated: 6339728
	6191  -  MemoryUsage of job (MB)
	6339412  -  ResidentSetSize of job (KB)
...
006 (17167635.898.000) 06/25 23:11:26 Image size of job updated: 6328240
	6180  -  MemoryUsage of job (MB)
	6328240  -  ResidentSetSize of job (KB)
...
006 (17167635.899.000) 06/25 23:11:27 Image size of job updated: 6439540
	6289  -  MemoryUsage of job (MB)
	6439540  -  ResidentSetSize of job (KB)
...
040 (17167635.838.000) 06/25 23:11:42 Started transferring output files
...
040 (17167635.838.000) 06/25 23:11:42 Finished transferring output files
...
005 (17167635.838.000) 06/25 23:11:42 Job terminated.
	(1) Normal termination (return value 0)
		Usr 0 00:34:07, Sys 0 00:00:33  -  Run Remote Usage
		Usr 0 00:00:00, Sys 0 00:00:00  -  Run Local Usage
		Usr 0 00:34:07, Sys 0 00:00:33  -  Total Remote Usage
		Usr 0 00:00:00, Sys 0 00:00:00  -  Total Local Usage
	3567810  -  Run Bytes Sent By Job
	2804  -  Run Bytes Received By Job
	3567810  -  Total Bytes Sent By Job
	2804  -  Total Bytes Received By Job
	Partitionable Resources :    Usage  Request Allocated 
	   Cpus                 :     0.99        3         3 
	   Disk (KB)            :  3511           3      6765 
	   GPUs                 :                           0 
	   Memory (MB)          :  6191        9000      9000 
	   TimeExecute (s)      :  2141                       
	   TimeSlotBusy (s)     :  2142                       

	Job terminated of its own accord at 2025-06-25T21:11:42Z with exit-code 0.
...
006 (17167635.900.000) 06/25 23:11:53 Image size of job updated: 6317496
	6170  -  MemoryUsage of job (MB)
	6317496  -  ResidentSetSize of job (KB)
...
006 (17167635.902.000) 06/25 23:11:59 Image size of job updated: 6326096
	6178  -  MemoryUsage of job (MB)
	6326096  -  ResidentSetSize of job (KB)
...
006 (17167635.903.000) 06/25 23:12:04 Image size of job updated: 6340564
	6192  -  MemoryUsage of job (MB)
	6340564  -  ResidentSetSize of job (KB)
...
006 (17167635.839.000) 06/25 23:12:07 Image size of job updated: 6336688
	6188  -  MemoryUsage of job (MB)
	6336372  -  ResidentSetSize of job (KB)
...
040 (17167635.820.000) 06/25 23:12:09 Started transferring output files
...
006 (17167635.840.000) 06/25 23:12:09 Image size of job updated: 6340668
	6193  -  MemoryUsage of job (MB)
	6340668  -  ResidentSetSize of job (KB)
...
040 (17167635.820.000) 06/25 23:12:09 Finished transferring output files
...
005 (17167635.820.000) 06/25 23:12:09 Job terminated.
	(1) Normal termination (return value 0)
		Usr 0 00:44:26, Sys 0 00:00:25  -  Run Remote Usage
		Usr 0 00:00:00, Sys 0 00:00:00  -  Run Local Usage
		Usr 0 00:44:26, Sys 0 00:00:25  -  Total Remote Usage
		Usr 0 00:00:00, Sys 0 00:00:00  -  Total Local Usage
	3545684  -  Run Bytes Sent By Job
	2804  -  Run Bytes Received By Job
	3545684  -  Total Bytes Sent By Job
	2804  -  Total Bytes Received By Job
	Partitionable Resources :    Usage  Request Allocated 
	   Cpus                 :     0.99        3         3 
	   Disk (KB)            :  3488           3      3627 
	   GPUs                 :                           0 
	   Memory (MB)          :  6366        9000      9000 
	   TimeExecute (s)      :  2768                       
	   TimeSlotBusy (s)     :  2769                       

	Job terminated of its own accord at 2025-06-25T21:12:09Z with exit-code 0.
...
006 (17167635.906.000) 06/25 23:12:17 Image size of job updated: 6355920
	6207  -  MemoryUsage of job (MB)
	6355920  -  ResidentSetSize of job (KB)
...
040 (17167635.821.000) 06/25 23:12:17 Started transferring output files
...
040 (17167635.821.000) 06/25 23:12:17 Finished transferring output files
...
005 (17167635.821.000) 06/25 23:12:17 Job terminated.
	(1) Normal termination (return value 0)
		Usr 0 00:44:27, Sys 0 00:00:27  -  Run Remote Usage
		Usr 0 00:00:00, Sys 0 00:00:00  -  Run Local Usage
		Usr 0 00:44:27, Sys 0 00:00:27  -  Total Remote Usage
		Usr 0 00:00:00, Sys 0 00:00:00  -  Total Local Usage
	3618710  -  Run Bytes Sent By Job
	2804  -  Run Bytes Received By Job
	3618710  -  Total Bytes Sent By Job
	2804  -  Total Bytes Received By Job
	Partitionable Resources :    Usage  Request Allocated 
	   Cpus                 :     0.99        3         3 
	   Disk (KB)            :  3559           3      3627 
	   GPUs                 :                           0 
	   Memory (MB)          :  6364        9000      9000 
	   TimeExecute (s)      :  2776                       
	   TimeSlotBusy (s)     :  2777                       

	Job terminated of its own accord at 2025-06-25T21:12:17Z with exit-code 0.
...
006 (17167635.868.000) 06/25 23:12:17 Image size of job updated: 6324328
	6177  -  MemoryUsage of job (MB)
	6324328  -  ResidentSetSize of job (KB)
...
006 (17167635.905.000) 06/25 23:12:19 Image size of job updated: 6324224
	6176  -  MemoryUsage of job (MB)
	6324224  -  ResidentSetSize of job (KB)
...
040 (17167635.817.000) 06/25 23:12:20 Started transferring output files
...
040 (17167635.817.000) 06/25 23:12:20 Finished transferring output files
...
005 (17167635.817.000) 06/25 23:12:20 Job terminated.
	(1) Normal termination (return value 0)
		Usr 0 00:44:35, Sys 0 00:00:27  -  Run Remote Usage
		Usr 0 00:00:00, Sys 0 00:00:00  -  Run Local Usage
		Usr 0 00:44:35, Sys 0 00:00:27  -  Total Remote Usage
		Usr 0 00:00:00, Sys 0 00:00:00  -  Total Local Usage
	3612868  -  Run Bytes Sent By Job
	2804  -  Run Bytes Received By Job
	3612868  -  Total Bytes Sent By Job
	2804  -  Total Bytes Received By Job
	Partitionable Resources :    Usage  Request Allocated 
	   Cpus                 :     0.99        3         3 
	   Disk (KB)            :  3553           3      3627 
	   GPUs                 :                           0 
	   Memory (MB)          :  6403        9000      9000 
	   TimeExecute (s)      :  2779                       
	   TimeSlotBusy (s)     :  2781                       

	Job terminated of its own accord at 2025-06-25T21:12:20Z with exit-code 0.
...
006 (17167635.907.000) 06/25 23:12:27 Image size of job updated: 6332220
	6184  -  MemoryUsage of job (MB)
	6332220  -  ResidentSetSize of job (KB)
...
006 (17167635.909.000) 06/25 23:12:30 Image size of job updated: 6356724
	6208  -  MemoryUsage of job (MB)
	6356724  -  ResidentSetSize of job (KB)
...
006 (17167635.908.000) 06/25 23:12:31 Image size of job updated: 6398972
	6249  -  MemoryUsage of job (MB)
	6398972  -  ResidentSetSize of job (KB)
...
006 (17167635.870.000) 06/25 23:12:31 Image size of job updated: 6360816
	6212  -  MemoryUsage of job (MB)
	6360816  -  ResidentSetSize of job (KB)
...
006 (17167635.869.000) 06/25 23:12:32 Image size of job updated: 6305260
	6058  -  MemoryUsage of job (MB)
	6203032  -  ResidentSetSize of job (KB)
...
006 (17167635.872.000) 06/25 23:12:45 Image size of job updated: 6359252
	6211  -  MemoryUsage of job (MB)
	6359252  -  ResidentSetSize of job (KB)
...
006 (17167635.873.000) 06/25 23:12:51 Image size of job updated: 6321680
	6174  -  MemoryUsage of job (MB)
	6321680  -  ResidentSetSize of job (KB)
...
006 (17167635.910.000) 06/25 23:12:54 Image size of job updated: 6248116
	6102  -  MemoryUsage of job (MB)
	6248116  -  ResidentSetSize of job (KB)
...
006 (17167635.845.000) 06/25 23:13:03 Image size of job updated: 6320836
	6173  -  MemoryUsage of job (MB)
	6320836  -  ResidentSetSize of job (KB)
...
006 (17167635.911.000) 06/25 23:13:13 Image size of job updated: 6324312
	6177  -  MemoryUsage of job (MB)
	6324312  -  ResidentSetSize of job (KB)
...
006 (17167635.831.000) 06/25 23:13:14 Image size of job updated: 6281476
	6135  -  MemoryUsage of job (MB)
	6281476  -  ResidentSetSize of job (KB)
...
040 (17167635.814.000) 06/25 23:13:22 Started transferring output files
...
040 (17167635.814.000) 06/25 23:13:22 Finished transferring output files
...
005 (17167635.814.000) 06/25 23:13:22 Job terminated.
	(1) Normal termination (return value 0)
		Usr 0 00:45:08, Sys 0 00:00:35  -  Run Remote Usage
		Usr 0 00:00:00, Sys 0 00:00:00  -  Run Local Usage
		Usr 0 00:45:08, Sys 0 00:00:35  -  Total Remote Usage
		Usr 0 00:00:00, Sys 0 00:00:00  -  Total Local Usage
	3597283  -  Run Bytes Sent By Job
	2804  -  Run Bytes Received By Job
	3597283  -  Total Bytes Sent By Job
	2804  -  Total Bytes Received By Job
	Partitionable Resources :    Usage  Request Allocated 
	   Cpus                 :     0.99        3         3 
	   Disk (KB)            :  3538           3      3732 
	   GPUs                 :                           0 
	   Memory (MB)          :  6705        9000      9000 
	   TimeExecute (s)      :  2843                       
	   TimeSlotBusy (s)     :  2845                       

	Job terminated of its own accord at 2025-06-25T21:13:22Z with exit-code 0.
...
006 (17167635.878.000) 06/25 23:13:34 Image size of job updated: 6339836
	6192  -  MemoryUsage of job (MB)
	6339836  -  ResidentSetSize of job (KB)
...
006 (17167635.912.000) 06/25 23:13:36 Image size of job updated: 6335152
	6187  -  MemoryUsage of job (MB)
	6335152  -  ResidentSetSize of job (KB)
...
006 (17167635.877.000) 06/25 23:13:37 Image size of job updated: 6324432
	6177  -  MemoryUsage of job (MB)
	6324432  -  ResidentSetSize of job (KB)
...
040 (17167635.813.000) 06/25 23:13:39 Started transferring output files
...
040 (17167635.813.000) 06/25 23:13:39 Finished transferring output files
...
005 (17167635.813.000) 06/25 23:13:39 Job terminated.
	(1) Normal termination (return value 0)
		Usr 0 00:46:04, Sys 0 00:00:30  -  Run Remote Usage
		Usr 0 00:00:00, Sys 0 00:00:00  -  Run Local Usage
		Usr 0 00:46:04, Sys 0 00:00:30  -  Total Remote Usage
		Usr 0 00:00:00, Sys 0 00:00:00  -  Total Local Usage
	3607171  -  Run Bytes Sent By Job
	2804  -  Run Bytes Received By Job
	3607171  -  Total Bytes Sent By Job
	2804  -  Total Bytes Received By Job
	Partitionable Resources :    Usage  Request Allocated 
	   Cpus                 :     0.99        3         3 
	   Disk (KB)            :  3548           3      3615 
	   GPUs                 :                           0 
	   Memory (MB)          :  6216        9000      9000 
	   TimeExecute (s)      :  2862                       
	   TimeSlotBusy (s)     :  2863                       

	Job terminated of its own accord at 2025-06-25T21:13:39Z with exit-code 0.
...
040 (17167635.839.000) 06/25 23:13:44 Started transferring output files
...
040 (17167635.839.000) 06/25 23:13:44 Finished transferring output files
...
005 (17167635.839.000) 06/25 23:13:44 Job terminated.
	(1) Normal termination (return value 0)
		Usr 0 00:35:33, Sys 0 00:00:24  -  Run Remote Usage
		Usr 0 00:00:00, Sys 0 00:00:00  -  Run Local Usage
		Usr 0 00:35:33, Sys 0 00:00:24  -  Total Remote Usage
		Usr 0 00:00:00, Sys 0 00:00:00  -  Total Local Usage
	3595383  -  Run Bytes Sent By Job
	2804  -  Run Bytes Received By Job
	3595383  -  Total Bytes Sent By Job
	2804  -  Total Bytes Received By Job
	Partitionable Resources :    Usage  Request Allocated 
	   Cpus                 :     0.96        3         3 
	   Disk (KB)            :  3538           3      6816 
	   GPUs                 :                           0 
	   Memory (MB)          :  6188        9000      9000 
	   TimeExecute (s)      :  2216                       
	   TimeSlotBusy (s)     :  2217                       

	Job terminated of its own accord at 2025-06-25T21:13:44Z with exit-code 0.
...
006 (17167635.879.000) 06/25 23:13:44 Image size of job updated: 6330152
	6182  -  MemoryUsage of job (MB)
	6330152  -  ResidentSetSize of job (KB)
...
006 (17167635.881.000) 06/25 23:13:46 Image size of job updated: 6403656
	6254  -  MemoryUsage of job (MB)
	6403656  -  ResidentSetSize of job (KB)
...
006 (17167635.913.000) 06/25 23:13:54 Image size of job updated: 6312380
	6165  -  MemoryUsage of job (MB)
	6312380  -  ResidentSetSize of job (KB)
...
006 (17167635.914.000) 06/25 23:13:59 Image size of job updated: 6164356
	6020  -  MemoryUsage of job (MB)
	6164356  -  ResidentSetSize of job (KB)
...
006 (17167635.850.000) 06/25 23:14:09 Image size of job updated: 6320340
	6173  -  MemoryUsage of job (MB)
	6320340  -  ResidentSetSize of job (KB)
...
006 (17167635.884.000) 06/25 23:14:18 Image size of job updated: 6357720
	6209  -  MemoryUsage of job (MB)
	6357720  -  ResidentSetSize of job (KB)
...
006 (17167635.918.000) 06/25 23:14:25 Image size of job updated: 6166504
	6022  -  MemoryUsage of job (MB)
	6166504  -  ResidentSetSize of job (KB)
...
006 (17167635.885.000) 06/25 23:14:26 Image size of job updated: 6321528
	6174  -  MemoryUsage of job (MB)
	6321528  -  ResidentSetSize of job (KB)
...
006 (17167635.916.000) 06/25 23:14:27 Image size of job updated: 6337732
	6190  -  MemoryUsage of job (MB)
	6337732  -  ResidentSetSize of job (KB)
...
006 (17167635.917.000) 06/25 23:14:30 Image size of job updated: 6323828
	6176  -  MemoryUsage of job (MB)
	6323828  -  ResidentSetSize of job (KB)
...
006 (17167635.851.000) 06/25 23:14:34 Image size of job updated: 6342016
	6194  -  MemoryUsage of job (MB)
	6341704  -  ResidentSetSize of job (KB)
...
006 (17167635.886.000) 06/25 23:14:35 Image size of job updated: 6344568
	6196  -  MemoryUsage of job (MB)
	6344568  -  ResidentSetSize of job (KB)
...
006 (17167635.887.000) 06/25 23:14:42 Image size of job updated: 6315840
	6168  -  MemoryUsage of job (MB)
	6315840  -  ResidentSetSize of job (KB)
...
006 (17167635.921.000) 06/25 23:14:42 Image size of job updated: 6313068
	6166  -  MemoryUsage of job (MB)
	6313068  -  ResidentSetSize of job (KB)
...
006 (17167635.922.000) 06/25 23:14:42 Image size of job updated: 6158616
	6015  -  MemoryUsage of job (MB)
	6158616  -  ResidentSetSize of job (KB)
...
006 (17167635.920.000) 06/25 23:14:43 Image size of job updated: 6307584
	6160  -  MemoryUsage of job (MB)
	6307584  -  ResidentSetSize of job (KB)
...
006 (17167635.853.000) 06/25 23:14:44 Image size of job updated: 6336704
	6189  -  MemoryUsage of job (MB)
	6336704  -  ResidentSetSize of job (KB)
...
006 (17167635.855.000) 06/25 23:14:52 Image size of job updated: 6339480
	6191  -  MemoryUsage of job (MB)
	6339160  -  ResidentSetSize of job (KB)
...
006 (17167635.924.000) 06/25 23:14:52 Image size of job updated: 6338952
	6191  -  MemoryUsage of job (MB)
	6338952  -  ResidentSetSize of job (KB)
...
006 (17167635.925.000) 06/25 23:14:52 Image size of job updated: 6320432
	6173  -  MemoryUsage of job (MB)
	6320432  -  ResidentSetSize of job (KB)
...
006 (17167635.926.000) 06/25 23:14:53 Image size of job updated: 6352964
	6205  -  MemoryUsage of job (MB)
	6352964  -  ResidentSetSize of job (KB)
...
006 (17167635.927.000) 06/25 23:14:58 Image size of job updated: 6341256
	6193  -  MemoryUsage of job (MB)
	6341256  -  ResidentSetSize of job (KB)
...
040 (17167635.815.000) 06/25 23:15:03 Started transferring output files
...
040 (17167635.815.000) 06/25 23:15:03 Finished transferring output files
...
005 (17167635.815.000) 06/25 23:15:03 Job terminated.
	(1) Normal termination (return value 0)
		Usr 0 00:46:42, Sys 0 00:00:25  -  Run Remote Usage
		Usr 0 00:00:00, Sys 0 00:00:00  -  Run Local Usage
		Usr 0 00:46:42, Sys 0 00:00:25  -  Total Remote Usage
		Usr 0 00:00:00, Sys 0 00:00:00  -  Total Local Usage
	3547260  -  Run Bytes Sent By Job
	2804  -  Run Bytes Received By Job
	3547260  -  Total Bytes Sent By Job
	2804  -  Total Bytes Received By Job
	Partitionable Resources :    Usage  Request Allocated 
	   Cpus                 :     0.58        3         3 
	   Disk (KB)            :  3492           3      3665 
	   GPUs                 :                           0 
	   Memory (MB)          :  6093        9000      9000 
	   TimeExecute (s)      :  2942                       
	   TimeSlotBusy (s)     :  2945                       

	Job terminated of its own accord at 2025-06-25T21:15:02Z with exit-code 0.
...
040 (17167635.826.000) 06/25 23:15:04 Started transferring output files
...
040 (17167635.826.000) 06/25 23:15:04 Finished transferring output files
...
005 (17167635.826.000) 06/25 23:15:04 Job terminated.
	(1) Normal termination (return value 0)
		Usr 0 00:41:35, Sys 0 00:00:25  -  Run Remote Usage
		Usr 0 00:00:00, Sys 0 00:00:00  -  Run Local Usage
		Usr 0 00:41:35, Sys 0 00:00:25  -  Total Remote Usage
		Usr 0 00:00:00, Sys 0 00:00:00  -  Total Local Usage
	3587693  -  Run Bytes Sent By Job
	2804  -  Run Bytes Received By Job
	3587693  -  Total Bytes Sent By Job
	2804  -  Total Bytes Received By Job
	Partitionable Resources :    Usage  Request Allocated 
	   Cpus                 :     0.99        3         3 
	   Disk (KB)            :  3530           3      3702 
	   GPUs                 :                           0 
	   Memory (MB)          :  6187        9000      9000 
	   TimeExecute (s)      :  2580                       
	   TimeSlotBusy (s)     :  2581                       

	Job terminated of its own accord at 2025-06-25T21:15:04Z with exit-code 0.
...
006 (17167635.856.000) 06/25 23:15:08 Image size of job updated: 6470864
	6319  -  MemoryUsage of job (MB)
	6470388  -  ResidentSetSize of job (KB)
...
006 (17167635.857.000) 06/25 23:15:10 Image size of job updated: 6334068
	6186  -  MemoryUsage of job (MB)
	6334068  -  ResidentSetSize of job (KB)
...
040 (17167635.804.000) 06/25 23:15:12 Started transferring output files
...
040 (17167635.804.000) 06/25 23:15:12 Finished transferring output files
...
005 (17167635.804.000) 06/25 23:15:13 Job terminated.
	(1) Normal termination (return value 0)
		Usr 0 00:46:55, Sys 0 00:00:28  -  Run Remote Usage
		Usr 0 00:00:00, Sys 0 00:00:00  -  Run Local Usage
		Usr 0 00:46:55, Sys 0 00:00:28  -  Total Remote Usage
		Usr 0 00:00:00, Sys 0 00:00:00  -  Total Local Usage
	3562057  -  Run Bytes Sent By Job
	2804  -  Run Bytes Received By Job
	3562057  -  Total Bytes Sent By Job
	2804  -  Total Bytes Received By Job
	Partitionable Resources :    Usage  Request Allocated 
	   Cpus                 :     0.99        3         3 
	   Disk (KB)            :  3506           3      3520 
	   GPUs                 :                           0 
	   Memory (MB)          :  6175        9000      9000 
	   TimeExecute (s)      :  2956                       
	   TimeSlotBusy (s)     :  2958                       

	Job terminated of its own accord at 2025-06-25T21:15:12Z with exit-code 0.
...
006 (17167635.858.000) 06/25 23:15:19 Image size of job updated: 6358024
	6210  -  MemoryUsage of job (MB)
	6358024  -  ResidentSetSize of job (KB)
...
040 (17167635.823.000) 06/25 23:15:22 Started transferring output files
...
040 (17167635.823.000) 06/25 23:15:22 Finished transferring output files
...
005 (17167635.823.000) 06/25 23:15:22 Job terminated.
	(1) Normal termination (return value 0)
		Usr 0 00:42:58, Sys 0 00:00:22  -  Run Remote Usage
		Usr 0 00:00:00, Sys 0 00:00:00  -  Run Local Usage
		Usr 0 00:42:58, Sys 0 00:00:22  -  Total Remote Usage
		Usr 0 00:00:00, Sys 0 00:00:00  -  Total Local Usage
	3584427  -  Run Bytes Sent By Job
	2804  -  Run Bytes Received By Job
	3584427  -  Total Bytes Sent By Job
	2804  -  Total Bytes Received By Job
	Partitionable Resources :    Usage  Request Allocated 
	   Cpus                 :     0.98        3         3 
	   Disk (KB)            :  3530           3      3789 
	   GPUs                 :                           0 
	   Memory (MB)          :  6172        9000      9000 
	   TimeExecute (s)      :  2660                       
	   TimeSlotBusy (s)     :  2662                       

	Job terminated of its own accord at 2025-06-25T21:15:22Z with exit-code 0.
...
006 (17167635.888.000) 06/25 23:15:30 Image size of job updated: 6325876
	6178  -  MemoryUsage of job (MB)
	6325876  -  ResidentSetSize of job (KB)
...
006 (17167635.835.000) 06/25 23:15:34 Image size of job updated: 6306932
	6159  -  MemoryUsage of job (MB)
	6306544  -  ResidentSetSize of job (KB)
...
006 (17167635.890.000) 06/25 23:15:41 Image size of job updated: 6320680
	6173  -  MemoryUsage of job (MB)
	6320680  -  ResidentSetSize of job (KB)
...
006 (17167635.893.000) 06/25 23:15:43 Image size of job updated: 6342896
	6195  -  MemoryUsage of job (MB)
	6342896  -  ResidentSetSize of job (KB)
...
006 (17167635.836.000) 06/25 23:15:46 Image size of job updated: 6338964
	6191  -  MemoryUsage of job (MB)
	6338964  -  ResidentSetSize of job (KB)
...
040 (17167635.852.000) 06/25 23:15:49 Started transferring output files
...
040 (17167635.852.000) 06/25 23:15:49 Finished transferring output files
...
005 (17167635.852.000) 06/25 23:15:49 Job terminated.
	(1) Normal termination (return value 0)
		Usr 0 00:35:13, Sys 0 00:00:18  -  Run Remote Usage
		Usr 0 00:00:00, Sys 0 00:00:00  -  Run Local Usage
		Usr 0 00:35:13, Sys 0 00:00:18  -  Total Remote Usage
		Usr 0 00:00:00, Sys 0 00:00:00  -  Total Local Usage
	3592870  -  Run Bytes Sent By Job
	2804  -  Run Bytes Received By Job
	3592870  -  Total Bytes Sent By Job
	2804  -  Total Bytes Received By Job
	Partitionable Resources :    Usage  Request Allocated 
	   Cpus                 :     0.73        3         3 
	   Disk (KB)            :  3535           3      6968 
	   GPUs                 :                           0 
	   Memory (MB)          :  6062        9000      9000 
	   TimeExecute (s)      :  2185                       
	   TimeSlotBusy (s)     :  2186                       

	Job terminated of its own accord at 2025-06-25T21:15:49Z with exit-code 0.
...
040 (17167635.805.000) 06/25 23:15:51 Started transferring output files
...
040 (17167635.805.000) 06/25 23:15:52 Finished transferring output files
...
005 (17167635.805.000) 06/25 23:15:52 Job terminated.
	(1) Normal termination (return value 0)
		Usr 0 00:47:41, Sys 0 00:00:36  -  Run Remote Usage
		Usr 0 00:00:00, Sys 0 00:00:00  -  Run Local Usage
		Usr 0 00:47:41, Sys 0 00:00:36  -  Total Remote Usage
		Usr 0 00:00:00, Sys 0 00:00:00  -  Total Local Usage
	3596120  -  Run Bytes Sent By Job
	2804  -  Run Bytes Received By Job
	3596120  -  Total Bytes Sent By Job
	2804  -  Total Bytes Received By Job
	Partitionable Resources :    Usage  Request Allocated 
	   Cpus                 :     0.99        3         3 
	   Disk (KB)            :  3538           3      3687 
	   GPUs                 :                           0 
	   Memory (MB)          :  6721        9000      9000 
	   TimeExecute (s)      :  2995                       
	   TimeSlotBusy (s)     :  2998                       

	Job terminated of its own accord at 2025-06-25T21:15:51Z with exit-code 0.
...
040 (17167635.806.000) 06/25 23:16:00 Started transferring output files
...
040 (17167635.806.000) 06/25 23:16:02 Finished transferring output files
...
005 (17167635.806.000) 06/25 23:16:02 Job terminated.
	(1) Normal termination (return value 0)
		Usr 0 00:47:54, Sys 0 00:00:37  -  Run Remote Usage
		Usr 0 00:00:00, Sys 0 00:00:00  -  Run Local Usage
		Usr 0 00:47:54, Sys 0 00:00:37  -  Total Remote Usage
		Usr 0 00:00:00, Sys 0 00:00:00  -  Total Local Usage
	3560682  -  Run Bytes Sent By Job
	2804  -  Run Bytes Received By Job
	3560682  -  Total Bytes Sent By Job
	2804  -  Total Bytes Received By Job
	Partitionable Resources :    Usage  Request Allocated 
	   Cpus                 :     0.95        3         3 
	   Disk (KB)            :  3503           3      3669 
	   GPUs                 :                           0 
	   Memory (MB)          :  6714        9000      9000 
	   TimeExecute (s)      :  3003                       
	   TimeSlotBusy (s)     :  3008                       

	Job terminated of its own accord at 2025-06-25T21:15:59Z with exit-code 0.
...
006 (17167635.864.000) 06/25 23:16:12 Image size of job updated: 6327564
	6180  -  MemoryUsage of job (MB)
	6327564  -  ResidentSetSize of job (KB)
...
040 (17167635.812.000) 06/25 23:16:13 Started transferring output files
...
040 (17167635.812.000) 06/25 23:16:14 Finished transferring output files
...
005 (17167635.812.000) 06/25 23:16:14 Job terminated.
	(1) Normal termination (return value 0)
		Usr 0 00:48:00, Sys 0 00:00:35  -  Run Remote Usage
		Usr 0 00:00:00, Sys 0 00:00:00  -  Run Local Usage
		Usr 0 00:48:00, Sys 0 00:00:35  -  Total Remote Usage
		Usr 0 00:00:00, Sys 0 00:00:00  -  Total Local Usage
	3578349  -  Run Bytes Sent By Job
	2804  -  Run Bytes Received By Job
	3578349  -  Total Bytes Sent By Job
	2804  -  Total Bytes Received By Job
	Partitionable Resources :    Usage  Request Allocated 
	   Cpus                 :     0.99        3         3 
	   Disk (KB)            :  3520           3      3783 
	   GPUs                 :                           0 
	   Memory (MB)          :  6794        9000      9000 
	   TimeExecute (s)      :  3015                       
	   TimeSlotBusy (s)     :  3018                       

	Job terminated of its own accord at 2025-06-25T21:16:13Z with exit-code 0.
...
006 (17167635.837.000) 06/25 23:16:16 Image size of job updated: 6345252
	6197  -  MemoryUsage of job (MB)
	6344936  -  ResidentSetSize of job (KB)
...
006 (17167635.808.000) 06/25 23:16:18 Image size of job updated: 6299736
	6152  -  MemoryUsage of job (MB)
	6299420  -  ResidentSetSize of job (KB)
...
006 (17167635.816.000) 06/25 23:16:19 Image size of job updated: 6311200
	6164  -  MemoryUsage of job (MB)
	6311200  -  ResidentSetSize of job (KB)
...
006 (17167635.865.000) 06/25 23:16:24 Image size of job updated: 6303576
	6156  -  MemoryUsage of job (MB)
	6303248  -  ResidentSetSize of job (KB)
...
040 (17167635.810.000) 06/25 23:16:25 Started transferring output files
...
040 (17167635.810.000) 06/25 23:16:25 Finished transferring output files
...
005 (17167635.810.000) 06/25 23:16:25 Job terminated.
	(1) Normal termination (return value 0)
		Usr 0 00:48:10, Sys 0 00:00:31  -  Run Remote Usage
		Usr 0 00:00:00, Sys 0 00:00:00  -  Run Local Usage
		Usr 0 00:48:10, Sys 0 00:00:31  -  Total Remote Usage
		Usr 0 00:00:00, Sys 0 00:00:00  -  Total Local Usage
	3629550  -  Run Bytes Sent By Job
	2804  -  Run Bytes Received By Job
	3629550  -  Total Bytes Sent By Job
	2804  -  Total Bytes Received By Job
	Partitionable Resources :    Usage  Request Allocated 
	   Cpus                 :     0.98        3         3 
	   Disk (KB)            :  3572           3      3585 
	   GPUs                 :                           0 
	   Memory (MB)          :  6174        9000      9000 
	   TimeExecute (s)      :  3027                       
	   TimeSlotBusy (s)     :  3029                       

	Job terminated of its own accord at 2025-06-25T21:16:25Z with exit-code 0.
...
006 (17167635.899.000) 06/25 23:16:27 Image size of job updated: 6471520
	6320  -  MemoryUsage of job (MB)
	6471520  -  ResidentSetSize of job (KB)
...
006 (17167635.866.000) 06/25 23:16:30 Image size of job updated: 6329160
	6181  -  MemoryUsage of job (MB)
	6328844  -  ResidentSetSize of job (KB)
...
040 (17167635.828.000) 06/25 23:16:30 Started transferring output files
...
040 (17167635.828.000) 06/25 23:16:30 Finished transferring output files
...
005 (17167635.828.000) 06/25 23:16:30 Job terminated.
	(1) Normal termination (return value 0)
		Usr 0 00:42:32, Sys 0 00:00:21  -  Run Remote Usage
		Usr 0 00:00:00, Sys 0 00:00:00  -  Run Local Usage
		Usr 0 00:42:32, Sys 0 00:00:21  -  Total Remote Usage
		Usr 0 00:00:00, Sys 0 00:00:00  -  Total Local Usage
	3585894  -  Run Bytes Sent By Job
	2804  -  Run Bytes Received By Job
	3585894  -  Total Bytes Sent By Job
	2804  -  Total Bytes Received By Job
	Partitionable Resources :    Usage  Request Allocated 
	   Cpus                 :     0.99        3         3 
	   Disk (KB)            :  3529           3      3743 
	   GPUs                 :                           0 
	   Memory (MB)          :  6209        9000      9000 
	   TimeExecute (s)      :  2631                       
	   TimeSlotBusy (s)     :  2633                       

	Job terminated of its own accord at 2025-06-25T21:16:30Z with exit-code 0.
...
006 (17167635.867.000) 06/25 23:16:33 Image size of job updated: 6317972
	6170  -  MemoryUsage of job (MB)
	6317972  -  ResidentSetSize of job (KB)
...
040 (17167635.824.000) 06/25 23:16:37 Started transferring output files
...
040 (17167635.824.000) 06/25 23:16:37 Finished transferring output files
...
005 (17167635.824.000) 06/25 23:16:37 Job terminated.
	(1) Normal termination (return value 0)
		Usr 0 00:43:14, Sys 0 00:00:30  -  Run Remote Usage
		Usr 0 00:00:00, Sys 0 00:00:00  -  Run Local Usage
		Usr 0 00:43:14, Sys 0 00:00:30  -  Total Remote Usage
		Usr 0 00:00:00, Sys 0 00:00:00  -  Total Local Usage
	3576338  -  Run Bytes Sent By Job
	2804  -  Run Bytes Received By Job
	3576338  -  Total Bytes Sent By Job
	2804  -  Total Bytes Received By Job
	Partitionable Resources :    Usage  Request Allocated 
	   Cpus                 :     0.99        3         3 
	   Disk (KB)            :  3519           3      3657 
	   GPUs                 :                           0 
	   Memory (MB)          :  6186        9000      9000 
	   TimeExecute (s)      :  2697                       
	   TimeSlotBusy (s)     :  2699                       

	Job terminated of its own accord at 2025-06-25T21:16:36Z with exit-code 0.
...
006 (17167635.902.000) 06/25 23:16:59 Image size of job updated: 6326416
	6179  -  MemoryUsage of job (MB)
	6326416  -  ResidentSetSize of job (KB)
...
006 (17167635.901.000) 06/25 23:17:00 Image size of job updated: 6322664
	6175  -  MemoryUsage of job (MB)
	6322664  -  ResidentSetSize of job (KB)
...
006 (17167635.903.000) 06/25 23:17:04 Image size of job updated: 6340752
	6193  -  MemoryUsage of job (MB)
	6340752  -  ResidentSetSize of job (KB)
...
040 (17167635.855.000) 06/25 23:17:08 Started transferring output files
...
040 (17167635.855.000) 06/25 23:17:09 Finished transferring output files
...
005 (17167635.855.000) 06/25 23:17:09 Job terminated.
	(1) Normal termination (return value 0)
		Usr 0 00:36:09, Sys 0 00:00:19  -  Run Remote Usage
		Usr 0 00:00:00, Sys 0 00:00:00  -  Run Local Usage
		Usr 0 00:36:09, Sys 0 00:00:19  -  Total Remote Usage
		Usr 0 00:00:00, Sys 0 00:00:00  -  Total Local Usage
	3563950  -  Run Bytes Sent By Job
	2804  -  Run Bytes Received By Job
	3563950  -  Total Bytes Sent By Job
	2804  -  Total Bytes Received By Job
	Partitionable Resources :    Usage  Request Allocated 
	   Cpus                 :     0.99        3         3 
	   Disk (KB)            :  3510           3      3624 
	   GPUs                 :                           0 
	   Memory (MB)          :  6191        9000      9000 
	   TimeExecute (s)      :  2251                       
	   TimeSlotBusy (s)     :  2253                       

	Job terminated of its own accord at 2025-06-25T21:17:08Z with exit-code 0.
...
006 (17167635.904.000) 06/25 23:17:13 Image size of job updated: 6319688
	6172  -  MemoryUsage of job (MB)
	6319688  -  ResidentSetSize of job (KB)
...
006 (17167635.906.000) 06/25 23:17:17 Image size of job updated: 6356068
	6208  -  MemoryUsage of job (MB)
	6356068  -  ResidentSetSize of job (KB)
...
006 (17167635.907.000) 06/25 23:17:28 Image size of job updated: 6332288
	6184  -  MemoryUsage of job (MB)
	6332288  -  ResidentSetSize of job (KB)
...
006 (17167635.909.000) 06/25 23:17:31 Image size of job updated: 6356856
	6208  -  MemoryUsage of job (MB)
	6356856  -  ResidentSetSize of job (KB)
...
006 (17167635.908.000) 06/25 23:17:31 Image size of job updated: 6416288
	6266  -  MemoryUsage of job (MB)
	6416288  -  ResidentSetSize of job (KB)
...
006 (17167635.870.000) 06/25 23:17:32 Image size of job updated: 6360884
	6212  -  MemoryUsage of job (MB)
	6360884  -  ResidentSetSize of job (KB)
...
006 (17167635.872.000) 06/25 23:17:46 Image size of job updated: 6359420
	6211  -  MemoryUsage of job (MB)
	6359420  -  ResidentSetSize of job (KB)
...
006 (17167635.843.000) 06/25 23:17:50 Image size of job updated: 6320504
	6173  -  MemoryUsage of job (MB)
	6320504  -  ResidentSetSize of job (KB)
...
006 (17167635.873.000) 06/25 23:17:51 Image size of job updated: 6321992
	6174  -  MemoryUsage of job (MB)
	6321680  -  ResidentSetSize of job (KB)
...
006 (17167635.874.000) 06/25 23:17:53 Image size of job updated: 6330652
	6182  -  MemoryUsage of job (MB)
	6330332  -  ResidentSetSize of job (KB)
...
006 (17167635.910.000) 06/25 23:17:54 Image size of job updated: 6248156
	6102  -  MemoryUsage of job (MB)
	6248156  -  ResidentSetSize of job (KB)
...
006 (17167635.875.000) 06/25 23:17:58 Image size of job updated: 6316460
	6169  -  MemoryUsage of job (MB)
	6316460  -  ResidentSetSize of job (KB)
...
006 (17167635.844.000) 06/25 23:17:59 Image size of job updated: 6322824
	6175  -  MemoryUsage of job (MB)
	6322824  -  ResidentSetSize of job (KB)
...
040 (17167635.835.000) 06/25 23:18:13 Started transferring output files
...
040 (17167635.835.000) 06/25 23:18:13 Finished transferring output files
...
005 (17167635.835.000) 06/25 23:18:14 Job terminated.
	(1) Normal termination (return value 0)
		Usr 0 00:41:29, Sys 0 00:00:21  -  Run Remote Usage
		Usr 0 00:00:00, Sys 0 00:00:00  -  Run Local Usage
		Usr 0 00:41:29, Sys 0 00:00:21  -  Total Remote Usage
		Usr 0 00:00:00, Sys 0 00:00:00  -  Total Local Usage
	3592352  -  Run Bytes Sent By Job
	2804  -  Run Bytes Received By Job
	3592352  -  Total Bytes Sent By Job
	2804  -  Total Bytes Received By Job
	Partitionable Resources :    Usage  Request Allocated 
	   Cpus                 :     0.99        3         3 
	   Disk (KB)            :  3538           3      3381 
	   GPUs                 :                           0 
	   Memory (MB)          :  6159        9000      9000 
	   TimeExecute (s)      :  2575                       
	   TimeSlotBusy (s)     :  2576                       

	Job terminated of its own accord at 2025-06-25T21:18:13Z with exit-code 0.
...
006 (17167635.911.000) 06/25 23:18:14 Image size of job updated: 6324392
	6177  -  MemoryUsage of job (MB)
	6324392  -  ResidentSetSize of job (KB)
...
040 (17167635.795.000) 06/25 23:18:15 Started transferring output files
...
040 (17167635.795.000) 06/25 23:18:15 Finished transferring output files
...
005 (17167635.795.000) 06/25 23:18:15 Job terminated.
	(1) Normal termination (return value 0)
		Usr 0 00:48:40, Sys 0 00:01:10  -  Run Remote Usage
		Usr 0 00:00:00, Sys 0 00:00:00  -  Run Local Usage
		Usr 0 00:48:40, Sys 0 00:01:10  -  Total Remote Usage
		Usr 0 00:00:00, Sys 0 00:00:00  -  Total Local Usage
	3585517  -  Run Bytes Sent By Job
	2804  -  Run Bytes Received By Job
	3585517  -  Total Bytes Sent By Job
	2804  -  Total Bytes Received By Job
	Partitionable Resources :    Usage  Request Allocated 
	   Cpus                 :     0.94        3         3 
	   Disk (KB)            :  3527           3      3773 
	   GPUs                 :                           0 
	   Memory (MB)          :  6625        9000      9000 
	   TimeExecute (s)      :  3136                       
	   TimeSlotBusy (s)     :  3138                       

	Job terminated of its own accord at 2025-06-25T21:18:15Z with exit-code 0.
...
040 (17167635.825.000) 06/25 23:18:17 Started transferring output files
...
040 (17167635.825.000) 06/25 23:18:17 Finished transferring output files
...
005 (17167635.825.000) 06/25 23:18:17 Job terminated.
	(1) Normal termination (return value 0)
		Usr 0 00:44:51, Sys 0 00:00:25  -  Run Remote Usage
		Usr 0 00:00:00, Sys 0 00:00:00  -  Run Local Usage
		Usr 0 00:44:51, Sys 0 00:00:25  -  Total Remote Usage
		Usr 0 00:00:00, Sys 0 00:00:00  -  Total Local Usage
	3581007  -  Run Bytes Sent By Job
	2804  -  Run Bytes Received By Job
	3581007  -  Total Bytes Sent By Job
	2804  -  Total Bytes Received By Job
	Partitionable Resources :    Usage  Request Allocated 
	   Cpus                 :     0.99        3         3 
	   Disk (KB)            :  3524           3      3729 
	   GPUs                 :                           0 
	   Memory (MB)          :  6173        9000      9000 
	   TimeExecute (s)      :  2778                       
	   TimeSlotBusy (s)     :  2779                       

	Job terminated of its own accord at 2025-06-25T21:18:17Z with exit-code 0.
...
040 (17167635.851.000) 06/25 23:18:25 Started transferring output files
...
040 (17167635.851.000) 06/25 23:18:25 Finished transferring output files
...
005 (17167635.851.000) 06/25 23:18:25 Job terminated.
	(1) Normal termination (return value 0)
		Usr 0 00:37:45, Sys 0 00:00:19  -  Run Remote Usage
		Usr 0 00:00:00, Sys 0 00:00:00  -  Run Local Usage
		Usr 0 00:37:45, Sys 0 00:00:19  -  Total Remote Usage
		Usr 0 00:00:00, Sys 0 00:00:00  -  Total Local Usage
	3571829  -  Run Bytes Sent By Job
	2804  -  Run Bytes Received By Job
	3571829  -  Total Bytes Sent By Job
	2804  -  Total Bytes Received By Job
	Partitionable Resources :    Usage  Request Allocated 
	   Cpus                 :     0.99        3         3 
	   Disk (KB)            :  3515           3      6888 
	   GPUs                 :                           0 
	   Memory (MB)          :  6194        9000      9000 
	   TimeExecute (s)      :  2348                       
	   TimeSlotBusy (s)     :  2349                       

	Job terminated of its own accord at 2025-06-25T21:18:25Z with exit-code 0.
...
006 (17167635.876.000) 06/25 23:18:26 Image size of job updated: 6356960
	6208  -  MemoryUsage of job (MB)
	6356960  -  ResidentSetSize of job (KB)
...
006 (17167635.912.000) 06/25 23:18:36 Image size of job updated: 6335440
	6187  -  MemoryUsage of job (MB)
	6335440  -  ResidentSetSize of job (KB)
...
006 (17167635.879.000) 06/25 23:18:45 Image size of job updated: 6330168
	6182  -  MemoryUsage of job (MB)
	6330168  -  ResidentSetSize of job (KB)
...
006 (17167635.881.000) 06/25 23:18:46 Image size of job updated: 6433384
	6283  -  MemoryUsage of job (MB)
	6433384  -  ResidentSetSize of job (KB)
...
006 (17167635.882.000) 06/25 23:18:50 Image size of job updated: 6313324
	6166  -  MemoryUsage of job (MB)
	6313008  -  ResidentSetSize of job (KB)
...
006 (17167635.914.000) 06/25 23:18:59 Image size of job updated: 6361844
	6213  -  MemoryUsage of job (MB)
	6361844  -  ResidentSetSize of job (KB)
...
006 (17167635.848.000) 06/25 23:19:01 Image size of job updated: 6337596
	6189  -  MemoryUsage of job (MB)
	6337276  -  ResidentSetSize of job (KB)
...
040 (17167635.832.000) 06/25 23:19:01 Started transferring output files
...
040 (17167635.832.000) 06/25 23:19:01 Finished transferring output files
...
005 (17167635.832.000) 06/25 23:19:01 Job terminated.
	(1) Normal termination (return value 0)
		Usr 0 00:44:00, Sys 0 00:00:25  -  Run Remote Usage
		Usr 0 00:00:00, Sys 0 00:00:00  -  Run Local Usage
		Usr 0 00:44:00, Sys 0 00:00:25  -  Total Remote Usage
		Usr 0 00:00:00, Sys 0 00:00:00  -  Total Local Usage
	3567905  -  Run Bytes Sent By Job
	2804  -  Run Bytes Received By Job
	3567905  -  Total Bytes Sent By Job
	2804  -  Total Bytes Received By Job
	Partitionable Resources :    Usage  Request Allocated 
	   Cpus                 :     0.99        3         3 
	   Disk (KB)            :  3511           3      3697 
	   GPUs                 :                           0 
	   Memory (MB)          :  6184        9000      9000 
	   TimeExecute (s)      :  2736                       
	   TimeSlotBusy (s)     :  2737                       

	Job terminated of its own accord at 2025-06-25T21:19:01Z with exit-code 0.
...
040 (17167635.873.000) 06/25 23:19:03 Started transferring output files
...
040 (17167635.873.000) 06/25 23:19:04 Finished transferring output files
...
005 (17167635.873.000) 06/25 23:19:04 Job terminated.
	(1) Normal termination (return value 0)
		Usr 0 00:35:15, Sys 0 00:00:18  -  Run Remote Usage
		Usr 0 00:00:00, Sys 0 00:00:00  -  Run Local Usage
		Usr 0 00:35:15, Sys 0 00:00:18  -  Total Remote Usage
		Usr 0 00:00:00, Sys 0 00:00:00  -  Total Local Usage
	3595062  -  Run Bytes Sent By Job
	2804  -  Run Bytes Received By Job
	3595062  -  Total Bytes Sent By Job
	2804  -  Total Bytes Received By Job
	Partitionable Resources :    Usage  Request Allocated 
	   Cpus                 :     0.99        3         3 
	   Disk (KB)            :  3537           3      6898 
	   GPUs                 :                           0 
	   Memory (MB)          :  6174        9000      9000 
	   TimeExecute (s)      :  2188                       
	   TimeSlotBusy (s)     :  2191                       

	Job terminated of its own accord at 2025-06-25T21:19:03Z with exit-code 0.
...
006 (17167635.915.000) 06/25 23:19:07 Image size of job updated: 6321280
	6174  -  MemoryUsage of job (MB)
	6321280  -  ResidentSetSize of job (KB)
...
006 (17167635.850.000) 06/25 23:19:10 Image size of job updated: 6320384
	6173  -  MemoryUsage of job (MB)
	6320384  -  ResidentSetSize of job (KB)
...
040 (17167635.811.000) 06/25 23:19:17 Started transferring output files
...
040 (17167635.811.000) 06/25 23:19:17 Finished transferring output files
...
005 (17167635.811.000) 06/25 23:19:17 Job terminated.
	(1) Normal termination (return value 0)
		Usr 0 00:49:57, Sys 0 00:00:58  -  Run Remote Usage
		Usr 0 00:00:00, Sys 0 00:00:00  -  Run Local Usage
		Usr 0 00:49:57, Sys 0 00:00:58  -  Total Remote Usage
		Usr 0 00:00:00, Sys 0 00:00:00  -  Total Local Usage
	3592695  -  Run Bytes Sent By Job
	2804  -  Run Bytes Received By Job
	3592695  -  Total Bytes Sent By Job
	2804  -  Total Bytes Received By Job
	Partitionable Resources :    Usage  Request Allocated 
	   Cpus                 :     0.98        3         3 
	   Disk (KB)            :  3534           3      3785 
	   GPUs                 :                           0 
	   Memory (MB)          :  6160        9000      9000 
	   TimeExecute (s)      :  3198                       
	   TimeSlotBusy (s)     :  3200                       

	Job terminated of its own accord at 2025-06-25T21:19:17Z with exit-code 0.
...
006 (17167635.884.000) 06/25 23:19:18 Image size of job updated: 6357728
	6209  -  MemoryUsage of job (MB)
	6357728  -  ResidentSetSize of job (KB)
...
006 (17167635.918.000) 06/25 23:19:26 Image size of job updated: 6358436
	6210  -  MemoryUsage of job (MB)
	6358436  -  ResidentSetSize of job (KB)
...
006 (17167635.916.000) 06/25 23:19:28 Image size of job updated: 6337896
	6190  -  MemoryUsage of job (MB)
	6337896  -  ResidentSetSize of job (KB)
...
006 (17167635.919.000) 06/25 23:19:31 Image size of job updated: 6355508
	6207  -  MemoryUsage of job (MB)
	6355508  -  ResidentSetSize of job (KB)
...
040 (17167635.865.000) 06/25 23:19:33 Started transferring output files
...
040 (17167635.865.000) 06/25 23:19:33 Finished transferring output files
...
005 (17167635.865.000) 06/25 23:19:33 Job terminated.
	(1) Normal termination (return value 0)
		Usr 0 00:37:03, Sys 0 00:00:19  -  Run Remote Usage
		Usr 0 00:00:00, Sys 0 00:00:00  -  Run Local Usage
		Usr 0 00:37:03, Sys 0 00:00:19  -  Total Remote Usage
		Usr 0 00:00:00, Sys 0 00:00:00  -  Total Local Usage
	3604316  -  Run Bytes Sent By Job
	2804  -  Run Bytes Received By Job
	3604316  -  Total Bytes Sent By Job
	2804  -  Total Bytes Received By Job
	Partitionable Resources :    Usage  Request Allocated 
	   Cpus                 :     0.99        3         3 
	   Disk (KB)            :  3546           3      6932 
	   GPUs                 :                           0 
	   Memory (MB)          :  6156        9000      9000 
	   TimeExecute (s)      :  2306                       
	   TimeSlotBusy (s)     :  2307                       

	Job terminated of its own accord at 2025-06-25T21:19:33Z with exit-code 0.
...
006 (17167635.887.000) 06/25 23:19:42 Image size of job updated: 6315844
	6168  -  MemoryUsage of job (MB)
	6315844  -  ResidentSetSize of job (KB)
...
006 (17167635.922.000) 06/25 23:19:42 Image size of job updated: 6162868
	6019  -  MemoryUsage of job (MB)
	6162868  -  ResidentSetSize of job (KB)
...
040 (17167635.848.000) 06/25 23:19:44 Started transferring output files
...
040 (17167635.848.000) 06/25 23:19:44 Finished transferring output files
...
005 (17167635.848.000) 06/25 23:19:44 Job terminated.
	(1) Normal termination (return value 0)
		Usr 0 00:39:22, Sys 0 00:00:27  -  Run Remote Usage
		Usr 0 00:00:00, Sys 0 00:00:00  -  Run Local Usage
		Usr 0 00:39:22, Sys 0 00:00:27  -  Total Remote Usage
		Usr 0 00:00:00, Sys 0 00:00:00  -  Total Local Usage
	3607726  -  Run Bytes Sent By Job
	2804  -  Run Bytes Received By Job
	3607726  -  Total Bytes Sent By Job
	2804  -  Total Bytes Received By Job
	Partitionable Resources :    Usage  Request Allocated 
	   Cpus                 :     0.99        3         3 
	   Disk (KB)            :  3549           3      6911 
	   GPUs                 :                           0 
	   Memory (MB)          :  6189        9000      9000 
	   TimeExecute (s)      :  2462                       
	   TimeSlotBusy (s)     :  2463                       

	Job terminated of its own accord at 2025-06-25T21:19:44Z with exit-code 0.
...
040 (17167635.833.000) 06/25 23:19:51 Started transferring output files
...
040 (17167635.833.000) 06/25 23:19:51 Finished transferring output files
...
005 (17167635.833.000) 06/25 23:19:51 Job terminated.
	(1) Normal termination (return value 0)
		Usr 0 00:43:01, Sys 0 00:00:24  -  Run Remote Usage
		Usr 0 00:00:00, Sys 0 00:00:00  -  Run Local Usage
		Usr 0 00:43:01, Sys 0 00:00:24  -  Total Remote Usage
		Usr 0 00:00:00, Sys 0 00:00:00  -  Total Local Usage
	3591785  -  Run Bytes Sent By Job
	2804  -  Run Bytes Received By Job
	3591785  -  Total Bytes Sent By Job
	2804  -  Total Bytes Received By Job
	Partitionable Resources :    Usage  Request Allocated 
	   Cpus                 :     0.99        3         3 
	   Disk (KB)            :  3534           3      3876 
	   GPUs                 :                           0 
	   Memory (MB)          :  6178        9000      9000 
	   TimeExecute (s)      :  2673                       
	   TimeSlotBusy (s)     :  2675                       

	Job terminated of its own accord at 2025-06-25T21:19:51Z with exit-code 0.
...
006 (17167635.854.000) 06/25 23:19:53 Image size of job updated: 6329636
	6182  -  MemoryUsage of job (MB)
	6329636  -  ResidentSetSize of job (KB)
...
006 (17167635.926.000) 06/25 23:19:54 Image size of job updated: 6353112
	6205  -  MemoryUsage of job (MB)
	6353112  -  ResidentSetSize of job (KB)
...
006 (17167635.927.000) 06/25 23:19:58 Image size of job updated: 6341352
	6193  -  MemoryUsage of job (MB)
	6341352  -  ResidentSetSize of job (KB)
...
040 (17167635.807.000) 06/25 23:20:00 Started transferring output files
...
040 (17167635.808.000) 06/25 23:20:00 Started transferring output files
...
040 (17167635.807.000) 06/25 23:20:00 Finished transferring output files
...
005 (17167635.807.000) 06/25 23:20:00 Job terminated.
	(1) Normal termination (return value 0)
		Usr 0 00:51:45, Sys 0 00:00:31  -  Run Remote Usage
		Usr 0 00:00:00, Sys 0 00:00:00  -  Run Local Usage
		Usr 0 00:51:45, Sys 0 00:00:31  -  Total Remote Usage
		Usr 0 00:00:00, Sys 0 00:00:00  -  Total Local Usage
	3553047  -  Run Bytes Sent By Job
	2804  -  Run Bytes Received By Job
	3553047  -  Total Bytes Sent By Job
	2804  -  Total Bytes Received By Job
	Partitionable Resources :    Usage  Request Allocated 
	   Cpus                 :     0.99        3         3 
	   Disk (KB)            :  3495           3      3720 
	   GPUs                 :                           0 
	   Memory (MB)          :  6734        9000      9000 
	   TimeExecute (s)      :  3243                       
	   TimeSlotBusy (s)     :  3245                       

	Job terminated of its own accord at 2025-06-25T21:20:00Z with exit-code 0.
...
040 (17167635.808.000) 06/25 23:20:00 Finished transferring output files
...
005 (17167635.808.000) 06/25 23:20:00 Job terminated.
	(1) Normal termination (return value 0)
		Usr 0 00:51:29, Sys 0 00:00:38  -  Run Remote Usage
		Usr 0 00:00:00, Sys 0 00:00:00  -  Run Local Usage
		Usr 0 00:51:29, Sys 0 00:00:38  -  Total Remote Usage
		Usr 0 00:00:00, Sys 0 00:00:00  -  Total Local Usage
	3541753  -  Run Bytes Sent By Job
	2804  -  Run Bytes Received By Job
	3541753  -  Total Bytes Sent By Job
	2804  -  Total Bytes Received By Job
	Partitionable Resources :    Usage  Request Allocated 
	   Cpus                 :     0.97        3         3 
	   Disk (KB)            :  3484           3      3697 
	   GPUs                 :                           0 
	   Memory (MB)          :  6152        9000      9000 
	   TimeExecute (s)      :  3243                       
	   TimeSlotBusy (s)     :  3245                       

	Job terminated of its own accord at 2025-06-25T21:20:00Z with exit-code 0.
...
040 (17167635.866.000) 06/25 23:20:01 Started transferring output files
...
040 (17167635.866.000) 06/25 23:20:01 Finished transferring output files
...
005 (17167635.866.000) 06/25 23:20:01 Job terminated.
	(1) Normal termination (return value 0)
		Usr 0 00:37:32, Sys 0 00:00:20  -  Run Remote Usage
		Usr 0 00:00:00, Sys 0 00:00:00  -  Run Local Usage
		Usr 0 00:37:32, Sys 0 00:00:20  -  Total Remote Usage
		Usr 0 00:00:00, Sys 0 00:00:00  -  Total Local Usage
	3578279  -  Run Bytes Sent By Job
	2804  -  Run Bytes Received By Job
	3578279  -  Total Bytes Sent By Job
	2804  -  Total Bytes Received By Job
	Partitionable Resources :    Usage  Request Allocated 
	   Cpus                 :     0.49        3         3 
	   Disk (KB)            :  3524           3      3733 
	   GPUs                 :                           0 
	   Memory (MB)          :  6181        9000      9000 
	   TimeExecute (s)      :  2329                       
	   TimeSlotBusy (s)     :  2330                       

	Job terminated of its own accord at 2025-06-25T21:20:01Z with exit-code 0.
...
006 (17167635.928.000) 06/25 23:20:04 Image size of job updated: 6321300
	6174  -  MemoryUsage of job (MB)
	6321300  -  ResidentSetSize of job (KB)
...
040 (17167635.831.000) 06/25 23:20:09 Started transferring output files
...
040 (17167635.831.000) 06/25 23:20:09 Finished transferring output files
...
005 (17167635.831.000) 06/25 23:20:09 Job terminated.
	(1) Normal termination (return value 0)
		Usr 0 00:45:32, Sys 0 00:00:32  -  Run Remote Usage
		Usr 0 00:00:00, Sys 0 00:00:00  -  Run Local Usage
		Usr 0 00:45:32, Sys 0 00:00:32  -  Total Remote Usage
		Usr 0 00:00:00, Sys 0 00:00:00  -  Total Local Usage
	3569202  -  Run Bytes Sent By Job
	2804  -  Run Bytes Received By Job
	3569202  -  Total Bytes Sent By Job
	2804  -  Total Bytes Received By Job
	Partitionable Resources :    Usage  Request Allocated 
	   Cpus                 :     0.99        3         3 
	   Disk (KB)            :  3512           3      3704 
	   GPUs                 :                           0 
	   Memory (MB)          :  6135        9000      9000 
	   TimeExecute (s)      :  2826                       
	   TimeSlotBusy (s)     :  2828                       

	Job terminated of its own accord at 2025-06-25T21:20:08Z with exit-code 0.
...
006 (17167635.856.000) 06/25 23:20:09 Image size of job updated: 6499500
	6319  -  MemoryUsage of job (MB)
	6470388  -  ResidentSetSize of job (KB)
...
006 (17167635.857.000) 06/25 23:20:10 Image size of job updated: 6334080
	6186  -  MemoryUsage of job (MB)
	6334080  -  ResidentSetSize of job (KB)
...
040 (17167635.834.000) 06/25 23:20:36 Started transferring output files
...
040 (17167635.834.000) 06/25 23:20:36 Finished transferring output files
...
005 (17167635.834.000) 06/25 23:20:36 Job terminated.
	(1) Normal termination (return value 0)
		Usr 0 00:43:44, Sys 0 00:00:24  -  Run Remote Usage
		Usr 0 00:00:00, Sys 0 00:00:00  -  Run Local Usage
		Usr 0 00:43:44, Sys 0 00:00:24  -  Total Remote Usage
		Usr 0 00:00:00, Sys 0 00:00:00  -  Total Local Usage
	3553724  -  Run Bytes Sent By Job
	2804  -  Run Bytes Received By Job
	3553724  -  Total Bytes Sent By Job
	2804  -  Total Bytes Received By Job
	Partitionable Resources :    Usage  Request Allocated 
	   Cpus                 :     0.95        3         3 
	   Disk (KB)            :  3497           3      3737 
	   GPUs                 :                           0 
	   Memory (MB)          :  6114        9000      9000 
	   TimeExecute (s)      :  2718                       
	   TimeSlotBusy (s)     :  2720                       

	Job terminated of its own accord at 2025-06-25T21:20:36Z with exit-code 0.
...
006 (17167635.893.000) 06/25 23:20:43 Image size of job updated: 6343000
	6195  -  MemoryUsage of job (MB)
	6343000  -  ResidentSetSize of job (KB)
...
006 (17167635.892.000) 06/25 23:20:48 Image size of job updated: 6311016
	6163  -  MemoryUsage of job (MB)
	6310704  -  ResidentSetSize of job (KB)
...
040 (17167635.837.000) 06/25 23:20:54 Started transferring output files
...
040 (17167635.837.000) 06/25 23:20:55 Finished transferring output files
...
005 (17167635.837.000) 06/25 23:20:55 Job terminated.
	(1) Normal termination (return value 0)
		Usr 0 00:43:29, Sys 0 00:00:20  -  Run Remote Usage
		Usr 0 00:00:00, Sys 0 00:00:00  -  Run Local Usage
		Usr 0 00:43:29, Sys 0 00:00:20  -  Total Remote Usage
		Usr 0 00:00:00, Sys 0 00:00:00  -  Total Local Usage
	3595630  -  Run Bytes Sent By Job
	2804  -  Run Bytes Received By Job
	3595630  -  Total Bytes Sent By Job
	2804  -  Total Bytes Received By Job
	Partitionable Resources :    Usage  Request Allocated 
	   Cpus                 :     0.99        3         3 
	   Disk (KB)            :  3540           3      3795 
	   GPUs                 :                           0 
	   Memory (MB)          :  6197        9000      9000 
	   TimeExecute (s)      :  2696                       
	   TimeSlotBusy (s)     :  2698                       

	Job terminated of its own accord at 2025-06-25T21:20:54Z with exit-code 0.
...
040 (17167635.882.000) 06/25 23:20:57 Started transferring output files
...
040 (17167635.882.000) 06/25 23:20:57 Finished transferring output files
...
005 (17167635.882.000) 06/25 23:20:57 Job terminated.
	(1) Normal termination (return value 0)
		Usr 0 00:35:52, Sys 0 00:00:23  -  Run Remote Usage
		Usr 0 00:00:00, Sys 0 00:00:00  -  Run Local Usage
		Usr 0 00:35:52, Sys 0 00:00:23  -  Total Remote Usage
		Usr 0 00:00:00, Sys 0 00:00:00  -  Total Local Usage
	3591056  -  Run Bytes Sent By Job
	2804  -  Run Bytes Received By Job
	3591056  -  Total Bytes Sent By Job
	2804  -  Total Bytes Received By Job
	Partitionable Resources :    Usage  Request Allocated 
	   Cpus                 :     0.99        3         3 
	   Disk (KB)            :  3533           3      6969 
	   GPUs                 :                           0 
	   Memory (MB)          :  6166        9000      9000 
	   TimeExecute (s)      :  2243                       
	   TimeSlotBusy (s)     :  2244                       

	Job terminated of its own accord at 2025-06-25T21:20:57Z with exit-code 0.
...
006 (17167635.895.000) 06/25 23:21:02 Image size of job updated: 6302696
	6155  -  MemoryUsage of job (MB)
	6302696  -  ResidentSetSize of job (KB)
...
006 (17167635.896.000) 06/25 23:21:11 Image size of job updated: 6322296
	6175  -  MemoryUsage of job (MB)
	6322296  -  ResidentSetSize of job (KB)
...
006 (17167635.864.000) 06/25 23:21:12 Image size of job updated: 6327624
	6180  -  MemoryUsage of job (MB)
	6327624  -  ResidentSetSize of job (KB)
...
006 (17167635.897.000) 06/25 23:21:14 Image size of job updated: 6341100
	6193  -  MemoryUsage of job (MB)
	6341100  -  ResidentSetSize of job (KB)
...
006 (17167635.809.000) 06/25 23:21:17 Image size of job updated: 6344152
	6196  -  MemoryUsage of job (MB)
	6343836  -  ResidentSetSize of job (KB)
...
006 (17167635.898.000) 06/25 23:21:27 Image size of job updated: 6328448
	6181  -  MemoryUsage of job (MB)
	6328448  -  ResidentSetSize of job (KB)
...
006 (17167635.899.000) 06/25 23:21:27 Image size of job updated: 6502768
	6350  -  MemoryUsage of job (MB)
	6502284  -  ResidentSetSize of job (KB)
...
040 (17167635.840.000) 06/25 23:21:40 Started transferring output files
...
040 (17167635.840.000) 06/25 23:21:41 Finished transferring output files
...
005 (17167635.840.000) 06/25 23:21:41 Job terminated.
	(1) Normal termination (return value 0)
		Usr 0 00:43:15, Sys 0 00:00:26  -  Run Remote Usage
		Usr 0 00:00:00, Sys 0 00:00:00  -  Run Local Usage
		Usr 0 00:43:15, Sys 0 00:00:26  -  Total Remote Usage
		Usr 0 00:00:00, Sys 0 00:00:00  -  Total Local Usage
	3568806  -  Run Bytes Sent By Job
	2804  -  Run Bytes Received By Job
	3568806  -  Total Bytes Sent By Job
	2804  -  Total Bytes Received By Job
	Partitionable Resources :    Usage  Request Allocated 
	   Cpus                 :     0.94        3         3 
	   Disk (KB)            :  3516           3      3536 
	   GPUs                 :                           0 
	   Memory (MB)          :  6193        9000      9000 
	   TimeExecute (s)      :  2683                       
	   TimeSlotBusy (s)     :  2685                       

	Job terminated of its own accord at 2025-06-25T21:21:40Z with exit-code 0.
...
040 (17167635.874.000) 06/25 23:21:49 Started transferring output files
...
040 (17167635.874.000) 06/25 23:21:50 Finished transferring output files
...
005 (17167635.874.000) 06/25 23:21:50 Job terminated.
	(1) Normal termination (return value 0)
		Usr 0 00:37:54, Sys 0 00:00:18  -  Run Remote Usage
		Usr 0 00:00:00, Sys 0 00:00:00  -  Run Local Usage
		Usr 0 00:37:54, Sys 0 00:00:18  -  Total Remote Usage
		Usr 0 00:00:00, Sys 0 00:00:00  -  Total Local Usage
	3626766  -  Run Bytes Sent By Job
	2804  -  Run Bytes Received By Job
	3626766  -  Total Bytes Sent By Job
	2804  -  Total Bytes Received By Job
	Partitionable Resources :    Usage  Request Allocated 
	   Cpus                 :     0.99        3         3 
	   Disk (KB)            :  3568           3      6952 
	   GPUs                 :                           0 
	   Memory (MB)          :  6182        9000      9000 
	   TimeExecute (s)      :  2353                       
	   TimeSlotBusy (s)     :  2355                       

	Job terminated of its own accord at 2025-06-25T21:21:49Z with exit-code 0.
...
040 (17167635.869.000) 06/25 23:21:50 Started transferring output files
...
040 (17167635.869.000) 06/25 23:21:50 Finished transferring output files
...
005 (17167635.869.000) 06/25 23:21:51 Job terminated.
	(1) Normal termination (return value 0)
		Usr 0 00:37:59, Sys 0 00:00:20  -  Run Remote Usage
		Usr 0 00:00:00, Sys 0 00:00:00  -  Run Local Usage
		Usr 0 00:37:59, Sys 0 00:00:20  -  Total Remote Usage
		Usr 0 00:00:00, Sys 0 00:00:00  -  Total Local Usage
	3586676  -  Run Bytes Sent By Job
	2804  -  Run Bytes Received By Job
	3586676  -  Total Bytes Sent By Job
	2804  -  Total Bytes Received By Job
	Partitionable Resources :    Usage  Request Allocated 
	   Cpus                 :     0.99        3         3 
	   Disk (KB)            :  3529           3      6911 
	   GPUs                 :                           0 
	   Memory (MB)          :  6058        9000      9000 
	   TimeExecute (s)      :  2374                       
	   TimeSlotBusy (s)     :  2375                       

	Job terminated of its own accord at 2025-06-25T21:21:50Z with exit-code 0.
...
006 (17167635.901.000) 06/25 23:22:00 Image size of job updated: 6322996
	6175  -  MemoryUsage of job (MB)
	6322664  -  ResidentSetSize of job (KB)
...
006 (17167635.841.000) 06/25 23:22:32 Image size of job updated: 6340452
	6192  -  MemoryUsage of job (MB)
	6340140  -  ResidentSetSize of job (KB)
...
006 (17167635.908.000) 06/25 23:22:32 Image size of job updated: 6417836
	6268  -  MemoryUsage of job (MB)
	6417836  -  ResidentSetSize of job (KB)
...
040 (17167635.892.000) 06/25 23:22:36 Started transferring output files
...
040 (17167635.892.000) 06/25 23:22:36 Finished transferring output files
...
005 (17167635.892.000) 06/25 23:22:36 Job terminated.
	(1) Normal termination (return value 0)
		Usr 0 00:35:43, Sys 0 00:00:24  -  Run Remote Usage
		Usr 0 00:00:00, Sys 0 00:00:00  -  Run Local Usage
		Usr 0 00:35:43, Sys 0 00:00:24  -  Total Remote Usage
		Usr 0 00:00:00, Sys 0 00:00:00  -  Total Local Usage
	3581990  -  Run Bytes Sent By Job
	2804  -  Run Bytes Received By Job
	3581990  -  Total Bytes Sent By Job
	2804  -  Total Bytes Received By Job
	Partitionable Resources :    Usage  Request Allocated 
	   Cpus                 :     0.99        3         3 
	   Disk (KB)            :  3525           3      6882 
	   GPUs                 :                           0 
	   Memory (MB)          :  6163        9000      9000 
	   TimeExecute (s)      :  2227                       
	   TimeSlotBusy (s)     :  2228                       

	Job terminated of its own accord at 2025-06-25T21:22:36Z with exit-code 0.
...
040 (17167635.829.000) 06/25 23:22:45 Started transferring output files
...
040 (17167635.829.000) 06/25 23:22:45 Finished transferring output files
...
005 (17167635.829.000) 06/25 23:22:45 Job terminated.
	(1) Normal termination (return value 0)
		Usr 0 00:47:41, Sys 0 00:00:42  -  Run Remote Usage
		Usr 0 00:00:00, Sys 0 00:00:00  -  Run Local Usage
		Usr 0 00:47:41, Sys 0 00:00:42  -  Total Remote Usage
		Usr 0 00:00:00, Sys 0 00:00:00  -  Total Local Usage
	3583784  -  Run Bytes Sent By Job
	2804  -  Run Bytes Received By Job
	3583784  -  Total Bytes Sent By Job
	2804  -  Total Bytes Received By Job
	Partitionable Resources :    Usage  Request Allocated 
	   Cpus                 :     0.99        3         3 
	   Disk (KB)            :  3526           3      3859 
	   GPUs                 :                           0 
	   Memory (MB)          :  6208        9000      9000 
	   TimeExecute (s)      :  2997                       
	   TimeSlotBusy (s)     :  2998                       

	Job terminated of its own accord at 2025-06-25T21:22:45Z with exit-code 0.
...
006 (17167635.843.000) 06/25 23:22:50 Image size of job updated: 6320824
	6173  -  MemoryUsage of job (MB)
	6320504  -  ResidentSetSize of job (KB)
...
040 (17167635.836.000) 06/25 23:23:25 Started transferring output files
...
040 (17167635.836.000) 06/25 23:23:25 Finished transferring output files
...
005 (17167635.836.000) 06/25 23:23:25 Job terminated.
	(1) Normal termination (return value 0)
		Usr 0 00:46:07, Sys 0 00:00:32  -  Run Remote Usage
		Usr 0 00:00:00, Sys 0 00:00:00  -  Run Local Usage
		Usr 0 00:46:07, Sys 0 00:00:32  -  Total Remote Usage
		Usr 0 00:00:00, Sys 0 00:00:00  -  Total Local Usage
	3614543  -  Run Bytes Sent By Job
	2804  -  Run Bytes Received By Job
	3614543  -  Total Bytes Sent By Job
	2804  -  Total Bytes Received By Job
	Partitionable Resources :    Usage  Request Allocated 
	   Cpus                 :     0.99        3         3 
	   Disk (KB)            :  3557           3      3734 
	   GPUs                 :                           0 
	   Memory (MB)          :  6191        9000      9000 
	   TimeExecute (s)      :  2872                       
	   TimeSlotBusy (s)     :  2873                       

	Job terminated of its own accord at 2025-06-25T21:23:25Z with exit-code 0.
...
006 (17167635.876.000) 06/25 23:23:27 Image size of job updated: 6357028
	6209  -  MemoryUsage of job (MB)
	6357028  -  ResidentSetSize of job (KB)
...
006 (17167635.878.000) 06/25 23:23:36 Image size of job updated: 6340004
	6192  -  MemoryUsage of job (MB)
	6340004  -  ResidentSetSize of job (KB)
...
006 (17167635.879.000) 06/25 23:23:46 Image size of job updated: 6330484
	6182  -  MemoryUsage of job (MB)
	6330168  -  ResidentSetSize of job (KB)
...
006 (17167635.881.000) 06/25 23:23:47 Image size of job updated: 6462092
	6311  -  MemoryUsage of job (MB)
	6462092  -  ResidentSetSize of job (KB)
...
040 (17167635.843.000) 06/25 23:23:48 Started transferring output files
...
040 (17167635.843.000) 06/25 23:23:48 Finished transferring output files
...
005 (17167635.843.000) 06/25 23:23:48 Job terminated.
	(1) Normal termination (return value 0)
		Usr 0 00:44:41, Sys 0 00:00:27  -  Run Remote Usage
		Usr 0 00:00:00, Sys 0 00:00:00  -  Run Local Usage
		Usr 0 00:44:41, Sys 0 00:00:27  -  Total Remote Usage
		Usr 0 00:00:00, Sys 0 00:00:00  -  Total Local Usage
	3644471  -  Run Bytes Sent By Job
	2804  -  Run Bytes Received By Job
	3644471  -  Total Bytes Sent By Job
	2804  -  Total Bytes Received By Job
	Partitionable Resources :    Usage  Request Allocated 
	   Cpus                 :     0.99        3         3 
	   Disk (KB)            :  3586           3      3676 
	   GPUs                 :                           0 
	   Memory (MB)          :  6173        9000      9000 
	   TimeExecute (s)      :  2776                       
	   TimeSlotBusy (s)     :  2777                       

	Job terminated of its own accord at 2025-06-25T21:23:48Z with exit-code 0.
...
006 (17167635.880.000) 06/25 23:23:48 Image size of job updated: 6299464
	6152  -  MemoryUsage of job (MB)
	6299136  -  ResidentSetSize of job (KB)
...
006 (17167635.847.000) 06/25 23:23:59 Image size of job updated: 6304232
	6157  -  MemoryUsage of job (MB)
	6304232  -  ResidentSetSize of job (KB)
...
040 (17167635.809.000) 06/25 23:23:59 Started transferring output files
...
040 (17167635.809.000) 06/25 23:24:00 Finished transferring output files
...
005 (17167635.809.000) 06/25 23:24:00 Job terminated.
	(1) Normal termination (return value 0)
		Usr 0 00:55:20, Sys 0 00:00:34  -  Run Remote Usage
		Usr 0 00:00:00, Sys 0 00:00:00  -  Run Local Usage
		Usr 0 00:55:20, Sys 0 00:00:34  -  Total Remote Usage
		Usr 0 00:00:00, Sys 0 00:00:00  -  Total Local Usage
	3583522  -  Run Bytes Sent By Job
	2804  -  Run Bytes Received By Job
	3583522  -  Total Bytes Sent By Job
	2804  -  Total Bytes Received By Job
	Partitionable Resources :    Usage  Request Allocated 
	   Cpus                 :     0.99        3         3 
	   Disk (KB)            :  3528           3      3459 
	   GPUs                 :                           0 
	   Memory (MB)          :  6196        9000      9000 
	   TimeExecute (s)      :  3482                       
	   TimeSlotBusy (s)     :  3485                       

	Job terminated of its own accord at 2025-06-25T21:23:59Z with exit-code 0.
...
006 (17167635.914.000) 06/25 23:24:00 Image size of job updated: 6361848
	6213  -  MemoryUsage of job (MB)
	6361848  -  ResidentSetSize of job (KB)
...
040 (17167635.901.000) 06/25 23:24:13 Started transferring output files
...
040 (17167635.901.000) 06/25 23:24:13 Finished transferring output files
...
005 (17167635.901.000) 06/25 23:24:13 Job terminated.
	(1) Normal termination (return value 0)
		Usr 0 00:36:02, Sys 0 00:00:23  -  Run Remote Usage
		Usr 0 00:00:00, Sys 0 00:00:00  -  Run Local Usage
		Usr 0 00:36:02, Sys 0 00:00:23  -  Total Remote Usage
		Usr 0 00:00:00, Sys 0 00:00:00  -  Total Local Usage
	3529831  -  Run Bytes Sent By Job
	2804  -  Run Bytes Received By Job
	3529831  -  Total Bytes Sent By Job
	2804  -  Total Bytes Received By Job
	Partitionable Resources :    Usage  Request Allocated 
	   Cpus                 :     0.99        3         3 
	   Disk (KB)            :  3474           3      6969 
	   GPUs                 :                           0 
	   Memory (MB)          :  6175        9000      9000 
	   TimeExecute (s)      :  2251                       
	   TimeSlotBusy (s)     :  2252                       

	Job terminated of its own accord at 2025-06-25T21:24:13Z with exit-code 0.
...
006 (17167635.849.000) 06/25 23:24:13 Image size of job updated: 6317304
	6087  -  MemoryUsage of job (MB)
	6233080  -  ResidentSetSize of job (KB)
...
006 (17167635.884.000) 06/25 23:24:19 Image size of job updated: 6357804
	6209  -  MemoryUsage of job (MB)
	6357804  -  ResidentSetSize of job (KB)
...
006 (17167635.885.000) 06/25 23:24:26 Image size of job updated: 6321540
	6174  -  MemoryUsage of job (MB)
	6321540  -  ResidentSetSize of job (KB)
...
006 (17167635.917.000) 06/25 23:24:32 Image size of job updated: 6324140
	6176  -  MemoryUsage of job (MB)
	6323828  -  ResidentSetSize of job (KB)
...
040 (17167635.917.000) 06/25 23:24:32 Started transferring output files
...
040 (17167635.917.000) 06/25 23:24:33 Finished transferring output files
...
005 (17167635.917.000) 06/25 23:24:33 Job terminated.
	(1) Normal termination (return value 1)
		Usr 0 00:34:05, Sys 0 00:00:19  -  Run Remote Usage
		Usr 0 00:00:00, Sys 0 00:00:00  -  Run Local Usage
		Usr 0 00:34:05, Sys 0 00:00:19  -  Total Remote Usage
		Usr 0 00:00:00, Sys 0 00:00:00  -  Total Local Usage
	2891259  -  Run Bytes Sent By Job
	2804  -  Run Bytes Received By Job
	2891259  -  Total Bytes Sent By Job
	2804  -  Total Bytes Received By Job
	Partitionable Resources :    Usage  Request Allocated 
	   Cpus                 :     0.99        3         3 
	   Disk (KB)            :  2850           3      3573 
	   GPUs                 :                           0 
	   Memory (MB)          :  6176        9000      9000 
	   TimeExecute (s)      :  2119                       
	   TimeSlotBusy (s)     :  2121                       

	Job terminated of its own accord at 2025-06-25T21:24:32Z with exit-code 1.
...
006 (17167635.922.000) 06/25 23:24:43 Image size of job updated: 6343904
	6196  -  MemoryUsage of job (MB)
	6343904  -  ResidentSetSize of job (KB)
...
006 (17167635.920.000) 06/25 23:24:44 Image size of job updated: 6307896
	6160  -  MemoryUsage of job (MB)
	6307584  -  ResidentSetSize of job (KB)
...
006 (17167635.924.000) 06/25 23:24:53 Image size of job updated: 6339260
	6191  -  MemoryUsage of job (MB)
	6338952  -  ResidentSetSize of job (KB)
...
040 (17167635.856.000) 06/25 23:24:55 Started transferring output files
...
040 (17167635.856.000) 06/25 23:24:56 Finished transferring output files
...
005 (17167635.856.000) 06/25 23:24:56 Job terminated.
	(1) Normal termination (return value 0)
		Usr 0 00:43:33, Sys 0 00:00:23  -  Run Remote Usage
		Usr 0 00:00:00, Sys 0 00:00:00  -  Run Local Usage
		Usr 0 00:43:33, Sys 0 00:00:23  -  Total Remote Usage
		Usr 0 00:00:00, Sys 0 00:00:00  -  Total Local Usage
	3587027  -  Run Bytes Sent By Job
	2804  -  Run Bytes Received By Job
	3587027  -  Total Bytes Sent By Job
	2804  -  Total Bytes Received By Job
	Partitionable Resources :    Usage  Request Allocated 
	   Cpus                 :     0.98        3         3 
	   Disk (KB)            :  3529           3   2828923 
	   Memory (MB)          :  6319        9000      9000 
	   TimeExecute (s)      :  2699                       
	   TimeSlotBusy (s)     :  2701                       

	Job terminated of its own accord at 2025-06-25T21:24:55Z with exit-code 0.
...
006 (17167635.927.000) 06/25 23:24:59 Image size of job updated: 6341420
	6193  -  MemoryUsage of job (MB)
	6341420  -  ResidentSetSize of job (KB)
...
040 (17167635.861.000) 06/25 23:25:10 Started transferring output files
...
040 (17167635.861.000) 06/25 23:25:10 Finished transferring output files
...
005 (17167635.861.000) 06/25 23:25:10 Job terminated.
	(1) Normal termination (return value 0)
		Usr 0 00:42:49, Sys 0 00:00:29  -  Run Remote Usage
		Usr 0 00:00:00, Sys 0 00:00:00  -  Run Local Usage
		Usr 0 00:42:49, Sys 0 00:00:29  -  Total Remote Usage
		Usr 0 00:00:00, Sys 0 00:00:00  -  Total Local Usage
	3617120  -  Run Bytes Sent By Job
	2804  -  Run Bytes Received By Job
	3617120  -  Total Bytes Sent By Job
	2804  -  Total Bytes Received By Job
	Partitionable Resources :    Usage  Request Allocated 
	   Cpus                 :     0.99        3         3 
	   Disk (KB)            :  3559           3      3656 
	   GPUs                 :                           0 
	   Memory (MB)          :  6213        9000      9000 
	   TimeExecute (s)      :  2663                       
	   TimeSlotBusy (s)     :  2664                       

	Job terminated of its own accord at 2025-06-25T21:25:10Z with exit-code 0.
...
040 (17167635.858.000) 06/25 23:25:11 Started transferring output files
...
040 (17167635.858.000) 06/25 23:25:12 Finished transferring output files
...
005 (17167635.858.000) 06/25 23:25:12 Job terminated.
	(1) Normal termination (return value 0)
		Usr 0 00:43:12, Sys 0 00:00:30  -  Run Remote Usage
		Usr 0 00:00:00, Sys 0 00:00:00  -  Run Local Usage
		Usr 0 00:43:12, Sys 0 00:00:30  -  Total Remote Usage
		Usr 0 00:00:00, Sys 0 00:00:00  -  Total Local Usage
	3567300  -  Run Bytes Sent By Job
	2804  -  Run Bytes Received By Job
	3567300  -  Total Bytes Sent By Job
	2804  -  Total Bytes Received By Job
	Partitionable Resources :    Usage  Request Allocated 
	   Cpus                 :     0.99        3         3 
	   Disk (KB)            :  3510           3      3669 
	   GPUs                 :                           0 
	   Memory (MB)          :  6210        9000      9000 
	   TimeExecute (s)      :  2703                       
	   TimeSlotBusy (s)     :  2706                       

	Job terminated of its own accord at 2025-06-25T21:25:11Z with exit-code 0.
...
040 (17167635.853.000) 06/25 23:25:14 Started transferring output files
...
040 (17167635.853.000) 06/25 23:25:14 Finished transferring output files
...
005 (17167635.853.000) 06/25 23:25:14 Job terminated.
	(1) Normal termination (return value 1)
		Usr 0 00:43:28, Sys 0 00:00:52  -  Run Remote Usage
		Usr 0 00:00:00, Sys 0 00:00:00  -  Run Local Usage
		Usr 0 00:43:28, Sys 0 00:00:52  -  Total Remote Usage
		Usr 0 00:00:00, Sys 0 00:00:00  -  Total Local Usage
	3494229  -  Run Bytes Sent By Job
	2804  -  Run Bytes Received By Job
	3494229  -  Total Bytes Sent By Job
	2804  -  Total Bytes Received By Job
	Partitionable Resources :    Usage  Request Allocated 
	   Cpus                 :     0.99        3         3 
	   Disk (KB)            :  3439           3      3688 
	   GPUs                 :                           0 
	   Memory (MB)          :  6189        9000      9000 
	   TimeExecute (s)      :  2742                       
	   TimeSlotBusy (s)     :  2744                       

	Job terminated of its own accord at 2025-06-25T21:25:14Z with exit-code 1.
...
040 (17167635.854.000) 06/25 23:25:18 Started transferring output files
...
040 (17167635.854.000) 06/25 23:25:18 Finished transferring output files
...
005 (17167635.854.000) 06/25 23:25:18 Job terminated.
	(1) Normal termination (return value 0)
		Usr 0 00:43:55, Sys 0 00:00:23  -  Run Remote Usage
		Usr 0 00:00:00, Sys 0 00:00:00  -  Run Local Usage
		Usr 0 00:43:55, Sys 0 00:00:23  -  Total Remote Usage
		Usr 0 00:00:00, Sys 0 00:00:00  -  Total Local Usage
	3546761  -  Run Bytes Sent By Job
	2804  -  Run Bytes Received By Job
	3546761  -  Total Bytes Sent By Job
	2804  -  Total Bytes Received By Job
	Partitionable Resources :    Usage  Request Allocated 
	   Cpus                 :     0.86        3         3 
	   Disk (KB)            :  3495           3      3390 
	   GPUs                 :                           0 
	   Memory (MB)          :  6182        9000      9000 
	   TimeExecute (s)      :  2743                       
	   TimeSlotBusy (s)     :  2745                       

	Job terminated of its own accord at 2025-06-25T21:25:18Z with exit-code 0.
...
006 (17167635.888.000) 06/25 23:25:31 Image size of job updated: 6325884
	6178  -  MemoryUsage of job (MB)
	6325884  -  ResidentSetSize of job (KB)
...
006 (17167635.890.000) 06/25 23:25:42 Image size of job updated: 6321000
	6173  -  MemoryUsage of job (MB)
	6320680  -  ResidentSetSize of job (KB)
...
006 (17167635.860.000) 06/25 23:25:52 Image size of job updated: 6344832
	6196  -  MemoryUsage of job (MB)
	6344512  -  ResidentSetSize of job (KB)
...
006 (17167635.894.000) 06/25 23:25:54 Image size of job updated: 6310300
	6163  -  MemoryUsage of job (MB)
	6309984  -  ResidentSetSize of job (KB)
...
040 (17167635.841.000) 06/25 23:26:22 Started transferring output files
...
040 (17167635.841.000) 06/25 23:26:22 Finished transferring output files
...
005 (17167635.841.000) 06/25 23:26:22 Job terminated.
	(1) Normal termination (return value 0)
		Usr 0 00:46:46, Sys 0 00:00:40  -  Run Remote Usage
		Usr 0 00:00:00, Sys 0 00:00:00  -  Run Local Usage
		Usr 0 00:46:46, Sys 0 00:00:40  -  Total Remote Usage
		Usr 0 00:00:00, Sys 0 00:00:00  -  Total Local Usage
	3568384  -  Run Bytes Sent By Job
	2804  -  Run Bytes Received By Job
	3568384  -  Total Bytes Sent By Job
	2804  -  Total Bytes Received By Job
	Partitionable Resources :    Usage  Request Allocated 
	   Cpus                 :     0.99        3         3 
	   Disk (KB)            :  3512           3      3849 
	   GPUs                 :                           0 
	   Memory (MB)          :  6192        9000      9000 
	   TimeExecute (s)      :  2946                       
	   TimeSlotBusy (s)     :  2947                       

	Job terminated of its own accord at 2025-06-25T21:26:22Z with exit-code 0.
...
040 (17167635.846.000) 06/25 23:26:27 Started transferring output files
...
040 (17167635.879.000) 06/25 23:26:27 Started transferring output files
...
040 (17167635.846.000) 06/25 23:26:28 Finished transferring output files
...
005 (17167635.846.000) 06/25 23:26:28 Job terminated.
	(1) Normal termination (return value 0)
		Usr 0 00:46:58, Sys 0 00:00:25  -  Run Remote Usage
		Usr 0 00:00:00, Sys 0 00:00:00  -  Run Local Usage
		Usr 0 00:46:58, Sys 0 00:00:25  -  Total Remote Usage
		Usr 0 00:00:00, Sys 0 00:00:00  -  Total Local Usage
	3556819  -  Run Bytes Sent By Job
	2804  -  Run Bytes Received By Job
	3556819  -  Total Bytes Sent By Job
	2804  -  Total Bytes Received By Job
	Partitionable Resources :    Usage  Request Allocated 
	   Cpus                 :     0.99        3         3 
	   Disk (KB)            :  3500           3      3675 
	   GPUs                 :                           0 
	   Memory (MB)          :  6203        9000      9000 
	   TimeExecute (s)      :  2909                       
	   TimeSlotBusy (s)     :  2911                       

	Job terminated of its own accord at 2025-06-25T21:26:27Z with exit-code 0.
...
040 (17167635.879.000) 06/25 23:26:28 Finished transferring output files
...
005 (17167635.879.000) 06/25 23:26:28 Job terminated.
	(1) Normal termination (return value 0)
		Usr 0 00:41:24, Sys 0 00:00:25  -  Run Remote Usage
		Usr 0 00:00:00, Sys 0 00:00:00  -  Run Local Usage
		Usr 0 00:41:24, Sys 0 00:00:25  -  Total Remote Usage
		Usr 0 00:00:00, Sys 0 00:00:00  -  Total Local Usage
	3593779  -  Run Bytes Sent By Job
	2804  -  Run Bytes Received By Job
	3593779  -  Total Bytes Sent By Job
	2804  -  Total Bytes Received By Job
	Partitionable Resources :    Usage  Request Allocated 
	   Cpus                 :     0.99        3         3 
	   Disk (KB)            :  3539           3      3673 
	   GPUs                 :                           0 
	   Memory (MB)          :  6182        9000      9000 
	   TimeExecute (s)      :  2581                       
	   TimeSlotBusy (s)     :  2583                       

	Job terminated of its own accord at 2025-06-25T21:26:27Z with exit-code 0.
...
006 (17167635.899.000) 06/25 23:26:28 Image size of job updated: 6528392
	6350  -  MemoryUsage of job (MB)
	6502284  -  ResidentSetSize of job (KB)
...
040 (17167635.844.000) 06/25 23:26:37 Started transferring output files
...
040 (17167635.844.000) 06/25 23:26:37 Finished transferring output files
...
005 (17167635.844.000) 06/25 23:26:37 Job terminated.
	(1) Normal termination (return value 0)
		Usr 0 00:47:01, Sys 0 00:00:36  -  Run Remote Usage
		Usr 0 00:00:00, Sys 0 00:00:00  -  Run Local Usage
		Usr 0 00:47:01, Sys 0 00:00:36  -  Total Remote Usage
		Usr 0 00:00:00, Sys 0 00:00:00  -  Total Local Usage
	3590238  -  Run Bytes Sent By Job
	2804  -  Run Bytes Received By Job
	3590238  -  Total Bytes Sent By Job
	2804  -  Total Bytes Received By Job
	Partitionable Resources :    Usage  Request Allocated 
	   Cpus                 :     0.98        3         3 
	   Disk (KB)            :  3533           3      3738 
	   GPUs                 :                           0 
	   Memory (MB)          :  6175        9000      9000 
	   TimeExecute (s)      :  2931                       
	   TimeSlotBusy (s)     :  2932                       

	Job terminated of its own accord at 2025-06-25T21:26:37Z with exit-code 0.
...
006 (17167635.902.000) 06/25 23:27:00 Image size of job updated: 6326480
	6179  -  MemoryUsage of job (MB)
	6326480  -  ResidentSetSize of job (KB)
...
040 (17167635.890.000) 06/25 23:27:07 Started transferring output files
...
040 (17167635.890.000) 06/25 23:27:07 Finished transferring output files
...
005 (17167635.890.000) 06/25 23:27:07 Job terminated.
	(1) Normal termination (return value 0)
		Usr 0 00:39:56, Sys 0 00:00:22  -  Run Remote Usage
		Usr 0 00:00:00, Sys 0 00:00:00  -  Run Local Usage
		Usr 0 00:39:56, Sys 0 00:00:22  -  Total Remote Usage
		Usr 0 00:00:00, Sys 0 00:00:00  -  Total Local Usage
	3628270  -  Run Bytes Sent By Job
	2804  -  Run Bytes Received By Job
	3628270  -  Total Bytes Sent By Job
	2804  -  Total Bytes Received By Job
	Partitionable Resources :    Usage  Request Allocated 
	   Cpus                 :     0.99        3         3 
	   Disk (KB)            :  3570           3      6738 
	   GPUs                 :                           0 
	   Memory (MB)          :  6173        9000      9000 
	   TimeExecute (s)      :  2504                       
	   TimeSlotBusy (s)     :  2505                       

	Job terminated of its own accord at 2025-06-25T21:27:07Z with exit-code 0.
...
040 (17167635.924.000) 06/25 23:27:08 Started transferring output files
...
040 (17167635.924.000) 06/25 23:27:09 Finished transferring output files
...
005 (17167635.924.000) 06/25 23:27:09 Job terminated.
	(1) Normal termination (return value 0)
		Usr 0 00:35:43, Sys 0 00:00:19  -  Run Remote Usage
		Usr 0 00:00:00, Sys 0 00:00:00  -  Run Local Usage
		Usr 0 00:35:43, Sys 0 00:00:19  -  Total Remote Usage
		Usr 0 00:00:00, Sys 0 00:00:00  -  Total Local Usage
	3579089  -  Run Bytes Sent By Job
	2804  -  Run Bytes Received By Job
	3579089  -  Total Bytes Sent By Job
	2804  -  Total Bytes Received By Job
	Partitionable Resources :    Usage  Request Allocated 
	   Cpus                 :     0.99        3         3 
	   Disk (KB)            :  3522           3      6876 
	   GPUs                 :                           0 
	   Memory (MB)          :  6191        9000      9000 
	   TimeExecute (s)      :  2252                       
	   TimeSlotBusy (s)     :  2255                       

	Job terminated of its own accord at 2025-06-25T21:27:08Z with exit-code 0.
...
006 (17167635.868.000) 06/25 23:27:19 Image size of job updated: 6324644
	6177  -  MemoryUsage of job (MB)
	6324328  -  ResidentSetSize of job (KB)
...
040 (17167635.872.000) 06/25 23:27:20 Started transferring output files
...
040 (17167635.872.000) 06/25 23:27:20 Finished transferring output files
...
005 (17167635.872.000) 06/25 23:27:20 Job terminated.
	(1) Normal termination (return value 0)
		Usr 0 00:43:00, Sys 0 00:00:21  -  Run Remote Usage
		Usr 0 00:00:00, Sys 0 00:00:00  -  Run Local Usage
		Usr 0 00:43:00, Sys 0 00:00:21  -  Total Remote Usage
		Usr 0 00:00:00, Sys 0 00:00:00  -  Total Local Usage
	3579009  -  Run Bytes Sent By Job
	2804  -  Run Bytes Received By Job
	3579009  -  Total Bytes Sent By Job
	2804  -  Total Bytes Received By Job
	Partitionable Resources :    Usage  Request Allocated 
	   Cpus                 :     0.89        3         3 
	   Disk (KB)            :  3522           3      3792 
	   GPUs                 :                           0 
	   Memory (MB)          :  6211        9000      9000 
	   TimeExecute (s)      :  2687                       
	   TimeSlotBusy (s)     :  2688                       

	Job terminated of its own accord at 2025-06-25T21:27:20Z with exit-code 0.
...
006 (17167635.905.000) 06/25 23:27:21 Image size of job updated: 6324544
	6176  -  MemoryUsage of job (MB)
	6324224  -  ResidentSetSize of job (KB)
...
006 (17167635.909.000) 06/25 23:27:31 Image size of job updated: 6357128
	6209  -  MemoryUsage of job (MB)
	6357128  -  ResidentSetSize of job (KB)
...
006 (17167635.908.000) 06/25 23:27:33 Image size of job updated: 6446696
	6296  -  MemoryUsage of job (MB)
	6446696  -  ResidentSetSize of job (KB)
...
040 (17167635.842.000) 06/25 23:27:38 Started transferring output files
...
040 (17167635.842.000) 06/25 23:27:39 Finished transferring output files
...
005 (17167635.842.000) 06/25 23:27:39 Job terminated.
	(1) Normal termination (return value 0)
		Usr 0 00:48:13, Sys 0 00:00:39  -  Run Remote Usage
		Usr 0 00:00:00, Sys 0 00:00:00  -  Run Local Usage
		Usr 0 00:48:13, Sys 0 00:00:39  -  Total Remote Usage
		Usr 0 00:00:00, Sys 0 00:00:00  -  Total Local Usage
	3592553  -  Run Bytes Sent By Job
	2804  -  Run Bytes Received By Job
	3592553  -  Total Bytes Sent By Job
	2804  -  Total Bytes Received By Job
	Partitionable Resources :    Usage  Request Allocated 
	   Cpus                 :     0.97        3         3 
	   Disk (KB)            :  3535           3      3708 
	   GPUs                 :                           0 
	   Memory (MB)          :  6201        9000      9000 
	   TimeExecute (s)      :  3010                       
	   TimeSlotBusy (s)     :  3012                       

	Job terminated of its own accord at 2025-06-25T21:27:38Z with exit-code 0.
...
040 (17167635.857.000) 06/25 23:27:51 Started transferring output files
...
040 (17167635.857.000) 06/25 23:27:51 Finished transferring output files
...
005 (17167635.857.000) 06/25 23:27:51 Job terminated.
	(1) Normal termination (return value 0)
		Usr 0 00:46:06, Sys 0 00:00:32  -  Run Remote Usage
		Usr 0 00:00:00, Sys 0 00:00:00  -  Run Local Usage
		Usr 0 00:46:06, Sys 0 00:00:32  -  Total Remote Usage
		Usr 0 00:00:00, Sys 0 00:00:00  -  Total Local Usage
	3589964  -  Run Bytes Sent By Job
	2804  -  Run Bytes Received By Job
	3589964  -  Total Bytes Sent By Job
	2804  -  Total Bytes Received By Job
	Partitionable Resources :    Usage  Request Allocated 
	   Cpus                 :     0.99        3         3 
	   Disk (KB)            :  3533           3      3919 
	   GPUs                 :                           0 
	   Memory (MB)          :  6186        9000      9000 
	   TimeExecute (s)      :  2874                       
	   TimeSlotBusy (s)     :  2875                       

	Job terminated of its own accord at 2025-06-25T21:27:51Z with exit-code 0.
...
006 (17167635.910.000) 06/25 23:27:56 Image size of job updated: 6248304
	6102  -  MemoryUsage of job (MB)
	6248304  -  ResidentSetSize of job (KB)
...
006 (17167635.845.000) 06/25 23:28:05 Image size of job updated: 6321152
	6173  -  MemoryUsage of job (MB)
	6320836  -  ResidentSetSize of job (KB)
...
040 (17167635.880.000) 06/25 23:28:09 Started transferring output files
...
040 (17167635.880.000) 06/25 23:28:09 Finished transferring output files
...
005 (17167635.880.000) 06/25 23:28:09 Job terminated.
	(1) Normal termination (return value 0)
		Usr 0 00:43:08, Sys 0 00:00:23  -  Run Remote Usage
		Usr 0 00:00:00, Sys 0 00:00:00  -  Run Local Usage
		Usr 0 00:43:08, Sys 0 00:00:23  -  Total Remote Usage
		Usr 0 00:00:00, Sys 0 00:00:00  -  Total Local Usage
	3581426  -  Run Bytes Sent By Job
	2804  -  Run Bytes Received By Job
	3581426  -  Total Bytes Sent By Job
	2804  -  Total Bytes Received By Job
	Partitionable Resources :    Usage  Request Allocated 
	   Cpus                 :     0.99        3         3 
	   Disk (KB)            :  3527           3      3672 
	   GPUs                 :                           0 
	   Memory (MB)          :  6152        9000      9000 
	   TimeExecute (s)      :  2679                       
	   TimeSlotBusy (s)     :  2681                       

	Job terminated of its own accord at 2025-06-25T21:28:09Z with exit-code 0.
...
040 (17167635.850.000) 06/25 23:28:09 Started transferring output files
...
040 (17167635.850.000) 06/25 23:28:09 Finished transferring output files
...
005 (17167635.850.000) 06/25 23:28:09 Job terminated.
	(1) Normal termination (return value 0)
		Usr 0 00:47:05, Sys 0 00:00:40  -  Run Remote Usage
		Usr 0 00:00:00, Sys 0 00:00:00  -  Run Local Usage
		Usr 0 00:47:05, Sys 0 00:00:40  -  Total Remote Usage
		Usr 0 00:00:00, Sys 0 00:00:00  -  Total Local Usage
	3535431  -  Run Bytes Sent By Job
	2804  -  Run Bytes Received By Job
	3535431  -  Total Bytes Sent By Job
	2804  -  Total Bytes Received By Job
	Partitionable Resources :    Usage  Request Allocated 
	   Cpus                 :     0.99        3         3 
	   Disk (KB)            :  3479           3      3680 
	   GPUs                 :                           0 
	   Memory (MB)          :  6173        9000      9000 
	   TimeExecute (s)      :  2952                       
	   TimeSlotBusy (s)     :  2953                       

	Job terminated of its own accord at 2025-06-25T21:28:09Z with exit-code 0.
...
040 (17167635.905.000) 06/25 23:28:12 Started transferring output files
...
040 (17167635.905.000) 06/25 23:28:12 Finished transferring output files
...
005 (17167635.905.000) 06/25 23:28:12 Job terminated.
	(1) Normal termination (return value 0)
		Usr 0 00:39:51, Sys 0 00:00:19  -  Run Remote Usage
		Usr 0 00:00:00, Sys 0 00:00:00  -  Run Local Usage
		Usr 0 00:39:51, Sys 0 00:00:19  -  Total Remote Usage
		Usr 0 00:00:00, Sys 0 00:00:00  -  Total Local Usage
	3590352  -  Run Bytes Sent By Job
	2804  -  Run Bytes Received By Job
	3590352  -  Total Bytes Sent By Job
	2804  -  Total Bytes Received By Job
	Partitionable Resources :    Usage  Request Allocated 
	   Cpus                 :     0.99        3         3 
	   Disk (KB)            :  3533           3      6930 
	   GPUs                 :                           0 
	   Memory (MB)          :  6176        9000      9000 
	   TimeExecute (s)      :  2470                       
	   TimeSlotBusy (s)     :  2471                       

	Job terminated of its own accord at 2025-06-25T21:28:12Z with exit-code 0.
...
006 (17167635.876.000) 06/25 23:28:27 Image size of job updated: 6357044
	6209  -  MemoryUsage of job (MB)
	6357044  -  ResidentSetSize of job (KB)
...
040 (17167635.920.000) 06/25 23:28:29 Started transferring output files
...
040 (17167635.920.000) 06/25 23:28:29 Finished transferring output files
...
005 (17167635.920.000) 06/25 23:28:29 Job terminated.
	(1) Normal termination (return value 0)
		Usr 0 00:37:28, Sys 0 00:00:27  -  Run Remote Usage
		Usr 0 00:00:00, Sys 0 00:00:00  -  Run Local Usage
		Usr 0 00:37:28, Sys 0 00:00:27  -  Total Remote Usage
		Usr 0 00:00:00, Sys 0 00:00:00  -  Total Local Usage
	3609585  -  Run Bytes Sent By Job
	2804  -  Run Bytes Received By Job
	3609585  -  Total Bytes Sent By Job
	2804  -  Total Bytes Received By Job
	Partitionable Resources :    Usage  Request Allocated 
	   Cpus                 :     0.98        3         3 
	   Disk (KB)            :  3551           3      6876 
	   GPUs                 :                           0 
	   Memory (MB)          :  6160        9000      9000 
	   TimeExecute (s)      :  2343                       
	   TimeSlotBusy (s)     :  2344                       

	Job terminated of its own accord at 2025-06-25T21:28:29Z with exit-code 0.
...
040 (17167635.868.000) 06/25 23:28:37 Started transferring output files
...
040 (17167635.868.000) 06/25 23:28:37 Finished transferring output files
...
005 (17167635.868.000) 06/25 23:28:37 Job terminated.
	(1) Normal termination (return value 0)
		Usr 0 00:44:52, Sys 0 00:00:29  -  Run Remote Usage
		Usr 0 00:00:00, Sys 0 00:00:00  -  Run Local Usage
		Usr 0 00:44:52, Sys 0 00:00:29  -  Total Remote Usage
		Usr 0 00:00:00, Sys 0 00:00:00  -  Total Local Usage
	3583356  -  Run Bytes Sent By Job
	2804  -  Run Bytes Received By Job
	3583356  -  Total Bytes Sent By Job
	2804  -  Total Bytes Received By Job
	Partitionable Resources :    Usage  Request Allocated 
	   Cpus                 :     0.99        3         3 
	   Disk (KB)            :  3526           3      6693 
	   GPUs                 :                           0 
	   Memory (MB)          :  6177        9000      9000 
	   TimeExecute (s)      :  2798                       
	   TimeSlotBusy (s)     :  2799                       

	Job terminated of its own accord at 2025-06-25T21:28:37Z with exit-code 0.
...
006 (17167635.912.000) 06/25 23:28:37 Image size of job updated: 6335540
	6188  -  MemoryUsage of job (MB)
	6335540  -  ResidentSetSize of job (KB)
...
006 (17167635.881.000) 06/25 23:28:47 Image size of job updated: 6463052
	6312  -  MemoryUsage of job (MB)
	6463052  -  ResidentSetSize of job (KB)
...
040 (17167635.870.000) 06/25 23:28:53 Started transferring output files
...
040 (17167635.870.000) 06/25 23:28:53 Finished transferring output files
...
005 (17167635.870.000) 06/25 23:28:53 Job terminated.
	(1) Normal termination (return value 0)
		Usr 0 00:45:05, Sys 0 00:00:24  -  Run Remote Usage
		Usr 0 00:00:00, Sys 0 00:00:00  -  Run Local Usage
		Usr 0 00:45:05, Sys 0 00:00:24  -  Total Remote Usage
		Usr 0 00:00:00, Sys 0 00:00:00  -  Total Local Usage
	3565823  -  Run Bytes Sent By Job
	2804  -  Run Bytes Received By Job
	3565823  -  Total Bytes Sent By Job
	2804  -  Total Bytes Received By Job
	Partitionable Resources :    Usage  Request Allocated 
	   Cpus                 :     0.99        3         3 
	   Disk (KB)            :  3509           3      3738 
	   GPUs                 :                           0 
	   Memory (MB)          :  6212        9000      9000 
	   TimeExecute (s)      :  2794                       
	   TimeSlotBusy (s)     :  2795                       

	Job terminated of its own accord at 2025-06-25T21:28:53Z with exit-code 0.
...
040 (17167635.889.000) 06/25 23:28:55 Started transferring output files
...
040 (17167635.889.000) 06/25 23:28:55 Finished transferring output files
...
005 (17167635.889.000) 06/25 23:28:56 Job terminated.
	(1) Normal termination (return value 0)
		Usr 0 00:42:09, Sys 0 00:00:21  -  Run Remote Usage
		Usr 0 00:00:00, Sys 0 00:00:00  -  Run Local Usage
		Usr 0 00:42:09, Sys 0 00:00:21  -  Total Remote Usage
		Usr 0 00:00:00, Sys 0 00:00:00  -  Total Local Usage
	3567293  -  Run Bytes Sent By Job
	2804  -  Run Bytes Received By Job
	3567293  -  Total Bytes Sent By Job
	2804  -  Total Bytes Received By Job
	Partitionable Resources :    Usage  Request Allocated 
	   Cpus                 :     0.99        3         3 
	   Disk (KB)            :  3510           3      3667 
	   GPUs                 :                           0 
	   Memory (MB)          :  6097        9000      9000 
	   TimeExecute (s)      :  2617                       
	   TimeSlotBusy (s)     :  2618                       

	Job terminated of its own accord at 2025-06-25T21:28:55Z with exit-code 0.
...
040 (17167635.894.000) 06/25 23:28:56 Started transferring output files
...
040 (17167635.894.000) 06/25 23:28:56 Finished transferring output files
...
005 (17167635.894.000) 06/25 23:28:56 Job terminated.
	(1) Normal termination (return value 0)
		Usr 0 00:41:28, Sys 0 00:00:31  -  Run Remote Usage
		Usr 0 00:00:00, Sys 0 00:00:00  -  Run Local Usage
		Usr 0 00:41:28, Sys 0 00:00:31  -  Total Remote Usage
		Usr 0 00:00:00, Sys 0 00:00:00  -  Total Local Usage
	3557997  -  Run Bytes Sent By Job
	2804  -  Run Bytes Received By Job
	3557997  -  Total Bytes Sent By Job
	2804  -  Total Bytes Received By Job
	Partitionable Resources :    Usage  Request Allocated 
	   Cpus                 :     0.99        3         3 
	   Disk (KB)            :  3501           3      3579 
	   GPUs                 :                           0 
	   Memory (MB)          :  6163        9000      9000 
	   TimeExecute (s)      :  2601                       
	   TimeSlotBusy (s)     :  2602                       

	Job terminated of its own accord at 2025-06-25T21:28:56Z with exit-code 0.
...
006 (17167635.847.000) 06/25 23:29:00 Image size of job updated: 6304548
	6157  -  MemoryUsage of job (MB)
	6304232  -  ResidentSetSize of job (KB)
...
006 (17167635.914.000) 06/25 23:29:01 Image size of job updated: 6361872
	6213  -  MemoryUsage of job (MB)
	6361872  -  ResidentSetSize of job (KB)
...
006 (17167635.915.000) 06/25 23:29:08 Image size of job updated: 6321604
	6174  -  MemoryUsage of job (MB)
	6321280  -  ResidentSetSize of job (KB)
...
040 (17167635.893.000) 06/25 23:29:19 Started transferring output files
...
040 (17167635.893.000) 06/25 23:29:19 Finished transferring output files
...
005 (17167635.893.000) 06/25 23:29:19 Job terminated.
	(1) Normal termination (return value 0)
		Usr 0 00:42:20, Sys 0 00:00:23  -  Run Remote Usage
		Usr 0 00:00:00, Sys 0 00:00:00  -  Run Local Usage
		Usr 0 00:42:20, Sys 0 00:00:23  -  Total Remote Usage
		Usr 0 00:00:00, Sys 0 00:00:00  -  Total Local Usage
	3574823  -  Run Bytes Sent By Job
	2804  -  Run Bytes Received By Job
	3574823  -  Total Bytes Sent By Job
	2804  -  Total Bytes Received By Job
	Partitionable Resources :    Usage  Request Allocated 
	   Cpus                 :     0.99        3         3 
	   Disk (KB)            :  3517           3      3731 
	   GPUs                 :                           0 
	   Memory (MB)          :  6195        9000      9000 
	   TimeExecute (s)      :  2628                       
	   TimeSlotBusy (s)     :  2629                       

	Job terminated of its own accord at 2025-06-25T21:29:19Z with exit-code 0.
...
006 (17167635.885.000) 06/25 23:29:27 Image size of job updated: 6321860
	6174  -  MemoryUsage of job (MB)
	6321540  -  ResidentSetSize of job (KB)
...
006 (17167635.916.000) 06/25 23:29:29 Image size of job updated: 6337908
	6190  -  MemoryUsage of job (MB)
	6337908  -  ResidentSetSize of job (KB)
...
006 (17167635.886.000) 06/25 23:29:36 Image size of job updated: 6344880
	6196  -  MemoryUsage of job (MB)
	6344568  -  ResidentSetSize of job (KB)
...
040 (17167635.897.000) 06/25 23:29:37 Started transferring output files
...
040 (17167635.897.000) 06/25 23:29:37 Finished transferring output files
...
005 (17167635.897.000) 06/25 23:29:37 Job terminated.
	(1) Normal termination (return value 0)
		Usr 0 00:42:07, Sys 0 00:00:26  -  Run Remote Usage
		Usr 0 00:00:00, Sys 0 00:00:00  -  Run Local Usage
		Usr 0 00:42:07, Sys 0 00:00:26  -  Total Remote Usage
		Usr 0 00:00:00, Sys 0 00:00:00  -  Total Local Usage
	3581458  -  Run Bytes Sent By Job
	2804  -  Run Bytes Received By Job
	3581458  -  Total Bytes Sent By Job
	2804  -  Total Bytes Received By Job
	Partitionable Resources :    Usage  Request Allocated 
	   Cpus                 :     0.82        3         3 
	   Disk (KB)            :  3524           3      3648 
	   GPUs                 :                           0 
	   Memory (MB)          :  6193        9000      9000 
	   TimeExecute (s)      :  2614                       
	   TimeSlotBusy (s)     :  2616                       

	Job terminated of its own accord at 2025-06-25T21:29:37Z with exit-code 0.
...
006 (17167635.921.000) 06/25 23:29:43 Image size of job updated: 6313384
	6166  -  MemoryUsage of job (MB)
	6313068  -  ResidentSetSize of job (KB)
...
006 (17167635.922.000) 06/25 23:29:44 Image size of job updated: 6343960
	6196  -  MemoryUsage of job (MB)
	6343960  -  ResidentSetSize of job (KB)
...
040 (17167635.921.000) 06/25 23:29:44 Started transferring output files
...
040 (17167635.921.000) 06/25 23:29:44 Finished transferring output files
...
005 (17167635.921.000) 06/25 23:29:44 Job terminated.
	(1) Normal termination (return value 0)
		Usr 0 00:38:37, Sys 0 00:00:25  -  Run Remote Usage
		Usr 0 00:00:00, Sys 0 00:00:00  -  Run Local Usage
		Usr 0 00:38:37, Sys 0 00:00:25  -  Total Remote Usage
		Usr 0 00:00:00, Sys 0 00:00:00  -  Total Local Usage
	3643780  -  Run Bytes Sent By Job
	2804  -  Run Bytes Received By Job
	3643780  -  Total Bytes Sent By Job
	2804  -  Total Bytes Received By Job
	Partitionable Resources :    Usage  Request Allocated 
	   Cpus                 :     0.99        3         3 
	   Disk (KB)            :  3585           3      6834 
	   GPUs                 :                           0 
	   Memory (MB)          :  6166        9000      9000 
	   TimeExecute (s)      :  2418                       
	   TimeSlotBusy (s)     :  2419                       

	Job terminated of its own accord at 2025-06-25T21:29:44Z with exit-code 0.
...
006 (17167635.926.000) 06/25 23:29:54 Image size of job updated: 6353172
	6205  -  MemoryUsage of job (MB)
	6353172  -  ResidentSetSize of job (KB)
...
040 (17167635.847.000) 06/25 23:30:38 Started transferring output files
...
040 (17167635.847.000) 06/25 23:30:38 Finished transferring output files
...
005 (17167635.847.000) 06/25 23:30:38 Job terminated.
	(1) Normal termination (return value 0)
		Usr 0 00:50:09, Sys 0 00:00:30  -  Run Remote Usage
		Usr 0 00:00:00, Sys 0 00:00:00  -  Run Local Usage
		Usr 0 00:50:09, Sys 0 00:00:30  -  Total Remote Usage
		Usr 0 00:00:00, Sys 0 00:00:00  -  Total Local Usage
	3575528  -  Run Bytes Sent By Job
	2804  -  Run Bytes Received By Job
	3575528  -  Total Bytes Sent By Job
	2804  -  Total Bytes Received By Job
	Partitionable Resources :    Usage  Request Allocated 
	   Cpus                 :     0.99        3         3 
	   Disk (KB)            :  3519           3      3802 
	   GPUs                 :                           0 
	   Memory (MB)          :  6157        9000      9000 
	   TimeExecute (s)      :  3116                       
	   TimeSlotBusy (s)     :  3117                       

	Job terminated of its own accord at 2025-06-25T21:30:38Z with exit-code 0.
...
040 (17167635.886.000) 06/25 23:30:40 Started transferring output files
...
040 (17167635.886.000) 06/25 23:30:40 Finished transferring output files
...
005 (17167635.886.000) 06/25 23:30:40 Job terminated.
	(1) Normal termination (return value 0)
		Usr 0 00:44:51, Sys 0 00:00:23  -  Run Remote Usage
		Usr 0 00:00:00, Sys 0 00:00:00  -  Run Local Usage
		Usr 0 00:44:51, Sys 0 00:00:23  -  Total Remote Usage
		Usr 0 00:00:00, Sys 0 00:00:00  -  Total Local Usage
	3603426  -  Run Bytes Sent By Job
	2804  -  Run Bytes Received By Job
	3603426  -  Total Bytes Sent By Job
	2804  -  Total Bytes Received By Job
	Partitionable Resources :    Usage  Request Allocated 
	   Cpus                 :     0.99        3         3 
	   Disk (KB)            :  3546           3      3766 
	   GPUs                 :                           0 
	   Memory (MB)          :  6196        9000      9000 
	   TimeExecute (s)      :  2781                       
	   TimeSlotBusy (s)     :  2782                       

	Job terminated of its own accord at 2025-06-25T21:30:40Z with exit-code 0.
...
040 (17167635.898.000) 06/25 23:31:04 Started transferring output files
...
040 (17167635.898.000) 06/25 23:31:04 Finished transferring output files
...
005 (17167635.898.000) 06/25 23:31:04 Job terminated.
	(1) Normal termination (return value 0)
		Usr 0 00:43:26, Sys 0 00:00:24  -  Run Remote Usage
		Usr 0 00:00:00, Sys 0 00:00:00  -  Run Local Usage
		Usr 0 00:43:26, Sys 0 00:00:24  -  Total Remote Usage
		Usr 0 00:00:00, Sys 0 00:00:00  -  Total Local Usage
	3556751  -  Run Bytes Sent By Job
	2804  -  Run Bytes Received By Job
	3556751  -  Total Bytes Sent By Job
	2804  -  Total Bytes Received By Job
	Partitionable Resources :    Usage  Request Allocated 
	   Cpus                 :     0.98        3         3 
	   Disk (KB)            :  3500           3      3718 
	   GPUs                 :                           0 
	   Memory (MB)          :  6181        9000      9000 
	   TimeExecute (s)      :  2689                       
	   TimeSlotBusy (s)     :  2690                       

	Job terminated of its own accord at 2025-06-25T21:31:04Z with exit-code 0.
...
040 (17167635.845.000) 06/25 23:31:07 Started transferring output files
...
040 (17167635.845.000) 06/25 23:31:07 Finished transferring output files
...
005 (17167635.845.000) 06/25 23:31:07 Job terminated.
	(1) Normal termination (return value 0)
		Usr 0 00:51:13, Sys 0 00:00:35  -  Run Remote Usage
		Usr 0 00:00:00, Sys 0 00:00:00  -  Run Local Usage
		Usr 0 00:51:13, Sys 0 00:00:35  -  Total Remote Usage
		Usr 0 00:00:00, Sys 0 00:00:00  -  Total Local Usage
	3597924  -  Run Bytes Sent By Job
	2804  -  Run Bytes Received By Job
	3597924  -  Total Bytes Sent By Job
	2804  -  Total Bytes Received By Job
	Partitionable Resources :    Usage  Request Allocated 
	   Cpus                 :     0.94        3         3 
	   Disk (KB)            :  3540           3      3692 
	   GPUs                 :                           0 
	   Memory (MB)          :  6173        9000      9000 
	   TimeExecute (s)      :  3200                       
	   TimeSlotBusy (s)     :  3201                       

	Job terminated of its own accord at 2025-06-25T21:31:07Z with exit-code 0.
...
006 (17167635.862.000) 06/25 23:31:08 Image size of job updated: 6305424
	6158  -  MemoryUsage of job (MB)
	6305028  -  ResidentSetSize of job (KB)
...
040 (17167635.849.000) 06/25 23:31:14 Started transferring output files
...
040 (17167635.849.000) 06/25 23:31:14 Finished transferring output files
...
005 (17167635.849.000) 06/25 23:31:14 Job terminated.
	(1) Normal termination (return value 0)
		Usr 0 00:50:32, Sys 0 00:00:29  -  Run Remote Usage
		Usr 0 00:00:00, Sys 0 00:00:00  -  Run Local Usage
		Usr 0 00:50:32, Sys 0 00:00:29  -  Total Remote Usage
		Usr 0 00:00:00, Sys 0 00:00:00  -  Total Local Usage
	3602150  -  Run Bytes Sent By Job
	2804  -  Run Bytes Received By Job
	3602150  -  Total Bytes Sent By Job
	2804  -  Total Bytes Received By Job
	Partitionable Resources :    Usage  Request Allocated 
	   Cpus                 :     0.99        3         3 
	   Disk (KB)            :  3544           3      3778 
	   GPUs                 :                           0 
	   Memory (MB)          :  6087        9000      9000 
	   TimeExecute (s)      :  3140                       
	   TimeSlotBusy (s)     :  3141                       

	Job terminated of its own accord at 2025-06-25T21:31:14Z with exit-code 0.
...
040 (17167635.904.000) 06/25 23:31:21 Started transferring output files
...
040 (17167635.904.000) 06/25 23:31:21 Finished transferring output files
...
005 (17167635.904.000) 06/25 23:31:21 Job terminated.
	(1) Normal termination (return value 0)
		Usr 0 00:42:55, Sys 0 00:00:22  -  Run Remote Usage
		Usr 0 00:00:00, Sys 0 00:00:00  -  Run Local Usage
		Usr 0 00:42:55, Sys 0 00:00:22  -  Total Remote Usage
		Usr 0 00:00:00, Sys 0 00:00:00  -  Total Local Usage
	3600201  -  Run Bytes Sent By Job
	2804  -  Run Bytes Received By Job
	3600201  -  Total Bytes Sent By Job
	2804  -  Total Bytes Received By Job
	Partitionable Resources :    Usage  Request Allocated 
	   Cpus                 :     0.63        3         3 
	   Disk (KB)            :  3543           3      3529 
	   GPUs                 :                           0 
	   Memory (MB)          :  6172        9000      9000 
	   TimeExecute (s)      :  2661                       
	   TimeSlotBusy (s)     :  2662                       

	Job terminated of its own accord at 2025-06-25T21:31:21Z with exit-code 0.
...
040 (17167635.864.000) 06/25 23:31:23 Started transferring output files
...
040 (17167635.864.000) 06/25 23:31:24 Finished transferring output files
...
005 (17167635.864.000) 06/25 23:31:24 Job terminated.
	(1) Normal termination (return value 0)
		Usr 0 00:48:03, Sys 0 00:00:42  -  Run Remote Usage
		Usr 0 00:00:00, Sys 0 00:00:00  -  Run Local Usage
		Usr 0 00:48:03, Sys 0 00:00:42  -  Total Remote Usage
		Usr 0 00:00:00, Sys 0 00:00:00  -  Total Local Usage
	3536990  -  Run Bytes Sent By Job
	2804  -  Run Bytes Received By Job
	3536990  -  Total Bytes Sent By Job
	2804  -  Total Bytes Received By Job
	Partitionable Resources :    Usage  Request Allocated 
	   Cpus                 :     0.99        3         3 
	   Disk (KB)            :  3481           3      3732 
	   GPUs                 :                           0 
	   Memory (MB)          :  6180        9000      9000 
	   TimeExecute (s)      :  3023                       
	   TimeSlotBusy (s)     :  3026                       

	Job terminated of its own accord at 2025-06-25T21:31:23Z with exit-code 0.
...
040 (17167635.891.000) 06/25 23:31:25 Started transferring output files
...
040 (17167635.891.000) 06/25 23:31:25 Finished transferring output files
...
005 (17167635.891.000) 06/25 23:31:25 Job terminated.
	(1) Normal termination (return value 0)
		Usr 0 00:44:08, Sys 0 00:00:31  -  Run Remote Usage
		Usr 0 00:00:00, Sys 0 00:00:00  -  Run Local Usage
		Usr 0 00:44:08, Sys 0 00:00:31  -  Total Remote Usage
		Usr 0 00:00:00, Sys 0 00:00:00  -  Total Local Usage
	3591245  -  Run Bytes Sent By Job
	2804  -  Run Bytes Received By Job
	3591245  -  Total Bytes Sent By Job
	2804  -  Total Bytes Received By Job
	Partitionable Resources :    Usage  Request Allocated 
	   Cpus                 :     0.99        3         3 
	   Disk (KB)            :  3534           3      3628 
	   GPUs                 :                           0 
	   Memory (MB)          :  6162        9000      9000 
	   TimeExecute (s)      :  2758                       
	   TimeSlotBusy (s)     :  2759                       

	Job terminated of its own accord at 2025-06-25T21:31:25Z with exit-code 0.
...
006 (17167635.867.000) 06/25 23:31:34 Image size of job updated: 6318296
	6170  -  MemoryUsage of job (MB)
	6317972  -  ResidentSetSize of job (KB)
...
040 (17167635.906.000) 06/25 23:31:45 Started transferring output files
...
040 (17167635.906.000) 06/25 23:31:45 Finished transferring output files
...
005 (17167635.906.000) 06/25 23:31:45 Job terminated.
	(1) Normal termination (return value 0)
		Usr 0 00:43:15, Sys 0 00:00:24  -  Run Remote Usage
		Usr 0 00:00:00, Sys 0 00:00:00  -  Run Local Usage
		Usr 0 00:43:15, Sys 0 00:00:24  -  Total Remote Usage
		Usr 0 00:00:00, Sys 0 00:00:00  -  Total Local Usage
	3593781  -  Run Bytes Sent By Job
	2804  -  Run Bytes Received By Job
	3593781  -  Total Bytes Sent By Job
	2804  -  Total Bytes Received By Job
	Partitionable Resources :    Usage  Request Allocated 
	   Cpus                 :     0.99        3         3 
	   Disk (KB)            :  3536           3      3723 
	   GPUs                 :                           0 
	   Memory (MB)          :  6208        9000      9000 
	   TimeExecute (s)      :  2680                       
	   TimeSlotBusy (s)     :  2681                       

	Job terminated of its own accord at 2025-06-25T21:31:45Z with exit-code 0.
...
040 (17167635.899.000) 06/25 23:31:47 Started transferring output files
...
040 (17167635.899.000) 06/25 23:31:47 Finished transferring output files
...
005 (17167635.899.000) 06/25 23:31:47 Job terminated.
	(1) Normal termination (return value 0)
		Usr 0 00:44:01, Sys 0 00:00:23  -  Run Remote Usage
		Usr 0 00:00:00, Sys 0 00:00:00  -  Run Local Usage
		Usr 0 00:44:01, Sys 0 00:00:23  -  Total Remote Usage
		Usr 0 00:00:00, Sys 0 00:00:00  -  Total Local Usage
	3598540  -  Run Bytes Sent By Job
	2804  -  Run Bytes Received By Job
	3598540  -  Total Bytes Sent By Job
	2804  -  Total Bytes Received By Job
	Partitionable Resources :    Usage  Request Allocated 
	   Cpus                 :     0.98        3         3 
	   Disk (KB)            :  3540           3   2609997 
	   Memory (MB)          :  6350        9000      9000 
	   TimeExecute (s)      :  2732                       
	   TimeSlotBusy (s)     :  2733                       

	Job terminated of its own accord at 2025-06-25T21:31:47Z with exit-code 0.
...
006 (17167635.903.000) 06/25 23:32:05 Image size of job updated: 6341064
	6193  -  MemoryUsage of job (MB)
	6340752  -  ResidentSetSize of job (KB)
...
040 (17167635.860.000) 06/25 23:32:11 Started transferring output files
...
040 (17167635.860.000) 06/25 23:32:11 Finished transferring output files
...
005 (17167635.860.000) 06/25 23:32:11 Job terminated.
	(1) Normal termination (return value 0)
		Usr 0 00:49:47, Sys 0 00:00:30  -  Run Remote Usage
		Usr 0 00:00:00, Sys 0 00:00:00  -  Run Local Usage
		Usr 0 00:49:47, Sys 0 00:00:30  -  Total Remote Usage
		Usr 0 00:00:00, Sys 0 00:00:00  -  Total Local Usage
	3572747  -  Run Bytes Sent By Job
	2804  -  Run Bytes Received By Job
	3572747  -  Total Bytes Sent By Job
	2804  -  Total Bytes Received By Job
	Partitionable Resources :    Usage  Request Allocated 
	   Cpus                 :     0.98        3         3 
	   Disk (KB)            :  3516           3      3748 
	   GPUs                 :                           0 
	   Memory (MB)          :  6196        9000      9000 
	   TimeExecute (s)      :  3099                       
	   TimeSlotBusy (s)     :  3100                       

	Job terminated of its own accord at 2025-06-25T21:32:11Z with exit-code 0.
...
006 (17167635.908.000) 06/25 23:32:33 Image size of job updated: 6459988
	6309  -  MemoryUsage of job (MB)
	6459988  -  ResidentSetSize of job (KB)
...
006 (17167635.875.000) 06/25 23:32:59 Image size of job updated: 6316784
	6169  -  MemoryUsage of job (MB)
	6316460  -  ResidentSetSize of job (KB)
...
040 (17167635.915.000) 06/25 23:33:07 Started transferring output files
...
040 (17167635.915.000) 06/25 23:33:07 Finished transferring output files
...
005 (17167635.915.000) 06/25 23:33:07 Job terminated.
	(1) Normal termination (return value 1)
		Usr 0 00:42:41, Sys 0 00:00:22  -  Run Remote Usage
		Usr 0 00:00:00, Sys 0 00:00:00  -  Run Local Usage
		Usr 0 00:42:41, Sys 0 00:00:22  -  Total Remote Usage
		Usr 0 00:00:00, Sys 0 00:00:00  -  Total Local Usage
	3394631  -  Run Bytes Sent By Job
	2804  -  Run Bytes Received By Job
	3394631  -  Total Bytes Sent By Job
	2804  -  Total Bytes Received By Job
	Partitionable Resources :    Usage  Request Allocated 
	   Cpus                 :     0.98        3         3 
	   Disk (KB)            :  3342           3      6890 
	   GPUs                 :                           0 
	   Memory (MB)          :  6174        9000      9000 
	   TimeExecute (s)      :  2656                       
	   TimeSlotBusy (s)     :  2657                       

	Job terminated of its own accord at 2025-06-25T21:33:07Z with exit-code 1.
...
006 (17167635.911.000) 06/25 23:33:16 Image size of job updated: 6324704
	6177  -  MemoryUsage of job (MB)
	6324392  -  ResidentSetSize of job (KB)
...
040 (17167635.885.000) 06/25 23:33:22 Started transferring output files
...
040 (17167635.885.000) 06/25 23:33:22 Finished transferring output files
...
005 (17167635.885.000) 06/25 23:33:22 Job terminated.
	(1) Normal termination (return value 0)
		Usr 0 00:47:01, Sys 0 00:00:37  -  Run Remote Usage
		Usr 0 00:00:00, Sys 0 00:00:00  -  Run Local Usage
		Usr 0 00:47:01, Sys 0 00:00:37  -  Total Remote Usage
		Usr 0 00:00:00, Sys 0 00:00:00  -  Total Local Usage
	3562079  -  Run Bytes Sent By Job
	2804  -  Run Bytes Received By Job
	3562079  -  Total Bytes Sent By Job
	2804  -  Total Bytes Received By Job
	Partitionable Resources :    Usage  Request Allocated 
	   Cpus                 :     0.99        3         3 
	   Disk (KB)            :  3505           3      3722 
	   GPUs                 :                           0 
	   Memory (MB)          :  6174        9000      9000 
	   TimeExecute (s)      :  2954                       
	   TimeSlotBusy (s)     :  2955                       

	Job terminated of its own accord at 2025-06-25T21:33:22Z with exit-code 0.
...
040 (17167635.910.000) 06/25 23:33:28 Started transferring output files
...
040 (17167635.910.000) 06/25 23:33:28 Finished transferring output files
...
005 (17167635.910.000) 06/25 23:33:28 Job terminated.
	(1) Normal termination (return value 0)
		Usr 0 00:44:20, Sys 0 00:00:25  -  Run Remote Usage
		Usr 0 00:00:00, Sys 0 00:00:00  -  Run Local Usage
		Usr 0 00:44:20, Sys 0 00:00:25  -  Total Remote Usage
		Usr 0 00:00:00, Sys 0 00:00:00  -  Total Local Usage
	3586283  -  Run Bytes Sent By Job
	2804  -  Run Bytes Received By Job
	3586283  -  Total Bytes Sent By Job
	2804  -  Total Bytes Received By Job
	Partitionable Resources :    Usage  Request Allocated 
	   Cpus                 :     0.99        3         3 
	   Disk (KB)            :  3529           3      3800 
	   GPUs                 :                           0 
	   Memory (MB)          :  6102        9000      9000 
	   TimeExecute (s)      :  2746                       
	   TimeSlotBusy (s)     :  2747                       

	Job terminated of its own accord at 2025-06-25T21:33:28Z with exit-code 0.
...
040 (17167635.862.000) 06/25 23:33:53 Started transferring output files
...
040 (17167635.862.000) 06/25 23:33:53 Finished transferring output files
...
005 (17167635.862.000) 06/25 23:33:53 Job terminated.
	(1) Normal termination (return value 0)
		Usr 0 00:50:59, Sys 0 00:00:31  -  Run Remote Usage
		Usr 0 00:00:00, Sys 0 00:00:00  -  Run Local Usage
		Usr 0 00:50:59, Sys 0 00:00:31  -  Total Remote Usage
		Usr 0 00:00:00, Sys 0 00:00:00  -  Total Local Usage
	3579721  -  Run Bytes Sent By Job
	2804  -  Run Bytes Received By Job
	3579721  -  Total Bytes Sent By Job
	2804  -  Total Bytes Received By Job
	Partitionable Resources :    Usage  Request Allocated 
	   Cpus                 :     0.99        3         3 
	   Disk (KB)            :  3523           3      3534 
	   GPUs                 :                           0 
	   Memory (MB)          :  6158        9000      9000 
	   TimeExecute (s)      :  3184                       
	   TimeSlotBusy (s)     :  3185                       

	Job terminated of its own accord at 2025-06-25T21:33:53Z with exit-code 0.
...
006 (17167635.914.000) 06/25 23:34:01 Image size of job updated: 6361944
	6213  -  MemoryUsage of job (MB)
	6361944  -  ResidentSetSize of job (KB)
...
040 (17167635.867.000) 06/25 23:34:03 Started transferring output files
...
040 (17167635.867.000) 06/25 23:34:03 Finished transferring output files
...
005 (17167635.867.000) 06/25 23:34:03 Job terminated.
	(1) Normal termination (return value 0)
		Usr 0 00:51:43, Sys 0 00:00:14  -  Run Remote Usage
		Usr 0 00:00:00, Sys 0 00:00:00  -  Run Local Usage
		Usr 0 00:51:43, Sys 0 00:00:14  -  Total Remote Usage
		Usr 0 00:00:00, Sys 0 00:00:00  -  Total Local Usage
	3576567  -  Run Bytes Sent By Job
	2804  -  Run Bytes Received By Job
	3576567  -  Total Bytes Sent By Job
	2804  -  Total Bytes Received By Job
	Partitionable Resources :    Usage  Request Allocated 
	   Cpus                 :     0.99        3         3 
	   Disk (KB)            :  3519           3      3969 
	   GPUs                 :                           0 
	   Memory (MB)          :  6170        9000      9000 
	   TimeExecute (s)      :  3168                       
	   TimeSlotBusy (s)     :  3169                       

	Job terminated of its own accord at 2025-06-25T21:34:03Z with exit-code 0.
...
006 (17167635.918.000) 06/25 23:34:27 Image size of job updated: 6358576
	6210  -  MemoryUsage of job (MB)
	6358576  -  ResidentSetSize of job (KB)
...
006 (17167635.916.000) 06/25 23:34:30 Image size of job updated: 6338236
	6190  -  MemoryUsage of job (MB)
	6337908  -  ResidentSetSize of job (KB)
...
006 (17167635.887.000) 06/25 23:34:43 Image size of job updated: 6316160
	6168  -  MemoryUsage of job (MB)
	6315844  -  ResidentSetSize of job (KB)
...
040 (17167635.928.000) 06/25 23:34:44 Started transferring output files
...
040 (17167635.928.000) 06/25 23:34:44 Finished transferring output files
...
005 (17167635.928.000) 06/25 23:34:44 Job terminated.
	(1) Normal termination (return value 0)
		Usr 0 00:43:09, Sys 0 00:00:31  -  Run Remote Usage
		Usr 0 00:00:00, Sys 0 00:00:00  -  Run Local Usage
		Usr 0 00:43:09, Sys 0 00:00:31  -  Total Remote Usage
		Usr 0 00:00:00, Sys 0 00:00:00  -  Total Local Usage
	3585353  -  Run Bytes Sent By Job
	2804  -  Run Bytes Received By Job
	3585353  -  Total Bytes Sent By Job
	2804  -  Total Bytes Received By Job
	Partitionable Resources :    Usage  Request Allocated 
	   Cpus                 :     0.99        3         3 
	   Disk (KB)            :  3528           3      3815 
	   GPUs                 :                           0 
	   Memory (MB)          :  6174        9000      9000 
	   TimeExecute (s)      :  2691                       
	   TimeSlotBusy (s)     :  2692                       

	Job terminated of its own accord at 2025-06-25T21:34:44Z with exit-code 0.
...
006 (17167635.922.000) 06/25 23:34:44 Image size of job updated: 6344244
	6196  -  MemoryUsage of job (MB)
	6344244  -  ResidentSetSize of job (KB)
...
040 (17167635.863.000) 06/25 23:35:05 Started transferring output files
...
040 (17167635.863.000) 06/25 23:35:05 Finished transferring output files
...
005 (17167635.863.000) 06/25 23:35:05 Job terminated.
	(1) Normal termination (return value 0)
		Usr 0 00:51:42, Sys 0 00:00:43  -  Run Remote Usage
		Usr 0 00:00:00, Sys 0 00:00:00  -  Run Local Usage
		Usr 0 00:51:42, Sys 0 00:00:43  -  Total Remote Usage
		Usr 0 00:00:00, Sys 0 00:00:00  -  Total Local Usage
	3540259  -  Run Bytes Sent By Job
	2804  -  Run Bytes Received By Job
	3540259  -  Total Bytes Sent By Job
	2804  -  Total Bytes Received By Job
	Partitionable Resources :    Usage  Request Allocated 
	   Cpus                 :     0.89        3         3 
	   Disk (KB)            :  3484           3      3750 
	   GPUs                 :                           0 
	   Memory (MB)          :  6177        9000      9000 
	   TimeExecute (s)      :  3250                       
	   TimeSlotBusy (s)     :  3251                       

	Job terminated of its own accord at 2025-06-25T21:35:05Z with exit-code 0.
...
040 (17167635.923.000) 06/25 23:35:10 Started transferring output files
...
040 (17167635.923.000) 06/25 23:35:10 Finished transferring output files
...
005 (17167635.923.000) 06/25 23:35:10 Job terminated.
	(1) Normal termination (return value 0)
		Usr 0 00:44:02, Sys 0 00:00:23  -  Run Remote Usage
		Usr 0 00:00:00, Sys 0 00:00:00  -  Run Local Usage
		Usr 0 00:44:02, Sys 0 00:00:23  -  Total Remote Usage
		Usr 0 00:00:00, Sys 0 00:00:00  -  Total Local Usage
	3590711  -  Run Bytes Sent By Job
	2804  -  Run Bytes Received By Job
	3590711  -  Total Bytes Sent By Job
	2804  -  Total Bytes Received By Job
	Partitionable Resources :    Usage  Request Allocated 
	   Cpus                 :     0.65        3         3 
	   Disk (KB)            :  3537           3      3661 
	   GPUs                 :                           0 
	   Memory (MB)          :  6172        9000      9000 
	   TimeExecute (s)      :  2735                       
	   TimeSlotBusy (s)     :  2736                       

	Job terminated of its own accord at 2025-06-25T21:35:10Z with exit-code 0.
...
040 (17167635.884.000) 06/25 23:35:27 Started transferring output files
...
040 (17167635.884.000) 06/25 23:35:27 Finished transferring output files
...
005 (17167635.884.000) 06/25 23:35:27 Job terminated.
	(1) Normal termination (return value 0)
		Usr 0 00:49:36, Sys 0 00:00:29  -  Run Remote Usage
		Usr 0 00:00:00, Sys 0 00:00:00  -  Run Local Usage
		Usr 0 00:49:36, Sys 0 00:00:29  -  Total Remote Usage
		Usr 0 00:00:00, Sys 0 00:00:00  -  Total Local Usage
	3613152  -  Run Bytes Sent By Job
	2804  -  Run Bytes Received By Job
	3613152  -  Total Bytes Sent By Job
	2804  -  Total Bytes Received By Job
	Partitionable Resources :    Usage  Request Allocated 
	   Cpus                 :     0.99        3         3 
	   Disk (KB)            :  3555           3      3627 
	   GPUs                 :                           0 
	   Memory (MB)          :  6209        9000      9000 
	   TimeExecute (s)      :  3082                       
	   TimeSlotBusy (s)     :  3083                       

	Job terminated of its own accord at 2025-06-25T21:35:27Z with exit-code 0.
...
040 (17167635.902.000) 06/25 23:35:28 Started transferring output files
...
040 (17167635.902.000) 06/25 23:35:28 Finished transferring output files
...
005 (17167635.902.000) 06/25 23:35:28 Job terminated.
	(1) Normal termination (return value 0)
		Usr 0 00:46:36, Sys 0 00:00:39  -  Run Remote Usage
		Usr 0 00:00:00, Sys 0 00:00:00  -  Run Local Usage
		Usr 0 00:46:36, Sys 0 00:00:39  -  Total Remote Usage
		Usr 0 00:00:00, Sys 0 00:00:00  -  Total Local Usage
	3562145  -  Run Bytes Sent By Job
	2804  -  Run Bytes Received By Job
	3562145  -  Total Bytes Sent By Job
	2804  -  Total Bytes Received By Job
	Partitionable Resources :    Usage  Request Allocated 
	   Cpus                 :     0.98        3         3 
	   Disk (KB)            :  3505           3      3734 
	   GPUs                 :                           0 
	   Memory (MB)          :  6179        9000      9000 
	   TimeExecute (s)      :  2921                       
	   TimeSlotBusy (s)     :  2922                       

	Job terminated of its own accord at 2025-06-25T21:35:28Z with exit-code 0.
...
040 (17167635.911.000) 06/25 23:35:31 Started transferring output files
...
040 (17167635.911.000) 06/25 23:35:31 Finished transferring output files
...
005 (17167635.911.000) 06/25 23:35:31 Job terminated.
	(1) Normal termination (return value 0)
		Usr 0 00:45:47, Sys 0 00:00:29  -  Run Remote Usage
		Usr 0 00:00:00, Sys 0 00:00:00  -  Run Local Usage
		Usr 0 00:45:47, Sys 0 00:00:29  -  Total Remote Usage
		Usr 0 00:00:00, Sys 0 00:00:00  -  Total Local Usage
	3580599  -  Run Bytes Sent By Job
	2804  -  Run Bytes Received By Job
	3580599  -  Total Bytes Sent By Job
	2804  -  Total Bytes Received By Job
	Partitionable Resources :    Usage  Request Allocated 
	   Cpus                 :     0.99        3         3 
	   Disk (KB)            :  3526           3      3652 
	   GPUs                 :                           0 
	   Memory (MB)          :  6177        9000      9000 
	   TimeExecute (s)      :  2855                       
	   TimeSlotBusy (s)     :  2856                       

	Job terminated of its own accord at 2025-06-25T21:35:31Z with exit-code 0.
...
006 (17167635.895.000) 06/25 23:35:37 Image size of job updated: 6303020
	6155  -  MemoryUsage of job (MB)
	6302696  -  ResidentSetSize of job (KB)
...
040 (17167635.895.000) 06/25 23:35:37 Started transferring output files
...
040 (17167635.895.000) 06/25 23:35:37 Finished transferring output files
...
005 (17167635.895.000) 06/25 23:35:37 Job terminated.
	(1) Normal termination (return value 1)
		Usr 0 00:48:10, Sys 0 00:00:24  -  Run Remote Usage
		Usr 0 00:00:00, Sys 0 00:00:00  -  Run Local Usage
		Usr 0 00:48:10, Sys 0 00:00:24  -  Total Remote Usage
		Usr 0 00:00:00, Sys 0 00:00:00  -  Total Local Usage
	3072831  -  Run Bytes Sent By Job
	2804  -  Run Bytes Received By Job
	3072831  -  Total Bytes Sent By Job
	2804  -  Total Bytes Received By Job
	Partitionable Resources :    Usage  Request Allocated 
	   Cpus                 :     0.99        3         3 
	   Disk (KB)            :  3029           3      3636 
	   GPUs                 :                           0 
	   Memory (MB)          :  6155        9000      9000 
	   TimeExecute (s)      :  2993                       
	   TimeSlotBusy (s)     :  2994                       

	Job terminated of its own accord at 2025-06-25T21:35:37Z with exit-code 1.
...
040 (17167635.859.000) 06/25 23:35:55 Started transferring output files
...
040 (17167635.859.000) 06/25 23:35:56 Finished transferring output files
...
005 (17167635.859.000) 06/25 23:35:56 Job terminated.
	(1) Normal termination (return value 0)
		Usr 0 00:53:17, Sys 0 00:00:39  -  Run Remote Usage
		Usr 0 00:00:00, Sys 0 00:00:00  -  Run Local Usage
		Usr 0 00:53:17, Sys 0 00:00:39  -  Total Remote Usage
		Usr 0 00:00:00, Sys 0 00:00:00  -  Total Local Usage
	3631968  -  Run Bytes Sent By Job
	2804  -  Run Bytes Received By Job
	3631968  -  Total Bytes Sent By Job
	2804  -  Total Bytes Received By Job
	Partitionable Resources :    Usage  Request Allocated 
	   Cpus                 :     0.99        3         3 
	   Disk (KB)            :  3573           3      3810 
	   GPUs                 :                           0 
	   Memory (MB)          :  6162        9000      9000 
	   TimeExecute (s)      :  3330                       
	   TimeSlotBusy (s)     :  3332                       

	Job terminated of its own accord at 2025-06-25T21:35:55Z with exit-code 0.
...
040 (17167635.878.000) 06/25 23:36:08 Started transferring output files
...
040 (17167635.878.000) 06/25 23:36:09 Finished transferring output files
...
005 (17167635.878.000) 06/25 23:36:09 Job terminated.
	(1) Normal termination (return value 0)
		Usr 0 00:50:42, Sys 0 00:00:40  -  Run Remote Usage
		Usr 0 00:00:00, Sys 0 00:00:00  -  Run Local Usage
		Usr 0 00:50:42, Sys 0 00:00:40  -  Total Remote Usage
		Usr 0 00:00:00, Sys 0 00:00:00  -  Total Local Usage
	3587841  -  Run Bytes Sent By Job
	2804  -  Run Bytes Received By Job
	3587841  -  Total Bytes Sent By Job
	2804  -  Total Bytes Received By Job
	Partitionable Resources :    Usage  Request Allocated 
	   Cpus                 :     0.98        3         3 
	   Disk (KB)            :  3530           3      3812 
	   GPUs                 :                           0 
	   Memory (MB)          :  6192        9000      9000 
	   TimeExecute (s)      :  3166                       
	   TimeSlotBusy (s)     :  3168                       

	Job terminated of its own accord at 2025-06-25T21:36:08Z with exit-code 0.
...
006 (17167635.896.000) 06/25 23:36:12 Image size of job updated: 6322612
	6175  -  MemoryUsage of job (MB)
	6322296  -  ResidentSetSize of job (KB)
...
040 (17167635.871.000) 06/25 23:36:37 Started transferring output files
...
040 (17167635.871.000) 06/25 23:36:37 Finished transferring output files
...
005 (17167635.871.000) 06/25 23:36:37 Job terminated.
	(1) Normal termination (return value 0)
		Usr 0 00:51:27, Sys 0 00:00:52  -  Run Remote Usage
		Usr 0 00:00:00, Sys 0 00:00:00  -  Run Local Usage
		Usr 0 00:51:27, Sys 0 00:00:52  -  Total Remote Usage
		Usr 0 00:00:00, Sys 0 00:00:00  -  Total Local Usage
	3605529  -  Run Bytes Sent By Job
	2804  -  Run Bytes Received By Job
	3605529  -  Total Bytes Sent By Job
	2804  -  Total Bytes Received By Job
	Partitionable Resources :    Usage  Request Allocated 
	   Cpus                 :     0.97        3         3 
	   Disk (KB)            :  3547           3      3912 
	   GPUs                 :                           0 
	   Memory (MB)          :  6176        9000      9000 
	   TimeExecute (s)      :  3245                       
	   TimeSlotBusy (s)     :  3246                       

	Job terminated of its own accord at 2025-06-25T21:36:37Z with exit-code 0.
...
040 (17167635.881.000) 06/25 23:36:42 Started transferring output files
...
040 (17167635.881.000) 06/25 23:36:43 Finished transferring output files
...
005 (17167635.881.000) 06/25 23:36:43 Job terminated.
	(1) Normal termination (return value 0)
		Usr 0 00:50:56, Sys 0 00:00:42  -  Run Remote Usage
		Usr 0 00:00:00, Sys 0 00:00:00  -  Run Local Usage
		Usr 0 00:50:56, Sys 0 00:00:42  -  Total Remote Usage
		Usr 0 00:00:00, Sys 0 00:00:00  -  Total Local Usage
	3572009  -  Run Bytes Sent By Job
	2804  -  Run Bytes Received By Job
	3572009  -  Total Bytes Sent By Job
	2804  -  Total Bytes Received By Job
	Partitionable Resources :    Usage  Request Allocated 
	   Cpus                 :     0.99        3         3 
	   Disk (KB)            :  3515           3      3667 
	   GPUs                 :                           0 
	   Memory (MB)          :  6312        9000      9000 
	   TimeExecute (s)      :  3189                       
	   TimeSlotBusy (s)     :  3191                       

	Job terminated of its own accord at 2025-06-25T21:36:42Z with exit-code 0.
...
040 (17167635.876.000) 06/25 23:36:49 Started transferring output files
...
040 (17167635.876.000) 06/25 23:36:49 Finished transferring output files
...
005 (17167635.876.000) 06/25 23:36:49 Job terminated.
	(1) Normal termination (return value 0)
		Usr 0 00:51:32, Sys 0 00:00:33  -  Run Remote Usage
		Usr 0 00:00:00, Sys 0 00:00:00  -  Run Local Usage
		Usr 0 00:51:32, Sys 0 00:00:33  -  Total Remote Usage
		Usr 0 00:00:00, Sys 0 00:00:00  -  Total Local Usage
	3602386  -  Run Bytes Sent By Job
	2804  -  Run Bytes Received By Job
	3602386  -  Total Bytes Sent By Job
	2804  -  Total Bytes Received By Job
	Partitionable Resources :    Usage  Request Allocated 
	   Cpus                 :     0.99        3         3 
	   Disk (KB)            :  3544           3      3682 
	   GPUs                 :                           0 
	   Memory (MB)          :  6209        9000      9000 
	   TimeExecute (s)      :  3215                       
	   TimeSlotBusy (s)     :  3216                       

	Job terminated of its own accord at 2025-06-25T21:36:49Z with exit-code 0.
...
040 (17167635.919.000) 06/25 23:36:52 Started transferring output files
...
040 (17167635.919.000) 06/25 23:36:52 Finished transferring output files
...
005 (17167635.919.000) 06/25 23:36:52 Job terminated.
	(1) Normal termination (return value 0)
		Usr 0 00:45:52, Sys 0 00:00:33  -  Run Remote Usage
		Usr 0 00:00:00, Sys 0 00:00:00  -  Run Local Usage
		Usr 0 00:45:52, Sys 0 00:00:33  -  Total Remote Usage
		Usr 0 00:00:00, Sys 0 00:00:00  -  Total Local Usage
	3575433  -  Run Bytes Sent By Job
	2804  -  Run Bytes Received By Job
	3575433  -  Total Bytes Sent By Job
	2804  -  Total Bytes Received By Job
	Partitionable Resources :    Usage  Request Allocated 
	   Cpus                 :     0.98        3         3 
	   Disk (KB)            :  3518           3      3752 
	   GPUs                 :                           0 
	   Memory (MB)          :  6207        9000      9000 
	   TimeExecute (s)      :  2852                       
	   TimeSlotBusy (s)     :  2853                       

	Job terminated of its own accord at 2025-06-25T21:36:52Z with exit-code 0.
...
040 (17167635.909.000) 06/25 23:37:19 Started transferring output files
...
040 (17167635.909.000) 06/25 23:37:19 Finished transferring output files
...
005 (17167635.909.000) 06/25 23:37:19 Job terminated.
	(1) Normal termination (return value 0)
		Usr 0 00:48:21, Sys 0 00:00:26  -  Run Remote Usage
		Usr 0 00:00:00, Sys 0 00:00:00  -  Run Local Usage
		Usr 0 00:48:21, Sys 0 00:00:26  -  Total Remote Usage
		Usr 0 00:00:00, Sys 0 00:00:00  -  Total Local Usage
	3596219  -  Run Bytes Sent By Job
	2804  -  Run Bytes Received By Job
	3596219  -  Total Bytes Sent By Job
	2804  -  Total Bytes Received By Job
	Partitionable Resources :    Usage  Request Allocated 
	   Cpus                 :     0.49        3         3 
	   Disk (KB)            :  3539           3      3685 
	   GPUs                 :                           0 
	   Memory (MB)          :  6209        9000      9000 
	   TimeExecute (s)      :  2999                       
	   TimeSlotBusy (s)     :  3000                       

	Job terminated of its own accord at 2025-06-25T21:37:19Z with exit-code 0.
...
040 (17167635.903.000) 06/25 23:37:26 Started transferring output files
...
040 (17167635.903.000) 06/25 23:37:27 Finished transferring output files
...
005 (17167635.903.000) 06/25 23:37:27 Job terminated.
	(1) Normal termination (return value 0)
		Usr 0 00:48:50, Sys 0 00:00:28  -  Run Remote Usage
		Usr 0 00:00:00, Sys 0 00:00:00  -  Run Local Usage
		Usr 0 00:48:50, Sys 0 00:00:28  -  Total Remote Usage
		Usr 0 00:00:00, Sys 0 00:00:00  -  Total Local Usage
	3635090  -  Run Bytes Sent By Job
	2804  -  Run Bytes Received By Job
	3635090  -  Total Bytes Sent By Job
	2804  -  Total Bytes Received By Job
	Partitionable Resources :    Usage  Request Allocated 
	   Cpus                 :     0.99        3         3 
	   Disk (KB)            :  3579           3      3787 
	   GPUs                 :                           0 
	   Memory (MB)          :  6193        9000      9000 
	   TimeExecute (s)      :  3038                       
	   TimeSlotBusy (s)     :  3041                       

	Job terminated of its own accord at 2025-06-25T21:37:26Z with exit-code 0.
...
040 (17167635.907.000) 06/25 23:37:41 Started transferring output files
...
040 (17167635.907.000) 06/25 23:37:41 Finished transferring output files
...
005 (17167635.907.000) 06/25 23:37:41 Job terminated.
	(1) Normal termination (return value 0)
		Usr 0 00:48:20, Sys 0 00:00:36  -  Run Remote Usage
		Usr 0 00:00:00, Sys 0 00:00:00  -  Run Local Usage
		Usr 0 00:48:20, Sys 0 00:00:36  -  Total Remote Usage
		Usr 0 00:00:00, Sys 0 00:00:00  -  Total Local Usage
	3566447  -  Run Bytes Sent By Job
	2804  -  Run Bytes Received By Job
	3566447  -  Total Bytes Sent By Job
	2804  -  Total Bytes Received By Job
	Partitionable Resources :    Usage  Request Allocated 
	   Cpus                 :     0.98        3         3 
	   Disk (KB)            :  3510           3      3709 
	   GPUs                 :                           0 
	   Memory (MB)          :  6184        9000      9000 
	   TimeExecute (s)      :  3024                       
	   TimeSlotBusy (s)     :  3025                       

	Job terminated of its own accord at 2025-06-25T21:37:41Z with exit-code 0.
...
040 (17167635.875.000) 06/25 23:37:44 Started transferring output files
...
040 (17167635.875.000) 06/25 23:37:44 Finished transferring output files
...
005 (17167635.875.000) 06/25 23:37:44 Job terminated.
	(1) Normal termination (return value 0)
		Usr 0 00:51:22, Sys 0 00:01:20  -  Run Remote Usage
		Usr 0 00:00:00, Sys 0 00:00:00  -  Run Local Usage
		Usr 0 00:51:22, Sys 0 00:01:20  -  Total Remote Usage
		Usr 0 00:00:00, Sys 0 00:00:00  -  Total Local Usage
	3587500  -  Run Bytes Sent By Job
	2804  -  Run Bytes Received By Job
	3587500  -  Total Bytes Sent By Job
	2804  -  Total Bytes Received By Job
	Partitionable Resources :    Usage  Request Allocated 
	   Cpus                 :     0.97        3         3 
	   Disk (KB)            :  3530           3      3779 
	   GPUs                 :                           0 
	   Memory (MB)          :  6169        9000      9000 
	   TimeExecute (s)      :  3304                       
	   TimeSlotBusy (s)     :  3305                       

	Job terminated of its own accord at 2025-06-25T21:37:44Z with exit-code 0.
...
040 (17167635.927.000) 06/25 23:38:12 Started transferring output files
...
040 (17167635.883.000) 06/25 23:38:12 Started transferring output files
...
040 (17167635.927.000) 06/25 23:38:12 Finished transferring output files
...
005 (17167635.927.000) 06/25 23:38:12 Job terminated.
	(1) Normal termination (return value 0)
		Usr 0 00:46:34, Sys 0 00:00:28  -  Run Remote Usage
		Usr 0 00:00:00, Sys 0 00:00:00  -  Run Local Usage
		Usr 0 00:46:34, Sys 0 00:00:28  -  Total Remote Usage
		Usr 0 00:00:00, Sys 0 00:00:00  -  Total Local Usage
	3588762  -  Run Bytes Sent By Job
	2804  -  Run Bytes Received By Job
	3588762  -  Total Bytes Sent By Job
	2804  -  Total Bytes Received By Job
	Partitionable Resources :    Usage  Request Allocated 
	   Cpus                 :     0.97        3         3 
	   Disk (KB)            :  3531           3      3867 
	   GPUs                 :                           0 
	   Memory (MB)          :  6193        9000      9000 
	   TimeExecute (s)      :  2906                       
	   TimeSlotBusy (s)     :  2907                       

	Job terminated of its own accord at 2025-06-25T21:38:12Z with exit-code 0.
...
040 (17167635.883.000) 06/25 23:38:12 Finished transferring output files
...
005 (17167635.883.000) 06/25 23:38:12 Job terminated.
	(1) Normal termination (return value 0)
		Usr 0 00:51:34, Sys 0 00:00:39  -  Run Remote Usage
		Usr 0 00:00:00, Sys 0 00:00:00  -  Run Local Usage
		Usr 0 00:51:34, Sys 0 00:00:39  -  Total Remote Usage
		Usr 0 00:00:00, Sys 0 00:00:00  -  Total Local Usage
	3545643  -  Run Bytes Sent By Job
	2804  -  Run Bytes Received By Job
	3545643  -  Total Bytes Sent By Job
	2804  -  Total Bytes Received By Job
	Partitionable Resources :    Usage  Request Allocated 
	   Cpus                 :     0.98        3         3 
	   Disk (KB)            :  3492           3      3475 
	   GPUs                 :                           0 
	   Memory (MB)          :  6165        9000      9000 
	   TimeExecute (s)      :  3253                       
	   TimeSlotBusy (s)     :  3254                       

	Job terminated of its own accord at 2025-06-25T21:38:12Z with exit-code 0.
...
040 (17167635.900.000) 06/25 23:38:14 Started transferring output files
...
040 (17167635.900.000) 06/25 23:38:15 Finished transferring output files
...
005 (17167635.900.000) 06/25 23:38:15 Job terminated.
	(1) Normal termination (return value 0)
		Usr 0 00:49:23, Sys 0 00:00:31  -  Run Remote Usage
		Usr 0 00:00:00, Sys 0 00:00:00  -  Run Local Usage
		Usr 0 00:49:23, Sys 0 00:00:31  -  Total Remote Usage
		Usr 0 00:00:00, Sys 0 00:00:00  -  Total Local Usage
	3540347  -  Run Bytes Sent By Job
	2804  -  Run Bytes Received By Job
	3540347  -  Total Bytes Sent By Job
	2804  -  Total Bytes Received By Job
	Partitionable Resources :    Usage  Request Allocated 
	   Cpus                 :     0.99        3         3 
	   Disk (KB)            :  3484           3      3449 
	   GPUs                 :                           0 
	   Memory (MB)          :  6170        9000      9000 
	   TimeExecute (s)      :  3094                       
	   TimeSlotBusy (s)     :  3096                       

	Job terminated of its own accord at 2025-06-25T21:38:14Z with exit-code 0.
...
040 (17167635.925.000) 06/25 23:38:28 Started transferring output files
...
040 (17167635.925.000) 06/25 23:38:28 Finished transferring output files
...
005 (17167635.925.000) 06/25 23:38:28 Job terminated.
	(1) Normal termination (return value 0)
		Usr 0 00:46:10, Sys 0 00:00:53  -  Run Remote Usage
		Usr 0 00:00:00, Sys 0 00:00:00  -  Run Local Usage
		Usr 0 00:46:10, Sys 0 00:00:53  -  Total Remote Usage
		Usr 0 00:00:00, Sys 0 00:00:00  -  Total Local Usage
	3623928  -  Run Bytes Sent By Job
	2804  -  Run Bytes Received By Job
	3623928  -  Total Bytes Sent By Job
	2804  -  Total Bytes Received By Job
	Partitionable Resources :    Usage  Request Allocated 
	   Cpus                 :     0.98        3         3 
	   Disk (KB)            :  3566           3      3813 
	   GPUs                 :                           0 
	   Memory (MB)          :  6173        9000      9000 
	   TimeExecute (s)      :  2928                       
	   TimeSlotBusy (s)     :  2929                       

	Job terminated of its own accord at 2025-06-25T21:38:28Z with exit-code 0.
...
040 (17167635.912.000) 06/25 23:38:29 Started transferring output files
...
040 (17167635.912.000) 06/25 23:38:29 Finished transferring output files
...
005 (17167635.912.000) 06/25 23:38:29 Job terminated.
	(1) Normal termination (return value 0)
		Usr 0 00:48:20, Sys 0 00:00:31  -  Run Remote Usage
		Usr 0 00:00:00, Sys 0 00:00:00  -  Run Local Usage
		Usr 0 00:48:20, Sys 0 00:00:31  -  Total Remote Usage
		Usr 0 00:00:00, Sys 0 00:00:00  -  Total Local Usage
	3615990  -  Run Bytes Sent By Job
	2804  -  Run Bytes Received By Job
	3615990  -  Total Bytes Sent By Job
	2804  -  Total Bytes Received By Job
	Partitionable Resources :    Usage  Request Allocated 
	   Cpus                 :     0.99        3         3 
	   Disk (KB)            :  3558           3      3777 
	   GPUs                 :                           0 
	   Memory (MB)          :  6188        9000      9000 
	   TimeExecute (s)      :  3005                       
	   TimeSlotBusy (s)     :  3006                       

	Job terminated of its own accord at 2025-06-25T21:38:29Z with exit-code 0.
...
006 (17167635.913.000) 06/25 23:38:56 Image size of job updated: 6312700
	6165  -  MemoryUsage of job (MB)
	6312380  -  ResidentSetSize of job (KB)
...
006 (17167635.914.000) 06/25 23:39:01 Image size of job updated: 6362076
	6213  -  MemoryUsage of job (MB)
	6362076  -  ResidentSetSize of job (KB)
...
040 (17167635.896.000) 06/25 23:39:03 Started transferring output files
...
040 (17167635.896.000) 06/25 23:39:03 Finished transferring output files
...
005 (17167635.896.000) 06/25 23:39:03 Job terminated.
	(1) Normal termination (return value 0)
		Usr 0 00:51:16, Sys 0 00:00:28  -  Run Remote Usage
		Usr 0 00:00:00, Sys 0 00:00:00  -  Run Local Usage
		Usr 0 00:51:16, Sys 0 00:00:28  -  Total Remote Usage
		Usr 0 00:00:00, Sys 0 00:00:00  -  Total Local Usage
	3602936  -  Run Bytes Sent By Job
	2804  -  Run Bytes Received By Job
	3602936  -  Total Bytes Sent By Job
	2804  -  Total Bytes Received By Job
	Partitionable Resources :    Usage  Request Allocated 
	   Cpus                 :     0.99        3         3 
	   Disk (KB)            :  3548           3      3277 
	   GPUs                 :                           0 
	   Memory (MB)          :  6175        9000      9000 
	   TimeExecute (s)      :  3189                       
	   TimeSlotBusy (s)     :  3191                       

	Job terminated of its own accord at 2025-06-25T21:39:03Z with exit-code 0.
...
006 (17167635.918.000) 06/25 23:39:28 Image size of job updated: 6358808
	6210  -  MemoryUsage of job (MB)
	6358808  -  ResidentSetSize of job (KB)
...
040 (17167635.908.000) 06/25 23:39:29 Started transferring output files
...
040 (17167635.908.000) 06/25 23:39:29 Finished transferring output files
...
005 (17167635.908.000) 06/25 23:39:29 Job terminated.
	(1) Normal termination (return value 0)
		Usr 0 00:48:06, Sys 0 00:01:33  -  Run Remote Usage
		Usr 0 00:00:00, Sys 0 00:00:00  -  Run Local Usage
		Usr 0 00:48:06, Sys 0 00:01:33  -  Total Remote Usage
		Usr 0 00:00:00, Sys 0 00:00:00  -  Total Local Usage
	3514008  -  Run Bytes Sent By Job
	2804  -  Run Bytes Received By Job
	3514008  -  Total Bytes Sent By Job
	2804  -  Total Bytes Received By Job
	Partitionable Resources :    Usage  Request Allocated 
	   Cpus                 :     0.98        3         3 
	   Disk (KB)            :  3458           3      3635 
	   GPUs                 :                           0 
	   Memory (MB)          :  6309        9000      9000 
	   TimeExecute (s)      :  3130                       
	   TimeSlotBusy (s)     :  3131                       

	Job terminated of its own accord at 2025-06-25T21:39:29Z with exit-code 0.
...
040 (17167635.916.000) 06/25 23:40:12 Started transferring output files
...
040 (17167635.916.000) 06/25 23:40:12 Finished transferring output files
...
005 (17167635.916.000) 06/25 23:40:12 Job terminated.
	(1) Normal termination (return value 0)
		Usr 0 00:48:56, Sys 0 00:00:35  -  Run Remote Usage
		Usr 0 00:00:00, Sys 0 00:00:00  -  Run Local Usage
		Usr 0 00:48:56, Sys 0 00:00:35  -  Total Remote Usage
		Usr 0 00:00:00, Sys 0 00:00:00  -  Total Local Usage
	3596278  -  Run Bytes Sent By Job
	2804  -  Run Bytes Received By Job
	3596278  -  Total Bytes Sent By Job
	2804  -  Total Bytes Received By Job
	Partitionable Resources :    Usage  Request Allocated 
	   Cpus                 :     0.99        3         3 
	   Disk (KB)            :  3539           3      3796 
	   GPUs                 :                           0 
	   Memory (MB)          :  6190        9000      9000 
	   TimeExecute (s)      :  3061                       
	   TimeSlotBusy (s)     :  3063                       

	Job terminated of its own accord at 2025-06-25T21:40:12Z with exit-code 0.
...
040 (17167635.926.000) 06/25 23:40:25 Started transferring output files
...
040 (17167635.926.000) 06/25 23:40:25 Finished transferring output files
...
005 (17167635.926.000) 06/25 23:40:25 Job terminated.
	(1) Normal termination (return value 0)
		Usr 0 00:48:32, Sys 0 00:00:37  -  Run Remote Usage
		Usr 0 00:00:00, Sys 0 00:00:00  -  Run Local Usage
		Usr 0 00:48:32, Sys 0 00:00:37  -  Total Remote Usage
		Usr 0 00:00:00, Sys 0 00:00:00  -  Total Local Usage
	3616380  -  Run Bytes Sent By Job
	2804  -  Run Bytes Received By Job
	3616380  -  Total Bytes Sent By Job
	2804  -  Total Bytes Received By Job
	Partitionable Resources :    Usage  Request Allocated 
	   Cpus                 :     0.98        3         3 
	   Disk (KB)            :  3558           3      3690 
	   GPUs                 :                           0 
	   Memory (MB)          :  6205        9000      9000 
	   TimeExecute (s)      :  3042                       
	   TimeSlotBusy (s)     :  3043                       

	Job terminated of its own accord at 2025-06-25T21:40:25Z with exit-code 0.
...
006 (17167635.888.000) 06/25 23:40:32 Image size of job updated: 6326208
	6178  -  MemoryUsage of job (MB)
	6325884  -  ResidentSetSize of job (KB)
...
040 (17167635.887.000) 06/25 23:40:43 Started transferring output files
...
040 (17167635.887.000) 06/25 23:40:43 Finished transferring output files
...
005 (17167635.887.000) 06/25 23:40:43 Job terminated.
	(1) Normal termination (return value 0)
		Usr 0 00:54:02, Sys 0 00:00:28  -  Run Remote Usage
		Usr 0 00:00:00, Sys 0 00:00:00  -  Run Local Usage
		Usr 0 00:54:02, Sys 0 00:00:28  -  Total Remote Usage
		Usr 0 00:00:00, Sys 0 00:00:00  -  Total Local Usage
	3582348  -  Run Bytes Sent By Job
	2804  -  Run Bytes Received By Job
	3582348  -  Total Bytes Sent By Job
	2804  -  Total Bytes Received By Job
	Partitionable Resources :    Usage  Request Allocated 
	   Cpus                 :     0.98        3         3 
	   Disk (KB)            :  3525           3      3607 
	   GPUs                 :                           0 
	   Memory (MB)          :  6168        9000      9000 
	   TimeExecute (s)      :  3377                       
	   TimeSlotBusy (s)     :  3379                       

	Job terminated of its own accord at 2025-06-25T21:40:43Z with exit-code 0.
...
006 (17167635.816.000) 06/25 23:41:21 Image size of job updated: 6311220
	6164  -  MemoryUsage of job (MB)
	6311220  -  ResidentSetSize of job (KB)
...
040 (17167635.877.000) 06/25 23:42:44 Started transferring output files
...
040 (17167635.877.000) 06/25 23:42:44 Finished transferring output files
...
005 (17167635.877.000) 06/25 23:42:44 Job terminated.
	(1) Normal termination (return value 0)
		Usr 0 00:57:11, Sys 0 00:00:29  -  Run Remote Usage
		Usr 0 00:00:00, Sys 0 00:00:00  -  Run Local Usage
		Usr 0 00:57:11, Sys 0 00:00:29  -  Total Remote Usage
		Usr 0 00:00:00, Sys 0 00:00:00  -  Total Local Usage
	3567685  -  Run Bytes Sent By Job
	2804  -  Run Bytes Received By Job
	3567685  -  Total Bytes Sent By Job
	2804  -  Total Bytes Received By Job
	Partitionable Resources :    Usage  Request Allocated 
	   Cpus                 :     0.98        3         3 
	   Disk (KB)            :  3513           3      3614 
	   GPUs                 :                           0 
	   Memory (MB)          :  6177        9000      9000 
	   TimeExecute (s)      :  3563                       
	   TimeSlotBusy (s)     :  3565                       

	Job terminated of its own accord at 2025-06-25T21:42:44Z with exit-code 0.
...
040 (17167635.913.000) 06/25 23:43:12 Started transferring output files
...
040 (17167635.913.000) 06/25 23:43:12 Finished transferring output files
...
005 (17167635.913.000) 06/25 23:43:12 Job terminated.
	(1) Normal termination (return value 0)
		Usr 0 00:52:39, Sys 0 00:00:29  -  Run Remote Usage
		Usr 0 00:00:00, Sys 0 00:00:00  -  Run Local Usage
		Usr 0 00:52:39, Sys 0 00:00:29  -  Total Remote Usage
		Usr 0 00:00:00, Sys 0 00:00:00  -  Total Local Usage
	3613103  -  Run Bytes Sent By Job
	2804  -  Run Bytes Received By Job
	3613103  -  Total Bytes Sent By Job
	2804  -  Total Bytes Received By Job
	Partitionable Resources :    Usage  Request Allocated 
	   Cpus                 :     0.99        3         3 
	   Disk (KB)            :  3555           3      3666 
	   GPUs                 :                           0 
	   Memory (MB)          :  6165        9000      9000 
	   TimeExecute (s)      :  3275                       
	   TimeSlotBusy (s)     :  3276                       

	Job terminated of its own accord at 2025-06-25T21:43:12Z with exit-code 0.
...
006 (17167635.922.000) 06/25 23:44:45 Image size of job updated: 6344320
	6196  -  MemoryUsage of job (MB)
	6344320  -  ResidentSetSize of job (KB)
...
040 (17167635.888.000) 06/25 23:45:02 Started transferring output files
...
040 (17167635.888.000) 06/25 23:45:03 Finished transferring output files
...
005 (17167635.888.000) 06/25 23:45:03 Job terminated.
	(1) Normal termination (return value 0)
		Usr 0 00:57:26, Sys 0 00:00:40  -  Run Remote Usage
		Usr 0 00:00:00, Sys 0 00:00:00  -  Run Local Usage
		Usr 0 00:57:26, Sys 0 00:00:40  -  Total Remote Usage
		Usr 0 00:00:00, Sys 0 00:00:00  -  Total Local Usage
	3591257  -  Run Bytes Sent By Job
	2804  -  Run Bytes Received By Job
	3591257  -  Total Bytes Sent By Job
	2804  -  Total Bytes Received By Job
	Partitionable Resources :    Usage  Request Allocated 
	   Cpus                 :     0.98        3         3 
	   Disk (KB)            :  3536           3      3381 
	   GPUs                 :                           0 
	   Memory (MB)          :  6178        9000      9000 
	   TimeExecute (s)      :  3587                       
	   TimeSlotBusy (s)     :  3590                       

	Job terminated of its own accord at 2025-06-25T21:45:02Z with exit-code 0.
...
040 (17167635.918.000) 06/25 23:47:28 Started transferring output files
...
040 (17167635.918.000) 06/25 23:47:28 Finished transferring output files
...
005 (17167635.918.000) 06/25 23:47:28 Job terminated.
	(1) Normal termination (return value 0)
		Usr 0 00:56:51, Sys 0 00:00:18  -  Run Remote Usage
		Usr 0 00:00:00, Sys 0 00:00:00  -  Run Local Usage
		Usr 0 00:56:51, Sys 0 00:00:18  -  Total Remote Usage
		Usr 0 00:00:00, Sys 0 00:00:00  -  Total Local Usage
	3588875  -  Run Bytes Sent By Job
	2804  -  Run Bytes Received By Job
	3588875  -  Total Bytes Sent By Job
	2804  -  Total Bytes Received By Job
	Partitionable Resources :    Usage  Request Allocated 
	   Cpus                 :     1.00        3         3 
	   Disk (KB)            :  3531           3      3793 
	   GPUs                 :                           0 
	   Memory (MB)          :  6210        9000      9000 
	   TimeExecute (s)      :  3494                       
	   TimeSlotBusy (s)     :  3495                       

	Job terminated of its own accord at 2025-06-25T21:47:28Z with exit-code 0.
...
006 (17167635.816.000) 06/25 23:51:22 Image size of job updated: 6311548
	6164  -  MemoryUsage of job (MB)
	6311220  -  ResidentSetSize of job (KB)
...
040 (17167635.922.000) 06/25 23:54:01 Started transferring output files
...
040 (17167635.922.000) 06/25 23:54:01 Finished transferring output files
...
005 (17167635.922.000) 06/25 23:54:01 Job terminated.
	(1) Normal termination (return value 0)
		Usr 0 01:03:10, Sys 0 00:00:19  -  Run Remote Usage
		Usr 0 00:00:00, Sys 0 00:00:00  -  Run Local Usage
		Usr 0 01:03:10, Sys 0 00:00:19  -  Total Remote Usage
		Usr 0 00:00:00, Sys 0 00:00:00  -  Total Local Usage
	3620618  -  Run Bytes Sent By Job
	2804  -  Run Bytes Received By Job
	3620618  -  Total Bytes Sent By Job
	2804  -  Total Bytes Received By Job
	Partitionable Resources :    Usage  Request Allocated 
	   Cpus                 :     0.99        3         3 
	   Disk (KB)            :  3562           3      3762 
	   GPUs                 :                           0 
	   Memory (MB)          :  6196        9000      9000 
	   TimeExecute (s)      :  3870                       
	   TimeSlotBusy (s)     :  3871                       

	Job terminated of its own accord at 2025-06-25T21:54:01Z with exit-code 0.
...
040 (17167635.914.000) 06/25 23:54:02 Started transferring output files
...
040 (17167635.914.000) 06/25 23:54:02 Finished transferring output files
...
005 (17167635.914.000) 06/25 23:54:02 Job terminated.
	(1) Normal termination (return value 0)
		Usr 0 01:03:38, Sys 0 00:00:29  -  Run Remote Usage
		Usr 0 00:00:00, Sys 0 00:00:00  -  Run Local Usage
		Usr 0 01:03:38, Sys 0 00:00:29  -  Total Remote Usage
		Usr 0 00:00:00, Sys 0 00:00:00  -  Total Local Usage
	3585147  -  Run Bytes Sent By Job
	2804  -  Run Bytes Received By Job
	3585147  -  Total Bytes Sent By Job
	2804  -  Total Bytes Received By Job
	Partitionable Resources :    Usage  Request Allocated 
	   Cpus                 :     0.99        3         3 
	   Disk (KB)            :  3528           3      3800 
	   GPUs                 :                           0 
	   Memory (MB)          :  6213        9000      9000 
	   TimeExecute (s)      :  3915                       
	   TimeSlotBusy (s)     :  3916                       

	Job terminated of its own accord at 2025-06-25T21:54:02Z with exit-code 0.
...
040 (17167635.816.000) 06/25 23:58:54 Started transferring output files
...
040 (17167635.816.000) 06/25 23:58:54 Finished transferring output files
...
005 (17167635.816.000) 06/25 23:58:54 Job terminated.
	(1) Normal termination (return value 0)
		Usr 0 01:28:15, Sys 0 00:01:13  -  Run Remote Usage
		Usr 0 00:00:00, Sys 0 00:00:00  -  Run Local Usage
		Usr 0 01:28:15, Sys 0 00:01:13  -  Total Remote Usage
		Usr 0 00:00:00, Sys 0 00:00:00  -  Total Local Usage
	3541259  -  Run Bytes Sent By Job
	2804  -  Run Bytes Received By Job
	3541259  -  Total Bytes Sent By Job
	2804  -  Total Bytes Received By Job
	Partitionable Resources :    Usage  Request Allocated 
	   Cpus                 :     0.98        3         3 
	   Disk (KB)            :  3484           3      2588 
	   GPUs                 :                           0 
	   Memory (MB)          :  6164        9000      9000 
	   TimeExecute (s)      :  5574                       
	   TimeSlotBusy (s)     :  5576                       

	Job terminated of its own accord at 2025-06-25T21:58:54Z with exit-code 0.
...
009 (17167635.758.000) 06/26 00:16:07 Job was aborted.
	via condor_rm (by user adevita)
...
009 (17167635.771.000) 06/26 00:16:07 Job was aborted.
	via condor_rm (by user adevita)
...
009 (17167635.350.000) 06/26 00:16:16 Job was aborted.
	via condor_rm (by user adevita)
...
009 (17167635.554.000) 06/26 00:18:52 Job was aborted.
	via condor_rm (by user adevita)
...
009 (17167635.637.000) 06/26 00:18:53 Job was aborted.
	via condor_rm (by user adevita)
...
